-- MySQL dump 10.13  Distrib 5.5.62, for debian-linux-gnu (x86_64)
--
-- Host: localhost    Database: symfony
-- ------------------------------------------------------
-- Server version	5.5.62-0ubuntu0.14.04.1-log

/*!40101 SET @OLD_CHARACTER_SET_CLIENT=@@CHARACTER_SET_CLIENT */;
/*!40101 SET @OLD_CHARACTER_SET_RESULTS=@@CHARACTER_SET_RESULTS */;
/*!40101 SET @OLD_COLLATION_CONNECTION=@@COLLATION_CONNECTION */;
/*!40101 SET NAMES utf8 */;
/*!40103 SET @OLD_TIME_ZONE=@@TIME_ZONE */;
/*!40103 SET TIME_ZONE='+00:00' */;
/*!40014 SET @OLD_UNIQUE_CHECKS=@@UNIQUE_CHECKS, UNIQUE_CHECKS=0 */;
/*!40014 SET @OLD_FOREIGN_KEY_CHECKS=@@FOREIGN_KEY_CHECKS, FOREIGN_KEY_CHECKS=0 */;
/*!40101 SET @OLD_SQL_MODE=@@SQL_MODE, SQL_MODE='NO_AUTO_VALUE_ON_ZERO' */;
/*!40111 SET @OLD_SQL_NOTES=@@SQL_NOTES, SQL_NOTES=0 */;

--
-- Table structure for table `AdminResumeFolder`
--

DROP TABLE IF EXISTS `AdminResumeFolder`;
/*!40101 SET @saved_cs_client     = @@character_set_client */;
/*!40101 SET character_set_client = utf8 */;
CREATE TABLE `AdminResumeFolder` (
  `id` int(11) NOT NULL AUTO_INCREMENT,
  `name` varchar(255) COLLATE utf8_unicode_ci NOT NULL,
  `admin_id` int(11) NOT NULL,
  PRIMARY KEY (`id`),
  UNIQUE KEY `UNIQ_8F432FA642B82105E237E06` (`admin_id`,`name`),
  KEY `idx_admin_id` (`admin_id`)
) ENGINE=InnoDB DEFAULT CHARSET=utf8 COLLATE=utf8_unicode_ci;
/*!40101 SET character_set_client = @saved_cs_client */;

--
-- Dumping data for table `AdminResumeFolder`
--

LOCK TABLES `AdminResumeFolder` WRITE;
/*!40000 ALTER TABLE `AdminResumeFolder` DISABLE KEYS */;
/*!40000 ALTER TABLE `AdminResumeFolder` ENABLE KEYS */;
UNLOCK TABLES;

--
-- Table structure for table `AdminSavedResume`
--

DROP TABLE IF EXISTS `AdminSavedResume`;
/*!40101 SET @saved_cs_client     = @@character_set_client */;
/*!40101 SET character_set_client = utf8 */;
CREATE TABLE `AdminSavedResume` (
  `id` int(11) NOT NULL AUTO_INCREMENT,
  `resume_folder_id` int(11) DEFAULT NULL,
  `resume_id` int(11) DEFAULT NULL,
  `admin_id` int(11) NOT NULL,
  `is_starred` tinyint(1) NOT NULL,
  `back_office_resume_id` int(11) DEFAULT NULL,
  `back_office_doc_resume_id` int(11) DEFAULT NULL,
  `external_resume_id` varchar(255) COLLATE utf8_unicode_ci DEFAULT NULL,
  PRIMARY KEY (`id`),
  UNIQUE KEY `UNIQ_BA504044642B8210D262AF09` (`admin_id`,`resume_id`),
  UNIQUE KEY `UNIQ_BA504044642B8210FAF48216` (`admin_id`,`back_office_resume_id`),
  UNIQUE KEY `UNIQ_BA504044642B82104FB8474` (`admin_id`,`back_office_doc_resume_id`),
  UNIQUE KEY `UNIQ_BA504044642B8210F639001D` (`admin_id`,`external_resume_id`),
  KEY `IDX_BA504044DB5558FB` (`resume_folder_id`),
  KEY `IDX_BA504044D262AF09` (`resume_id`),
  CONSTRAINT `FK_BA504044D262AF09` FOREIGN KEY (`resume_id`) REFERENCES `Resume` (`id`),
  CONSTRAINT `FK_BA504044DB5558FB` FOREIGN KEY (`resume_folder_id`) REFERENCES `AdminResumeFolder` (`id`)
) ENGINE=InnoDB DEFAULT CHARSET=utf8 COLLATE=utf8_unicode_ci;
/*!40101 SET character_set_client = @saved_cs_client */;

--
-- Dumping data for table `AdminSavedResume`
--

LOCK TABLES `AdminSavedResume` WRITE;
/*!40000 ALTER TABLE `AdminSavedResume` DISABLE KEYS */;
/*!40000 ALTER TABLE `AdminSavedResume` ENABLE KEYS */;
UNLOCK TABLES;

--
-- Table structure for table `Advertisement`
--

DROP TABLE IF EXISTS `Advertisement`;
/*!40101 SET @saved_cs_client     = @@character_set_client */;
/*!40101 SET character_set_client = utf8 */;
CREATE TABLE `Advertisement` (
  `id` int(11) NOT NULL AUTO_INCREMENT,
  `advertisement_view_info_id` int(11) DEFAULT NULL,
  `isActive` tinyint(1) NOT NULL,
  `isSwf` tinyint(1) NOT NULL,
  `name` varchar(255) COLLATE utf8_unicode_ci NOT NULL,
  `href` varchar(255) COLLATE utf8_unicode_ci NOT NULL,
  `width` varchar(255) COLLATE utf8_unicode_ci NOT NULL,
  `height` varchar(255) COLLATE utf8_unicode_ci NOT NULL,
  `uploadId` varchar(255) COLLATE utf8_unicode_ci DEFAULT NULL,
  `description` varchar(255) COLLATE utf8_unicode_ci NOT NULL,
  `sort` int(11) NOT NULL,
  `displayStatus` char(1) COLLATE utf8_unicode_ci NOT NULL,
  `dateFrom` date DEFAULT NULL,
  `dateTo` date DEFAULT NULL,
  `siteId` int(11) NOT NULL,
  PRIMARY KEY (`id`),
  UNIQUE KEY `UNIQ_7A21211BD77BCDB2` (`advertisement_view_info_id`),
  CONSTRAINT `FK_7A21211BD77BCDB2` FOREIGN KEY (`advertisement_view_info_id`) REFERENCES `AdvertisementViewInfo` (`id`)
) ENGINE=InnoDB AUTO_INCREMENT=10 DEFAULT CHARSET=utf8 COLLATE=utf8_unicode_ci;
/*!40101 SET character_set_client = @saved_cs_client */;

--
-- Dumping data for table `Advertisement`
--

LOCK TABLES `Advertisement` WRITE;
/*!40000 ALTER TABLE `Advertisement` DISABLE KEYS */;
INSERT INTO `Advertisement` VALUES (1,1,0,0,'Esuhai','http://www.careerlink.vn','300','157','1906ac2481d1c196dc6be157f1a5dbd9','Esuhai',110,'A',NULL,NULL,1),(2,2,0,0,'Trường Đại Học Việt Đức','http://www.careerlink.vn','300','157','27c85f51f37c79824b40c423f7d5680f','Trường Đại Học Việt Đức',112,'A',NULL,NULL,1),(3,3,0,0,'Truyen Thong Ngoc Lua ( Flame Media)','http://www.careerlink.vn','300','157','5694f23cc8599a11b646f0843f3a5a8b','Truyen Thong Ngoc Lua ( Flame Media)',115,'A','2020-03-29','2020-04-19',1),(4,4,1,0,'Home Credit','http://www.careerlink.vn','300','157','ce82252c570124b75832d9f4556ef624','Home Credit',117,'A','2020-03-30','2020-04-19',1),(5,5,0,0,'Đầu Tư Và Công Nghệ Đại Việt','http://www.careerlink.vn','300','157','f466d995bd11e4606e39b8c746a6b12e','Đầu Tư Và Công Nghệ Đại Việt',120,'A','2020-04-08','2020-05-17',1),(6,6,0,0,'One Chang Vina','http://www.careerlink.vn','300','157','c142003011f7b3a893a3e85877dac290','One Chang Vina',125,'A','2020-04-13','2020-06-04',1),(7,7,0,0,'HD Saison','http://www.careerlink.vn','300','157','167e9ab7bc7e9831f2808319edef43e2','HD Saison',127,'A','2020-04-30','2020-05-23',1),(8,8,0,0,'HD Saison','http://www.careerlink.vn','300','157','ef2de2d346ba7d126dbdd3109276b56b','HD Saison',129,'A','2020-04-10','2020-05-07',1),(9,9,1,0,'vietcv.io','https://vietcv.io','300','250','f81e83e83a28bf9ec9f3d55e7d2b5880','vietcv.io',100,'A','2020-05-06','2020-05-16',1);
/*!40000 ALTER TABLE `Advertisement` ENABLE KEYS */;
UNLOCK TABLES;

--
-- Table structure for table `AdvertisementPosition`
--

DROP TABLE IF EXISTS `AdvertisementPosition`;
/*!40101 SET @saved_cs_client     = @@character_set_client */;
/*!40101 SET character_set_client = utf8 */;
CREATE TABLE `AdvertisementPosition` (
  `id` int(11) NOT NULL AUTO_INCREMENT,
  `name` varchar(255) COLLATE utf8_unicode_ci NOT NULL,
  PRIMARY KEY (`id`)
) ENGINE=InnoDB AUTO_INCREMENT=12 DEFAULT CHARSET=utf8 COLLATE=utf8_unicode_ci;
/*!40101 SET character_set_client = @saved_cs_client */;

--
-- Dumping data for table `AdvertisementPosition`
--

LOCK TABLES `AdvertisementPosition` WRITE;
/*!40000 ALTER TABLE `AdvertisementPosition` DISABLE KEYS */;
INSERT INTO `AdvertisementPosition` VALUES (1,'HEADER'),(2,'FOOTER'),(3,'LEFT'),(4,'BOTTOM'),(5,'RIGHT TOP'),(6,'RIGHT BOTTOM'),(7,'SUBHEADER'),(8,'SUBFOOTER'),(9,'VNE RIGHT TOP'),(10,'VNE RIGHT BOTTOM'),(11,'NO LOCATION');
/*!40000 ALTER TABLE `AdvertisementPosition` ENABLE KEYS */;
UNLOCK TABLES;

--
-- Table structure for table `AdvertisementViewInfo`
--

DROP TABLE IF EXISTS `AdvertisementViewInfo`;
/*!40101 SET @saved_cs_client     = @@character_set_client */;
/*!40101 SET character_set_client = utf8 */;
CREATE TABLE `AdvertisementViewInfo` (
  `id` int(11) NOT NULL AUTO_INCREMENT,
  `count` int(11) NOT NULL,
  PRIMARY KEY (`id`)
) ENGINE=InnoDB AUTO_INCREMENT=10 DEFAULT CHARSET=utf8 COLLATE=utf8_unicode_ci;
/*!40101 SET character_set_client = @saved_cs_client */;

--
-- Dumping data for table `AdvertisementViewInfo`
--

LOCK TABLES `AdvertisementViewInfo` WRITE;
/*!40000 ALTER TABLE `AdvertisementViewInfo` DISABLE KEYS */;
INSERT INTO `AdvertisementViewInfo` VALUES (1,0),(2,0),(3,0),(4,0),(5,0),(6,0),(7,0),(8,0),(9,0);
/*!40000 ALTER TABLE `AdvertisementViewInfo` ENABLE KEYS */;
UNLOCK TABLES;

--
-- Table structure for table `Advertisements_AdvertisementPositions`
--

DROP TABLE IF EXISTS `Advertisements_AdvertisementPositions`;
/*!40101 SET @saved_cs_client     = @@character_set_client */;
/*!40101 SET character_set_client = utf8 */;
CREATE TABLE `Advertisements_AdvertisementPositions` (
  `advertisement_id` int(11) NOT NULL,
  `advertisement_position_id` int(11) NOT NULL,
  PRIMARY KEY (`advertisement_id`,`advertisement_position_id`),
  KEY `IDX_10D9A0F0A1FBF71B` (`advertisement_id`),
  KEY `IDX_10D9A0F0CC9DEA24` (`advertisement_position_id`),
  CONSTRAINT `FK_10D9A0F0A1FBF71B` FOREIGN KEY (`advertisement_id`) REFERENCES `Advertisement` (`id`),
  CONSTRAINT `FK_10D9A0F0CC9DEA24` FOREIGN KEY (`advertisement_position_id`) REFERENCES `AdvertisementPosition` (`id`)
) ENGINE=InnoDB DEFAULT CHARSET=utf8 COLLATE=utf8_unicode_ci;
/*!40101 SET character_set_client = @saved_cs_client */;

--
-- Dumping data for table `Advertisements_AdvertisementPositions`
--

LOCK TABLES `Advertisements_AdvertisementPositions` WRITE;
/*!40000 ALTER TABLE `Advertisements_AdvertisementPositions` DISABLE KEYS */;
INSERT INTO `Advertisements_AdvertisementPositions` VALUES (1,4),(2,4),(3,6),(4,6),(5,5),(6,5),(7,5),(8,5),(9,5);
/*!40000 ALTER TABLE `Advertisements_AdvertisementPositions` ENABLE KEYS */;
UNLOCK TABLES;

--
-- Table structure for table `Application`
--

DROP TABLE IF EXISTS `Application`;
/*!40101 SET @saved_cs_client     = @@character_set_client */;
/*!40101 SET character_set_client = utf8 */;
CREATE TABLE `Application` (
  `id` int(11) NOT NULL AUTO_INCREMENT,
  `job_id` int(11) DEFAULT NULL,
  `resume_id` int(11) DEFAULT NULL,
  `archived_resume_id` int(11) DEFAULT NULL,
  `cover_letter_id` int(11) DEFAULT NULL,
  `postType` char(1) COLLATE utf8_unicode_ci NOT NULL,
  `status` char(1) COLLATE utf8_unicode_ci NOT NULL,
  `subject` varchar(255) COLLATE utf8_unicode_ci NOT NULL,
  `fullName` varchar(255) COLLATE utf8_unicode_ci NOT NULL,
  `fromHost` char(1) COLLATE utf8_unicode_ci NOT NULL,
  `jobseeker_id` int(11) DEFAULT NULL,
  `created_attachment_resume_id` int(11) DEFAULT NULL,
  `back_office_resume_id` int(11) DEFAULT NULL,
  `appliedAt` datetime DEFAULT NULL,
  `fileId` varchar(255) COLLATE utf8_unicode_ci DEFAULT NULL,
  `siteId` int(11) NOT NULL,
  PRIMARY KEY (`id`),
  UNIQUE KEY `UNIQ_22C752164CF2B5A9BE04EA9` (`jobseeker_id`,`job_id`),
  KEY `IDX_22C75216BE04EA9` (`job_id`),
  KEY `IDX_22C75216D262AF09` (`resume_id`),
  KEY `IDX_22C75216562614A9` (`archived_resume_id`),
  KEY `IDX_22C75216B944729C` (`cover_letter_id`),
  CONSTRAINT `FK_22C75216562614A9` FOREIGN KEY (`archived_resume_id`) REFERENCES `ArchivedResume` (`id`),
  CONSTRAINT `FK_22C75216B944729C` FOREIGN KEY (`cover_letter_id`) REFERENCES `CoverLetter` (`id`),
  CONSTRAINT `FK_22C75216BE04EA9` FOREIGN KEY (`job_id`) REFERENCES `Job` (`id`),
  CONSTRAINT `FK_22C75216D262AF09` FOREIGN KEY (`resume_id`) REFERENCES `Resume` (`id`)
) ENGINE=InnoDB AUTO_INCREMENT=2 DEFAULT CHARSET=utf8 COLLATE=utf8_unicode_ci;
/*!40101 SET character_set_client = @saved_cs_client */;

--
-- Dumping data for table `Application`
--

LOCK TABLES `Application` WRITE;
/*!40000 ALTER TABLE `Application` DISABLE KEYS */;
INSERT INTO `Application` VALUES (1,50,NULL,NULL,NULL,'U','A','Nguyễn Thị Hà 1 da nop ho so cho #50 Nhân Viên Kinh Doanh Các Quận 5, 6, 8, Bình Tân, Bình Chánh','Nguyễn Thị Hà 1','C',1,NULL,1,'2020-08-23 03:05:16','0f662a0a3532c7ef654c2e9a44243ced',1);
/*!40000 ALTER TABLE `Application` ENABLE KEYS */;
UNLOCK TABLES;

--
-- Table structure for table `ArchivedResume`
--

DROP TABLE IF EXISTS `ArchivedResume`;
/*!40101 SET @saved_cs_client     = @@character_set_client */;
/*!40101 SET character_set_client = utf8 */;
CREATE TABLE `ArchivedResume` (
  `id` int(11) NOT NULL AUTO_INCREMENT,
  `resume_view_info_id` int(11) DEFAULT NULL,
  `district_id` int(11) DEFAULT NULL,
  `province_id` int(11) DEFAULT NULL,
  `country_id` int(11) DEFAULT NULL,
  `highest_education_level_id` int(11) DEFAULT NULL,
  `language1_id` int(11) DEFAULT NULL,
  `language2_id` int(11) DEFAULT NULL,
  `language3_id` int(11) DEFAULT NULL,
  `latest_work_experience_id` int(11) DEFAULT NULL,
  `most_recent_province_id` int(11) DEFAULT NULL,
  `most_recent_country_id` int(11) DEFAULT NULL,
  `siteId` int(11) NOT NULL,
  `jobseeker_id` int(11) DEFAULT NULL,
  `title` varchar(255) COLLATE utf8_unicode_ci NOT NULL,
  `type` char(1) COLLATE utf8_unicode_ci DEFAULT NULL,
  `fromHost` char(1) COLLATE utf8_unicode_ci NOT NULL,
  `origId` int(11) DEFAULT NULL,
  `externalResumeId` varchar(255) COLLATE utf8_unicode_ci DEFAULT NULL,
  `uploadedContent` longtext COLLATE utf8_unicode_ci,
  `desireJobTitle` varchar(255) COLLATE utf8_unicode_ci DEFAULT NULL,
  `desireCareerLevel` char(1) COLLATE utf8_unicode_ci DEFAULT NULL,
  `positionType` char(1) COLLATE utf8_unicode_ci DEFAULT NULL,
  `careerObjective` longtext COLLATE utf8_unicode_ci,
  `willRelocate` tinyint(1) DEFAULT NULL,
  `willTravel` tinyint(1) DEFAULT NULL,
  `address` varchar(255) COLLATE utf8_unicode_ci DEFAULT NULL,
  `txtProvince` varchar(255) COLLATE utf8_unicode_ci DEFAULT NULL,
  `phone` varchar(255) COLLATE utf8_unicode_ci DEFAULT NULL,
  `mobile` varchar(255) COLLATE utf8_unicode_ci DEFAULT NULL,
  `email` varchar(255) COLLATE utf8_unicode_ci NOT NULL,
  `hideAddress` tinyint(1) NOT NULL,
  `hidePhone` tinyint(1) NOT NULL,
  `hideMobile` tinyint(1) NOT NULL,
  `hideEmail` tinyint(1) NOT NULL,
  `highestEducationLevelLevel` int(11) DEFAULT NULL,
  `language1Level` int(11) DEFAULT NULL,
  `language2Level` int(11) DEFAULT NULL,
  `language3Level` int(11) DEFAULT NULL,
  `fullName` varchar(255) COLLATE utf8_unicode_ci NOT NULL,
  `gender` char(1) COLLATE utf8_unicode_ci NOT NULL,
  `birthDate` date DEFAULT NULL,
  `maritalStatus` char(1) COLLATE utf8_unicode_ci DEFAULT NULL,
  `nationality` char(1) COLLATE utf8_unicode_ci DEFAULT NULL,
  `hideFullName` tinyint(1) NOT NULL,
  `hideBirthday` tinyint(1) NOT NULL,
  `hidePicture` tinyint(1) NOT NULL,
  `reference` longtext COLLATE utf8_unicode_ci,
  `currentSalary` int(11) DEFAULT NULL,
  `salaryType` char(1) COLLATE utf8_unicode_ci DEFAULT NULL,
  `salaryFrom` bigint(20) DEFAULT NULL,
  `salaryTo` bigint(20) DEFAULT NULL,
  `skill` longtext COLLATE utf8_unicode_ci,
  `workExperience` longtext COLLATE utf8_unicode_ci,
  `totalWorkExperience` int(11) DEFAULT NULL,
  `latestJobTitleName` varchar(255) COLLATE utf8_unicode_ci DEFAULT NULL,
  `mostRecentEmployer` longtext COLLATE utf8_unicode_ci,
  `mostRecentJobTitle` longtext COLLATE utf8_unicode_ci,
  `hideRecentEmployer` tinyint(1) NOT NULL,
  `isSearchAllowed` tinyint(1) NOT NULL,
  `isSearchable` tinyint(1) NOT NULL,
  `status` char(1) COLLATE utf8_unicode_ci NOT NULL,
  `isHot` tinyint(1) NOT NULL,
  `isDeleted` tinyint(1) NOT NULL,
  `isArchived` tinyint(1) NOT NULL,
  `createdAt` datetime DEFAULT NULL,
  `modifiedAt` datetime NOT NULL,
  `updatedAt` datetime NOT NULL,
  `content` longtext COLLATE utf8_unicode_ci,
  `contentMasked` longtext COLLATE utf8_unicode_ci,
  `uploadId` varchar(255) COLLATE utf8_unicode_ci DEFAULT NULL,
  `origFileName` varchar(255) COLLATE utf8_unicode_ci DEFAULT NULL,
  `isSuccessfullyExtracted` tinyint(1) DEFAULT NULL,
  `languageDetection` longtext COLLATE utf8_unicode_ci,
  `pdfContent` longblob,
  `pdfMaskedContent` longblob,
  `mostRecentSalary` int(11) DEFAULT NULL,
  `mostRecentStart` date DEFAULT NULL,
  `mostRecentEnd` date DEFAULT NULL,
  `mostRecentTxtProvince` varchar(255) COLLATE utf8_unicode_ci DEFAULT NULL,
  `careerLevel` char(1) COLLATE utf8_unicode_ci DEFAULT NULL,
  `currentSalaryMoney_id` int(11) DEFAULT NULL,
  `salaryFromMoney_id` int(11) DEFAULT NULL,
  `salaryToMoney_id` int(11) DEFAULT NULL,
  `mostRecentSalaryMoney_id` int(11) DEFAULT NULL,
  PRIMARY KEY (`id`),
  UNIQUE KEY `UNIQ_FD6848F3D0E51A65` (`resume_view_info_id`),
  UNIQUE KEY `UNIQ_FD6848F3CD0AA648` (`latest_work_experience_id`),
  KEY `IDX_FD6848F3B08FA272` (`district_id`),
  KEY `IDX_FD6848F3E946114A` (`province_id`),
  KEY `IDX_FD6848F3F92F3E70` (`country_id`),
  KEY `IDX_FD6848F3AB0242BA` (`highest_education_level_id`),
  KEY `IDX_FD6848F36C3EEA2C` (`language1_id`),
  KEY `IDX_FD6848F37E8B45C2` (`language2_id`),
  KEY `IDX_FD6848F3C63722A7` (`language3_id`),
  KEY `IDX_FD6848F3D6D9A8DF` (`currentSalaryMoney_id`),
  KEY `IDX_FD6848F334DD95D5` (`salaryFromMoney_id`),
  KEY `IDX_FD6848F3C9DB5A23` (`salaryToMoney_id`),
  KEY `IDX_FD6848F3347FC4CC` (`mostRecentSalaryMoney_id`),
  KEY `IDX_FD6848F36499B656` (`most_recent_province_id`),
  KEY `IDX_FD6848F32E85D76F` (`most_recent_country_id`),
  KEY `idx_jobseeker_id` (`jobseeker_id`),
  CONSTRAINT `FK_FD6848F32E85D76F` FOREIGN KEY (`most_recent_country_id`) REFERENCES `Country` (`id`),
  CONSTRAINT `FK_FD6848F3347FC4CC` FOREIGN KEY (`mostRecentSalaryMoney_id`) REFERENCES `Money` (`id`),
  CONSTRAINT `FK_FD6848F334DD95D5` FOREIGN KEY (`salaryFromMoney_id`) REFERENCES `Money` (`id`),
  CONSTRAINT `FK_FD6848F36499B656` FOREIGN KEY (`most_recent_province_id`) REFERENCES `Province` (`id`),
  CONSTRAINT `FK_FD6848F36C3EEA2C` FOREIGN KEY (`language1_id`) REFERENCES `Language` (`id`),
  CONSTRAINT `FK_FD6848F37E8B45C2` FOREIGN KEY (`language2_id`) REFERENCES `Language` (`id`),
  CONSTRAINT `FK_FD6848F3AB0242BA` FOREIGN KEY (`highest_education_level_id`) REFERENCES `EducationLevel` (`id`),
  CONSTRAINT `FK_FD6848F3B08FA272` FOREIGN KEY (`district_id`) REFERENCES `District` (`id`),
  CONSTRAINT `FK_FD6848F3C63722A7` FOREIGN KEY (`language3_id`) REFERENCES `Language` (`id`),
  CONSTRAINT `FK_FD6848F3C9DB5A23` FOREIGN KEY (`salaryToMoney_id`) REFERENCES `Money` (`id`),
  CONSTRAINT `FK_FD6848F3CD0AA648` FOREIGN KEY (`latest_work_experience_id`) REFERENCES `ArchivedResumeWorkExperience` (`id`) ON DELETE SET NULL,
  CONSTRAINT `FK_FD6848F3D0E51A65` FOREIGN KEY (`resume_view_info_id`) REFERENCES `ArchivedResumeViewInfo` (`id`),
  CONSTRAINT `FK_FD6848F3D6D9A8DF` FOREIGN KEY (`currentSalaryMoney_id`) REFERENCES `Money` (`id`),
  CONSTRAINT `FK_FD6848F3E946114A` FOREIGN KEY (`province_id`) REFERENCES `Province` (`id`),
  CONSTRAINT `FK_FD6848F3F92F3E70` FOREIGN KEY (`country_id`) REFERENCES `Country` (`id`)
) ENGINE=InnoDB DEFAULT CHARSET=utf8 COLLATE=utf8_unicode_ci;
/*!40101 SET character_set_client = @saved_cs_client */;

--
-- Dumping data for table `ArchivedResume`
--

LOCK TABLES `ArchivedResume` WRITE;
/*!40000 ALTER TABLE `ArchivedResume` DISABLE KEYS */;
/*!40000 ALTER TABLE `ArchivedResume` ENABLE KEYS */;
UNLOCK TABLES;

--
-- Table structure for table `ArchivedResumeEducation`
--

DROP TABLE IF EXISTS `ArchivedResumeEducation`;
/*!40101 SET @saved_cs_client     = @@character_set_client */;
/*!40101 SET character_set_client = utf8 */;
CREATE TABLE `ArchivedResumeEducation` (
  `id` int(11) NOT NULL AUTO_INCREMENT,
  `resume_id` int(11) DEFAULT NULL,
  `school_id` int(11) DEFAULT NULL,
  `education_level_id` int(11) DEFAULT NULL,
  `major_id` int(11) DEFAULT NULL,
  `major_language_id` int(11) DEFAULT NULL,
  `country_id` int(11) DEFAULT NULL,
  `schoolName` varchar(255) COLLATE utf8_unicode_ci DEFAULT NULL,
  `majorName` varchar(255) COLLATE utf8_unicode_ci DEFAULT NULL,
  `startDate` date DEFAULT NULL,
  `endDate` date DEFAULT NULL,
  `educationDescription` longtext COLLATE utf8_unicode_ci,
  `sort` int(11) NOT NULL,
  PRIMARY KEY (`id`),
  KEY `IDX_1DADF233D262AF09` (`resume_id`),
  KEY `IDX_1DADF233C32A47EE` (`school_id`),
  KEY `IDX_1DADF233D7A5352E` (`education_level_id`),
  KEY `IDX_1DADF233E93695C7` (`major_id`),
  KEY `IDX_1DADF233BDD41D37` (`major_language_id`),
  KEY `IDX_1DADF233F92F3E70` (`country_id`),
  CONSTRAINT `FK_1DADF233BDD41D37` FOREIGN KEY (`major_language_id`) REFERENCES `Language` (`id`),
  CONSTRAINT `FK_1DADF233C32A47EE` FOREIGN KEY (`school_id`) REFERENCES `School` (`id`),
  CONSTRAINT `FK_1DADF233D262AF09` FOREIGN KEY (`resume_id`) REFERENCES `ArchivedResume` (`id`),
  CONSTRAINT `FK_1DADF233D7A5352E` FOREIGN KEY (`education_level_id`) REFERENCES `EducationLevel` (`id`),
  CONSTRAINT `FK_1DADF233E93695C7` FOREIGN KEY (`major_id`) REFERENCES `Major` (`id`),
  CONSTRAINT `FK_1DADF233F92F3E70` FOREIGN KEY (`country_id`) REFERENCES `Country` (`id`)
) ENGINE=InnoDB DEFAULT CHARSET=utf8 COLLATE=utf8_unicode_ci;
/*!40101 SET character_set_client = @saved_cs_client */;

--
-- Dumping data for table `ArchivedResumeEducation`
--

LOCK TABLES `ArchivedResumeEducation` WRITE;
/*!40000 ALTER TABLE `ArchivedResumeEducation` DISABLE KEYS */;
/*!40000 ALTER TABLE `ArchivedResumeEducation` ENABLE KEYS */;
UNLOCK TABLES;

--
-- Table structure for table `ArchivedResumeOtherSkill`
--

DROP TABLE IF EXISTS `ArchivedResumeOtherSkill`;
/*!40101 SET @saved_cs_client     = @@character_set_client */;
/*!40101 SET character_set_client = utf8 */;
CREATE TABLE `ArchivedResumeOtherSkill` (
  `id` int(11) NOT NULL AUTO_INCREMENT,
  `resume_id` int(11) DEFAULT NULL,
  `name` varchar(255) COLLATE utf8_unicode_ci NOT NULL,
  `proficiency` char(1) COLLATE utf8_unicode_ci NOT NULL,
  `yearOfUse` int(11) DEFAULT NULL,
  `description` longtext COLLATE utf8_unicode_ci,
  `sort` int(11) NOT NULL,
  PRIMARY KEY (`id`),
  KEY `IDX_7C5698F8D262AF09` (`resume_id`),
  CONSTRAINT `FK_7C5698F8D262AF09` FOREIGN KEY (`resume_id`) REFERENCES `ArchivedResume` (`id`)
) ENGINE=InnoDB DEFAULT CHARSET=utf8 COLLATE=utf8_unicode_ci;
/*!40101 SET character_set_client = @saved_cs_client */;

--
-- Dumping data for table `ArchivedResumeOtherSkill`
--

LOCK TABLES `ArchivedResumeOtherSkill` WRITE;
/*!40000 ALTER TABLE `ArchivedResumeOtherSkill` DISABLE KEYS */;
/*!40000 ALTER TABLE `ArchivedResumeOtherSkill` ENABLE KEYS */;
UNLOCK TABLES;

--
-- Table structure for table `ArchivedResumeReference`
--

DROP TABLE IF EXISTS `ArchivedResumeReference`;
/*!40101 SET @saved_cs_client     = @@character_set_client */;
/*!40101 SET character_set_client = utf8 */;
CREATE TABLE `ArchivedResumeReference` (
  `id` int(11) NOT NULL AUTO_INCREMENT,
  `resume_id` int(11) DEFAULT NULL,
  `referenceType` char(1) COLLATE utf8_unicode_ci NOT NULL,
  `name` varchar(255) COLLATE utf8_unicode_ci NOT NULL,
  `jobTitleName` varchar(255) COLLATE utf8_unicode_ci NOT NULL,
  `phone` varchar(255) COLLATE utf8_unicode_ci DEFAULT NULL,
  `email` varchar(255) COLLATE utf8_unicode_ci DEFAULT NULL,
  `relateInformation` longtext COLLATE utf8_unicode_ci,
  `sort` int(11) NOT NULL,
  PRIMARY KEY (`id`),
  KEY `IDX_6804E5F2D262AF09` (`resume_id`),
  CONSTRAINT `FK_6804E5F2D262AF09` FOREIGN KEY (`resume_id`) REFERENCES `ArchivedResume` (`id`)
) ENGINE=InnoDB DEFAULT CHARSET=utf8 COLLATE=utf8_unicode_ci;
/*!40101 SET character_set_client = @saved_cs_client */;

--
-- Dumping data for table `ArchivedResumeReference`
--

LOCK TABLES `ArchivedResumeReference` WRITE;
/*!40000 ALTER TABLE `ArchivedResumeReference` DISABLE KEYS */;
/*!40000 ALTER TABLE `ArchivedResumeReference` ENABLE KEYS */;
UNLOCK TABLES;

--
-- Table structure for table `ArchivedResumeSkill`
--

DROP TABLE IF EXISTS `ArchivedResumeSkill`;
/*!40101 SET @saved_cs_client     = @@character_set_client */;
/*!40101 SET character_set_client = utf8 */;
CREATE TABLE `ArchivedResumeSkill` (
  `id` int(11) NOT NULL AUTO_INCREMENT,
  `resume_id` int(11) DEFAULT NULL,
  `skill_id` int(11) DEFAULT NULL,
  `proficiency` char(1) COLLATE utf8_unicode_ci NOT NULL,
  `yearOfUse` int(11) DEFAULT NULL,
  `sort` int(11) NOT NULL,
  PRIMARY KEY (`id`),
  UNIQUE KEY `UNIQ_291E9444D262AF095585C142` (`resume_id`,`skill_id`),
  KEY `IDX_291E9444D262AF09` (`resume_id`),
  KEY `IDX_291E94445585C142` (`skill_id`),
  CONSTRAINT `FK_291E94445585C142` FOREIGN KEY (`skill_id`) REFERENCES `Skill` (`id`),
  CONSTRAINT `FK_291E9444D262AF09` FOREIGN KEY (`resume_id`) REFERENCES `ArchivedResume` (`id`)
) ENGINE=InnoDB DEFAULT CHARSET=utf8 COLLATE=utf8_unicode_ci;
/*!40101 SET character_set_client = @saved_cs_client */;

--
-- Dumping data for table `ArchivedResumeSkill`
--

LOCK TABLES `ArchivedResumeSkill` WRITE;
/*!40000 ALTER TABLE `ArchivedResumeSkill` DISABLE KEYS */;
/*!40000 ALTER TABLE `ArchivedResumeSkill` ENABLE KEYS */;
UNLOCK TABLES;

--
-- Table structure for table `ArchivedResumeViewInfo`
--

DROP TABLE IF EXISTS `ArchivedResumeViewInfo`;
/*!40101 SET @saved_cs_client     = @@character_set_client */;
/*!40101 SET character_set_client = utf8 */;
CREATE TABLE `ArchivedResumeViewInfo` (
  `id` int(11) NOT NULL AUTO_INCREMENT,
  `count` int(11) NOT NULL,
  PRIMARY KEY (`id`)
) ENGINE=InnoDB DEFAULT CHARSET=utf8 COLLATE=utf8_unicode_ci;
/*!40101 SET character_set_client = @saved_cs_client */;

--
-- Dumping data for table `ArchivedResumeViewInfo`
--

LOCK TABLES `ArchivedResumeViewInfo` WRITE;
/*!40000 ALTER TABLE `ArchivedResumeViewInfo` DISABLE KEYS */;
/*!40000 ALTER TABLE `ArchivedResumeViewInfo` ENABLE KEYS */;
UNLOCK TABLES;

--
-- Table structure for table `ArchivedResumeWorkExperience`
--

DROP TABLE IF EXISTS `ArchivedResumeWorkExperience`;
/*!40101 SET @saved_cs_client     = @@character_set_client */;
/*!40101 SET character_set_client = utf8 */;
CREATE TABLE `ArchivedResumeWorkExperience` (
  `id` int(11) NOT NULL AUTO_INCREMENT,
  `resume_id` int(11) DEFAULT NULL,
  `job_category_id` int(11) DEFAULT NULL,
  `province_id` int(11) DEFAULT NULL,
  `country_id` int(11) DEFAULT NULL,
  `employerName` varchar(255) COLLATE utf8_unicode_ci DEFAULT NULL,
  `jobTitleName` varchar(255) COLLATE utf8_unicode_ci DEFAULT NULL,
  `startDate` date DEFAULT NULL,
  `endDate` date DEFAULT NULL,
  `txtProvince` varchar(255) COLLATE utf8_unicode_ci DEFAULT NULL,
  `description` longtext COLLATE utf8_unicode_ci,
  `sort` int(11) NOT NULL,
  PRIMARY KEY (`id`),
  KEY `IDX_36C7B864D262AF09` (`resume_id`),
  KEY `IDX_36C7B864712A86AB` (`job_category_id`),
  KEY `IDX_36C7B864E946114A` (`province_id`),
  KEY `IDX_36C7B864F92F3E70` (`country_id`),
  CONSTRAINT `FK_36C7B864712A86AB` FOREIGN KEY (`job_category_id`) REFERENCES `JobCategory` (`id`),
  CONSTRAINT `FK_36C7B864D262AF09` FOREIGN KEY (`resume_id`) REFERENCES `ArchivedResume` (`id`),
  CONSTRAINT `FK_36C7B864E946114A` FOREIGN KEY (`province_id`) REFERENCES `Province` (`id`),
  CONSTRAINT `FK_36C7B864F92F3E70` FOREIGN KEY (`country_id`) REFERENCES `Country` (`id`)
) ENGINE=InnoDB DEFAULT CHARSET=utf8 COLLATE=utf8_unicode_ci;
/*!40101 SET character_set_client = @saved_cs_client */;

--
-- Dumping data for table `ArchivedResumeWorkExperience`
--

LOCK TABLES `ArchivedResumeWorkExperience` WRITE;
/*!40000 ALTER TABLE `ArchivedResumeWorkExperience` DISABLE KEYS */;
/*!40000 ALTER TABLE `ArchivedResumeWorkExperience` ENABLE KEYS */;
UNLOCK TABLES;

--
-- Table structure for table `ArchivedResumes_Districts`
--

DROP TABLE IF EXISTS `ArchivedResumes_Districts`;
/*!40101 SET @saved_cs_client     = @@character_set_client */;
/*!40101 SET character_set_client = utf8 */;
CREATE TABLE `ArchivedResumes_Districts` (
  `resume_id` int(11) NOT NULL,
  `district_id` int(11) NOT NULL,
  PRIMARY KEY (`resume_id`,`district_id`),
  KEY `IDX_56DAB214D262AF09` (`resume_id`),
  KEY `IDX_56DAB214B08FA272` (`district_id`),
  CONSTRAINT `FK_56DAB214B08FA272` FOREIGN KEY (`district_id`) REFERENCES `District` (`id`),
  CONSTRAINT `FK_56DAB214D262AF09` FOREIGN KEY (`resume_id`) REFERENCES `ArchivedResume` (`id`)
) ENGINE=InnoDB DEFAULT CHARSET=utf8 COLLATE=utf8_unicode_ci;
/*!40101 SET character_set_client = @saved_cs_client */;

--
-- Dumping data for table `ArchivedResumes_Districts`
--

LOCK TABLES `ArchivedResumes_Districts` WRITE;
/*!40000 ALTER TABLE `ArchivedResumes_Districts` DISABLE KEYS */;
/*!40000 ALTER TABLE `ArchivedResumes_Districts` ENABLE KEYS */;
UNLOCK TABLES;

--
-- Table structure for table `ArchivedResumes_JobCategories`
--

DROP TABLE IF EXISTS `ArchivedResumes_JobCategories`;
/*!40101 SET @saved_cs_client     = @@character_set_client */;
/*!40101 SET character_set_client = utf8 */;
CREATE TABLE `ArchivedResumes_JobCategories` (
  `resume_id` int(11) NOT NULL,
  `job_category_id` int(11) NOT NULL,
  PRIMARY KEY (`resume_id`,`job_category_id`),
  KEY `IDX_577185FAD262AF09` (`resume_id`),
  KEY `IDX_577185FA712A86AB` (`job_category_id`),
  CONSTRAINT `FK_577185FA712A86AB` FOREIGN KEY (`job_category_id`) REFERENCES `JobCategory` (`id`),
  CONSTRAINT `FK_577185FAD262AF09` FOREIGN KEY (`resume_id`) REFERENCES `ArchivedResume` (`id`)
) ENGINE=InnoDB DEFAULT CHARSET=utf8 COLLATE=utf8_unicode_ci;
/*!40101 SET character_set_client = @saved_cs_client */;

--
-- Dumping data for table `ArchivedResumes_JobCategories`
--

LOCK TABLES `ArchivedResumes_JobCategories` WRITE;
/*!40000 ALTER TABLE `ArchivedResumes_JobCategories` DISABLE KEYS */;
/*!40000 ALTER TABLE `ArchivedResumes_JobCategories` ENABLE KEYS */;
UNLOCK TABLES;

--
-- Table structure for table `ArchivedResumes_Provinces`
--

DROP TABLE IF EXISTS `ArchivedResumes_Provinces`;
/*!40101 SET @saved_cs_client     = @@character_set_client */;
/*!40101 SET character_set_client = utf8 */;
CREATE TABLE `ArchivedResumes_Provinces` (
  `resume_id` int(11) NOT NULL,
  `province_id` int(11) NOT NULL,
  PRIMARY KEY (`resume_id`,`province_id`),
  KEY `IDX_B2AF669FD262AF09` (`resume_id`),
  KEY `IDX_B2AF669FE946114A` (`province_id`),
  CONSTRAINT `FK_B2AF669FD262AF09` FOREIGN KEY (`resume_id`) REFERENCES `ArchivedResume` (`id`),
  CONSTRAINT `FK_B2AF669FE946114A` FOREIGN KEY (`province_id`) REFERENCES `Province` (`id`)
) ENGINE=InnoDB DEFAULT CHARSET=utf8 COLLATE=utf8_unicode_ci;
/*!40101 SET character_set_client = @saved_cs_client */;

--
-- Dumping data for table `ArchivedResumes_Provinces`
--

LOCK TABLES `ArchivedResumes_Provinces` WRITE;
/*!40000 ALTER TABLE `ArchivedResumes_Provinces` DISABLE KEYS */;
/*!40000 ALTER TABLE `ArchivedResumes_Provinces` ENABLE KEYS */;
UNLOCK TABLES;

--
-- Table structure for table `BackOfficeDocResumeAccessAdminLog`
--

DROP TABLE IF EXISTS `BackOfficeDocResumeAccessAdminLog`;
/*!40101 SET @saved_cs_client     = @@character_set_client */;
/*!40101 SET character_set_client = utf8 */;
CREATE TABLE `BackOfficeDocResumeAccessAdminLog` (
  `id` int(11) NOT NULL AUTO_INCREMENT,
  `resumeId` int(11) NOT NULL,
  `adminId` int(11) NOT NULL,
  `date` datetime NOT NULL,
  PRIMARY KEY (`id`),
  KEY `idx_admin_id_date` (`adminId`,`date`),
  KEY `idx_resume_id` (`resumeId`)
) ENGINE=InnoDB DEFAULT CHARSET=utf8 COLLATE=utf8_unicode_ci;
/*!40101 SET character_set_client = @saved_cs_client */;

--
-- Dumping data for table `BackOfficeDocResumeAccessAdminLog`
--

LOCK TABLES `BackOfficeDocResumeAccessAdminLog` WRITE;
/*!40000 ALTER TABLE `BackOfficeDocResumeAccessAdminLog` DISABLE KEYS */;
/*!40000 ALTER TABLE `BackOfficeDocResumeAccessAdminLog` ENABLE KEYS */;
UNLOCK TABLES;

--
-- Table structure for table `BackOfficeResumeAccessAdminLog`
--

DROP TABLE IF EXISTS `BackOfficeResumeAccessAdminLog`;
/*!40101 SET @saved_cs_client     = @@character_set_client */;
/*!40101 SET character_set_client = utf8 */;
CREATE TABLE `BackOfficeResumeAccessAdminLog` (
  `id` int(11) NOT NULL AUTO_INCREMENT,
  `resumeId` int(11) NOT NULL,
  `adminId` int(11) NOT NULL,
  `date` datetime NOT NULL,
  PRIMARY KEY (`id`),
  KEY `idx_admin_id_date` (`adminId`,`date`),
  KEY `idx_resume_id` (`resumeId`)
) ENGINE=InnoDB DEFAULT CHARSET=utf8 COLLATE=utf8_unicode_ci;
/*!40101 SET character_set_client = @saved_cs_client */;

--
-- Dumping data for table `BackOfficeResumeAccessAdminLog`
--

LOCK TABLES `BackOfficeResumeAccessAdminLog` WRITE;
/*!40000 ALTER TABLE `BackOfficeResumeAccessAdminLog` DISABLE KEYS */;
/*!40000 ALTER TABLE `BackOfficeResumeAccessAdminLog` ENABLE KEYS */;
UNLOCK TABLES;

--
-- Table structure for table `BackgroundCoverTopPage`
--

DROP TABLE IF EXISTS `BackgroundCoverTopPage`;
/*!40101 SET @saved_cs_client     = @@character_set_client */;
/*!40101 SET character_set_client = utf8 */;
CREATE TABLE `BackgroundCoverTopPage` (
  `id` int(11) NOT NULL AUTO_INCREMENT,
  `code` varchar(255) COLLATE utf8_unicode_ci NOT NULL,
  `name` varchar(255) COLLATE utf8_unicode_ci NOT NULL,
  `url` varchar(255) COLLATE utf8_unicode_ci DEFAULT NULL,
  `companyProfileNumber` int(11) DEFAULT NULL,
  `inlineImage` text COLLATE utf8_unicode_ci,
  `fileName` varchar(255) COLLATE utf8_unicode_ci NOT NULL,
  `backgroundPosition` varchar(255) COLLATE utf8_unicode_ci DEFAULT NULL,
  PRIMARY KEY (`id`)
) ENGINE=InnoDB AUTO_INCREMENT=15 DEFAULT CHARSET=utf8 COLLATE=utf8_unicode_ci;
/*!40101 SET character_set_client = @saved_cs_client */;

--
-- Dumping data for table `BackgroundCoverTopPage`
--

LOCK TABLES `BackgroundCoverTopPage` WRITE;
/*!40000 ALTER TABLE `BackgroundCoverTopPage` DISABLE KEYS */;
INSERT INTO `BackgroundCoverTopPage` VALUES (1,'cl_engineering_office','CareerLink Engineering Office','https://www.careerlink.vn/viec-lam-cua/careerlink-engineering-team/38701',38701,'data:image/jpeg;base64,/9j/4AAQSkZJRgABAQEAYABgAAD//gA+Q1JFQVRPUjogZ2QtanBlZyB2MS4wICh1c2luZyBJSkcgSlBFRyB2ODApLCBkZWZhdWx0IHF1YWxpdHkK/9sAQwAIBgYHBgUIBwcHCQkICgwUDQwLCwwZEhMPFB0aHx4dGhwcICQuJyAiLCMcHCg3KSwwMTQ0NB8nOT04MjwuMzQy/9sAQwEJCQkMCwwYDQ0YMiEcITIyMjIyMjIyMjIyMjIyMjIyMjIyMjIyMjIyMjIyMjIyMjIyMjIyMjIyMjIyMjIyMjIy/8AAEQgAHgA5AwEiAAIRAQMRAf/EAB8AAAEFAQEBAQEBAAAAAAAAAAABAgMEBQYHCAkKC//EALUQAAIBAwMCBAMFBQQEAAABfQECAwAEEQUSITFBBhNRYQcicRQygZGhCCNCscEVUtHwJDNicoIJChYXGBkaJSYnKCkqNDU2Nzg5OkNERUZHSElKU1RVVldYWVpjZGVmZ2hpanN0dXZ3eHl6g4SFhoeIiYqSk5SVlpeYmZqio6Slpqeoqaqys7S1tre4ubrCw8TFxsfIycrS09TV1tfY2drh4uPk5ebn6Onq8fLz9PX29/j5+v/EAB8BAAMBAQEBAQEBAQEAAAAAAAABAgMEBQYHCAkKC//EALURAAIBAgQEAwQHBQQEAAECdwABAgMRBAUhMQYSQVEHYXETIjKBCBRCkaGxwQkjM1LwFWJy0QoWJDThJfEXGBkaJicoKSo1Njc4OTpDREVGR0hJSlNUVVZXWFlaY2RlZmdoaWpzdHV2d3h5eoKDhIWGh4iJipKTlJWWl5iZmqKjpKWmp6ipqrKztLW2t7i5usLDxMXGx8jJytLT1NXW19jZ2uLj5OXm5+jp6vLz9PX29/j5+v/aAAwDAQACEQMRAD8A7K3sgqj5avJZDHSmQX1r5YPnIT0IU5wR1qb+0EKbbcBpT0DcD603ZDVzN1axX7OflHSuKt7RWvXbb0Ut/wCOvXcX2pStpF1O0CzyRRM6w23zs5AJwAM9cVykDT2cly95aNbPJbsoV8gFiEyqkgZIDZ6dDms5rqVF9DodTsVm0nSyVz+4H/oK15zq9kg1d0VcFVAPHfr/AFFem+INX0/w7Y6ZbanOqSLCFfadxUBD8xUfNtyhGQDyRXDak63GpSzqMLIiOBkHgqD1BIP4EintoZ21uc5PZjaeKo/Yh6D8q3p2iQqjyIrOcKGbBY+1VvLFI0Oxt7qL7N5fkAsST5nmOrZPf5WA9e1R2n2hHnFzcedAzsYY13AxqTkfNuJOM9azI5iSAPzq2kpK5x9D714/16cXdHqTwdOcWn17Nr8ih4lttQAF3pl5PGw2eZEuWDBTkFRkYbjsRn+ePP48urnxLp2pWT/Z57VPLVpzw+M5BbjqrY57Dr0FdTKxlXnoAD1/z6VxXi7QES2k1W3fyyhzKgJG7cQNw98kZ9ev13wuO537KfXqY4jCW/eR6dD2HVtUXXPD8cl/aWm6G4YwXaMWUMh4Yr1GRxjDDPXHFcV9jm1C6kNspZzz5cacIowO3QDgVw2neLdXstCjsluZHtmu+ImbK5IPOMcc9hx149PaPhxd22u6bPZtA8UtqyC7VX/dySEffXGOSAD0GOnOMnqqRrOoknZW+85ITpKNpav8jzi98OeIIZriW2dZwMmRoVWUIBnClk3YxzwcevesLfqP/QOt/wDvkf8AxVe5eK5LOxuYPMso7iDbgRuARGB6Aggk+p5rmf8AhLE/6BNp+R/xq5VKcXZvU6IQ9pFOKP/Z','careerlink_engineering_office.jpg',NULL),(2,'silverland_sakyo_hotel','SILVERLAND SAKYO HOTEL','https://www.careerlink.vn/viec-lam-cua/grand-silverland-hotel/44407',44407,'data:image/jpeg;base64,/9j/4AAQSkZJRgABAQEAYABgAAD//gA+Q1JFQVRPUjogZ2QtanBlZyB2MS4wICh1c2luZyBJSkcgSlBFRyB2ODApLCBkZWZhdWx0IHF1YWxpdHkK/9sAQwAIBgYHBgUIBwcHCQkICgwUDQwLCwwZEhMPFB0aHx4dGhwcICQuJyAiLCMcHCg3KSwwMTQ0NB8nOT04MjwuMzQy/9sAQwEJCQkMCwwYDQ0YMiEcITIyMjIyMjIyMjIyMjIyMjIyMjIyMjIyMjIyMjIyMjIyMjIyMjIyMjIyMjIyMjIyMjIy/8AAEQgAGQA5AwEiAAIRAQMRAf/EAB8AAAEFAQEBAQEBAAAAAAAAAAABAgMEBQYHCAkKC//EALUQAAIBAwMCBAMFBQQEAAABfQECAwAEEQUSITFBBhNRYQcicRQygZGhCCNCscEVUtHwJDNicoIJChYXGBkaJSYnKCkqNDU2Nzg5OkNERUZHSElKU1RVVldYWVpjZGVmZ2hpanN0dXZ3eHl6g4SFhoeIiYqSk5SVlpeYmZqio6Slpqeoqaqys7S1tre4ubrCw8TFxsfIycrS09TV1tfY2drh4uPk5ebn6Onq8fLz9PX29/j5+v/EAB8BAAMBAQEBAQEBAQEAAAAAAAABAgMEBQYHCAkKC//EALURAAIBAgQEAwQHBQQEAAECdwABAgMRBAUhMQYSQVEHYXETIjKBCBRCkaGxwQkjM1LwFWJy0QoWJDThJfEXGBkaJicoKSo1Njc4OTpDREVGR0hJSlNUVVZXWFlaY2RlZmdoaWpzdHV2d3h5eoKDhIWGh4iJipKTlJWWl5iZmqKjpKWmp6ipqrKztLW2t7i5usLDxMXGx8jJytLT1NXW19jZ2uLj5OXm5+jp6vLz9PX29/j5+v/aAAwDAQACEQMRAD8A8W0/7Dsmjv8AzlJCmJ4kDFW3DOQSMjaX/ELyBmukXwxol3o8F1BqNzBcOpCRyW7mOdhGSXSQqoC+Z8hB+7ycnpXHk9CoPA5rcs/EOqSaZHo7XAOnwl2iRo1ym5gxCtjcoJwSAa56kJ7wZvTlHaSJn8G3X2sW1nd2l3KwJAhmBBUDrnpyeAv3ieNuSM5sthqWmOLd42X7TB5uwE4liHzZ4PK/LuB6HbkdjXTWviSf7NJHcWFtdNcRKjM0HmOxZJjnqMHJ5YYIGSCCTnE1uwawiW0YI80ErlplbduVkhwucDgEtx2JI9zNJ1dqhVRU7Xgjf8NeBLnXUTUYXs4rVwfLRjv5BAYYOSOc/NyD+GK9j8F/DbQTp15b3BnmaK5+cFgEY4RhlPukdOCDwTnPGOC+G+oxWOjwC5dAiQS3BAbcQiyHOVU5zweOuCDgg16v4Y12GC+lM3mJFfpHc26yAgopXBDDHygCNepxmRRwTiutT5NjilJt67G1Z+EdC0mOSDTtLtbZZAhcpCMkp90k+oOD9efer39mx/8APaf/AMCZP/iqp3d1O2pIbaJ3MyBJI2l8naOOfUkbj06ZHrmm+bc/8+tx/wB/o/8A47UNTlrFkOWux8WxszOQiFiQTgDPHU10FhYW0WnxXFxOyM3y/eUAEnj+h7d/SsGz/wBaf93+orZv/wDkDyf9fC/+g1En7yid0I+65FyNLGKEz298qTxACB2uQrIQPlYbcdM56Z/lWbrk/wBr1G6Fv9mFuZ2MSW+0Jt4AxwpIwByVBPUgGsipLb/j4T61STRDafQ6HS5f7PNq8N8CrqvnxgMuDvyB7ngHjjpznp0Efjm40m1sra3jjaW3ljmdppGcSCN2eNSo2gKC7cDGQF6Y54if76/761BcffajcLpaW0O+h8QeOPFd9Ai3N1Z2d05eF40aKBApVCfMHJChgvJY5IHU1zf/AAm3ib/oYdT/APAuT/GsJ+o+n9TUdaKTtoQ4pdD/2Q==','silverland_sakyo_hotel.jpg',NULL),(3,'ctcp_chuoi_thuc_pham_th','Công Ty CP Chuỗi Thực Phẩm TH','https://www.careerlink.vn/viec-lam-cua/cong-ty-cp-chuoi-thuc-pham-th/75844',75844,'data:image/jpeg;base64,/9j/4AAQSkZJRgABAQEAYABgAAD//gA+Q1JFQVRPUjogZ2QtanBlZyB2MS4wICh1c2luZyBJSkcgSlBFRyB2ODApLCBkZWZhdWx0IHF1YWxpdHkK/9sAQwAIBgYHBgUIBwcHCQkICgwUDQwLCwwZEhMPFB0aHx4dGhwcICQuJyAiLCMcHCg3KSwwMTQ0NB8nOT04MjwuMzQy/9sAQwEJCQkMCwwYDQ0YMiEcITIyMjIyMjIyMjIyMjIyMjIyMjIyMjIyMjIyMjIyMjIyMjIyMjIyMjIyMjIyMjIyMjIy/8AAEQgAEgA5AwEiAAIRAQMRAf/EAB8AAAEFAQEBAQEBAAAAAAAAAAABAgMEBQYHCAkKC//EALUQAAIBAwMCBAMFBQQEAAABfQECAwAEEQUSITFBBhNRYQcicRQygZGhCCNCscEVUtHwJDNicoIJChYXGBkaJSYnKCkqNDU2Nzg5OkNERUZHSElKU1RVVldYWVpjZGVmZ2hpanN0dXZ3eHl6g4SFhoeIiYqSk5SVlpeYmZqio6Slpqeoqaqys7S1tre4ubrCw8TFxsfIycrS09TV1tfY2drh4uPk5ebn6Onq8fLz9PX29/j5+v/EAB8BAAMBAQEBAQEBAQEAAAAAAAABAgMEBQYHCAkKC//EALURAAIBAgQEAwQHBQQEAAECdwABAgMRBAUhMQYSQVEHYXETIjKBCBRCkaGxwQkjM1LwFWJy0QoWJDThJfEXGBkaJicoKSo1Njc4OTpDREVGR0hJSlNUVVZXWFlaY2RlZmdoaWpzdHV2d3h5eoKDhIWGh4iJipKTlJWWl5iZmqKjpKWmp6ipqrKztLW2t7i5usLDxMXGx8jJytLT1NXW19jZ2uLj5OXm5+jp6vLz9PX29/j5+v/aAAwDAQACEQMRAD8Am0L4maHqeptYxvPCFV3WadQsbBQSTnPAwCfmA4FVfFK6b/ammy6etvGt0ySzNA3yzqJUKHA4PLE575PJrh/hhoWma7carbXc7Jci1zEm3cpG4HceMABgg6gndx0pnjaaTT/E9pY39wrCBVE5tmydnmSMMDIwTGUOMjr1qm29LC9mlZpn0B4UvUl1QQqAB9mZv/HlrqI9TtzdvbnKbdm12KhZNwJG3nnp/nmvCfDOoavpmq22q6k8MFtciawjjt7lna3eOUKRISdpJxncCSQAa6C6trgfEG03jZbzwPJMhjRWdkccPnDEb1jIyCc9DjpEozSXKJuzPWriWOSxkkjkUrtOGU5B9s/pXGeJJLJdLEt1qMWnqZAoneVE+bB4ywIz3x7VotdtHbPG8rRogClS2AvTjHbjtXkun6Npview+w6a6R6dJc71jJKmUK7IJdgAG7CMSQE+UqDyMmZuySZpTjz36G/4W8a6FdatceHka6W/81/LkmjG2VxgMMg5BwGPIHA9Tiu0+yn1j/z+FeS6b8N9Wi8c3Gsw30Vpbx3D3NvKjNIxBIIVlwuQQxBGRkE9uvafavGP/UA/7+T/APxNVGnFoUrp6HzjYSyQX0EkMjxuCMMjEEc46ivZvD1xNfXWgfa5pLjF3sHnMXwpKZHPY4HHsKKKdb4WaUfjR6fa2NnZeK4rW0tYILeKx3xwxRhURt5GQBwDhmGfQn1q86qbtsgfeYdOxGTRRSREjP8AGE0sdrpwSR1EkoDgMRuHv615z8QwLbXNb+zjyvLt4Anl/LtBDE4x0yQPyoorkrfEjsw/ws7aJ2N5tLEqLeUgE8ZDJivOv7Sv/wDn9uf+/rf40UV30zknuf/Z','th_true_milk.jpg','50% 100%'),(4,'alive_vn','ALIVE Vietnam',NULL,NULL,'data:image/jpeg;base64,/9j/4AAQSkZJRgABAQEAYABgAAD//gA+Q1JFQVRPUjogZ2QtanBlZyB2MS4wICh1c2luZyBJSkcgSlBFRyB2ODApLCBkZWZhdWx0IHF1YWxpdHkK/9sAQwAIBgYHBgUIBwcHCQkICgwUDQwLCwwZEhMPFB0aHx4dGhwcICQuJyAiLCMcHCg3KSwwMTQ0NB8nOT04MjwuMzQy/9sAQwEJCQkMCwwYDQ0YMiEcITIyMjIyMjIyMjIyMjIyMjIyMjIyMjIyMjIyMjIyMjIyMjIyMjIyMjIyMjIyMjIyMjIy/8AAEQgAHgA5AwEiAAIRAQMRAf/EAB8AAAEFAQEBAQEBAAAAAAAAAAABAgMEBQYHCAkKC//EALUQAAIBAwMCBAMFBQQEAAABfQECAwAEEQUSITFBBhNRYQcicRQygZGhCCNCscEVUtHwJDNicoIJChYXGBkaJSYnKCkqNDU2Nzg5OkNERUZHSElKU1RVVldYWVpjZGVmZ2hpanN0dXZ3eHl6g4SFhoeIiYqSk5SVlpeYmZqio6Slpqeoqaqys7S1tre4ubrCw8TFxsfIycrS09TV1tfY2drh4uPk5ebn6Onq8fLz9PX29/j5+v/EAB8BAAMBAQEBAQEBAQEAAAAAAAABAgMEBQYHCAkKC//EALURAAIBAgQEAwQHBQQEAAECdwABAgMRBAUhMQYSQVEHYXETIjKBCBRCkaGxwQkjM1LwFWJy0QoWJDThJfEXGBkaJicoKSo1Njc4OTpDREVGR0hJSlNUVVZXWFlaY2RlZmdoaWpzdHV2d3h5eoKDhIWGh4iJipKTlJWWl5iZmqKjpKWmp6ipqrKztLW2t7i5usLDxMXGx8jJytLT1NXW19jZ2uLj5OXm5+jp6vLz9PX29/j5+v/aAAwDAQACEQMRAD8A9l1y4aKyu2VjsFu+MdCcHNcjY6sSEGe4q/4p0Kxvlg/t26vXj3Fvs9rFIsTsccsI8nII4JP64xH4MisNDJtJddnvJbnc8Ju02N8jBWUZHGCR8p7liBya54QkpO/U0bVlYbZl3nuPL2hUVeW53ZH9MfrVkRw3TBEYBj1I/pWtrep6UllcA30cdy8TRxzpbfaDG2Dg7QDnB5weteN634813wxdx29j4le8glAeWQ6THaMvzAEKrJycDqeMN7ZrVxsQtT0yK1s9RuFuorqG7tnjSNGjfcCVAU8jg8hhV/TbNLK3mkZx+8XGD2+YYFeQ2f8AbGpQaXrNhoTiaFA0E1ppKhFI3fd2x4K5dzjnk+o49C8J3d/rNvFZeLbC5320huIJ7m1NuqMu0JtO1RuGXIxz1oWoWMKCb+09OWL5di3EbOG4yuGyKs/2Vpn/ADwb/v63+NXJfG/wytIXit9RgiJYK223mPGcE/dxnBODWf8A8Jt8Pf8AoPr/AN+Lj/43S5AbPULfWNMvJfKttRs5pCMhYp1Y445wD7j8646ysZZPENxLIrxPHJdAKyEFla5DBhnthQcj+tZ2k22gWt9BdzaYs1zAvl2+5FKRhZC6sqjCq+TnIGQcgH16KO6ku9Rkv47O2Q+UYWbP7x+cr8+OAPm45zn2rNYiF1qaOlJIw9QudNtb17We8t1uEIV4wQGViMqCOMZAyPbmub1iCzv5Viu7SNo4ZBIu+ME5HuexyMjoeM54rU8SpquvXF0dKNtaXS7LeSSSWT5lQlx6qfvLg7QVw3J3Vs6B4HeTR1fXLvzr+U7zJbfKqrzhRkYOc5JwPQdMnrU4zjqEJcj1Rf8AC/isXt3DpTWkEAEeIRD8qqqjoB9B+FXvGV7fWmnWsdiIt11O1u7SShNoMMhDA70PDBCdp3bQ20ZrL1vw5p2j6euoafblNQ82G3WdpnyBJKqM2M7d2GODjrjjAxUGp+H7O4TThff6TfWmxkmdcqccHKk4JKllz2zuGCBjnr1IxQKPM7o8S1fwtrdhrUF9piayk90WuJGFhcr9m3hSIzIVyzZdlJ9ACeSQMH+w9c/6BGo/+Akv/wARXtWmOX8QS6dZadbadZwyTTrLZzbHbfIjAtGI9pYKqpyThSwBrb/4RyH/AKCOrf8AgYf8K5quJ5HZK5cafNqz/9k=','alive_vietnam.jpg','50% 70%'),(5,'kawasaki_heat_metal','Kawasaki Heat Metal',NULL,NULL,'data:image/jpeg;base64,/9j/4AAQSkZJRgABAQEAYABgAAD//gA+Q1JFQVRPUjogZ2QtanBlZyB2MS4wICh1c2luZyBJSkcgSlBFRyB2ODApLCBkZWZhdWx0IHF1YWxpdHkK/9sAQwAIBgYHBgUIBwcHCQkICgwUDQwLCwwZEhMPFB0aHx4dGhwcICQuJyAiLCMcHCg3KSwwMTQ0NB8nOT04MjwuMzQy/9sAQwEJCQkMCwwYDQ0YMiEcITIyMjIyMjIyMjIyMjIyMjIyMjIyMjIyMjIyMjIyMjIyMjIyMjIyMjIyMjIyMjIyMjIy/8AAEQgAGQA5AwEiAAIRAQMRAf/EAB8AAAEFAQEBAQEBAAAAAAAAAAABAgMEBQYHCAkKC//EALUQAAIBAwMCBAMFBQQEAAABfQECAwAEEQUSITFBBhNRYQcicRQygZGhCCNCscEVUtHwJDNicoIJChYXGBkaJSYnKCkqNDU2Nzg5OkNERUZHSElKU1RVVldYWVpjZGVmZ2hpanN0dXZ3eHl6g4SFhoeIiYqSk5SVlpeYmZqio6Slpqeoqaqys7S1tre4ubrCw8TFxsfIycrS09TV1tfY2drh4uPk5ebn6Onq8fLz9PX29/j5+v/EAB8BAAMBAQEBAQEBAQEAAAAAAAABAgMEBQYHCAkKC//EALURAAIBAgQEAwQHBQQEAAECdwABAgMRBAUhMQYSQVEHYXETIjKBCBRCkaGxwQkjM1LwFWJy0QoWJDThJfEXGBkaJicoKSo1Njc4OTpDREVGR0hJSlNUVVZXWFlaY2RlZmdoaWpzdHV2d3h5eoKDhIWGh4iJipKTlJWWl5iZmqKjpKWmp6ipqrKztLW2t7i5usLDxMXGx8jJytLT1NXW19jZ2uLj5OXm5+jp6vLz9PX29/j5+v/aAAwDAQACEQMRAD8AdaWE0eqatBDM7/YpDIJmaVWlbAyG/T+8TnOWBGfR1vI7jTtPuUdWWWMSxvDISOV6q3XoSM9wfevOINb1Gb+0oJbqytbq4uVaG7eeFl27okw20Yxt55yQoPJIJHURXcdlpVnFcyJbpboYjz5uwjghvLB2kEYNYU2lJ3W5hiIzaXItTV0/T9VsbRLa6uLlHnubiTfC7Mqh5HkG7b904J56ZGM5Izxmp/Eext7eL+ztVvrqSWMlt87R+U2MgHk5PY44z0JHNdhL4/0WdEOnXf2hG8tg6W80gZd3zgBVJzt6Z7ke9fPet6dPd6tM+j6TfQwSPI0Vs0TEorZIUYUE4yevsO2TEIRlqzqbse+Qa9o95pFjqFx4jvrMXLOkZNywR2VgpIJAO3JHJ28HJx2nsbC11DUTaarPLKZmUxq87BiVycK27ceM5A6fjXlehRa9Z6RpunJFb2d1FIb2P7RHCCuAv8TtgvkAkEFlBXsQB3vhfxSkkVzdahc2tnJJZebGrTZTcCU3AN6spwoJ6eprSklGTX9bm1TDTVGNbRpu3TR67rfoztIdJt7TUI9HtILgWcRjvHaaaWQFg3ygOzE8FAdvT866XI9RXBBMfF4z3RSQNaH7KRG37sKEXBbGM5aY+mCO5Ndz5qe1XdGc1ZR9DyGHWfCdrqtpOBo9peBf9ZZR7FbG4blwPkyD6k4JGe9JNq3h2W4NxZ6hEzueYvMZl29DwQACc9cnpnrzXgN7/wAhF/8AdX+VOtP9YPw/nRJboysme6pf6dpOqvFf+RGxXzJCjmJvlcqQw5DA7eCQFIZWz1rmLjxN/bM6WekwtbWZmESshCzNjczImSAH27TncApzyxZa42f/AI97r/r8/wDZBWyP+Qen/YNT/wBLYaaso2FGTci347sblLC1vVgTNvFtuZZjGskzs/HGTu25wACcD262PAl/bavqdha3JS0gtLZvNleYDy1WUMGAIwP9YR+ueMVleMv+Rb0n/rg3/owU3wn/AKu2/wCuz/8AoFTCCU7m8sRUlTVJv3Vr/X3nrcmpbviCk9jqUN7YyW5CSw7GQnd8yh14Jyoz9Oa7T7Q395vzr568Gf8AIU0j/sLXX/ola96rjrtqpp/WrFe6Vz//2Q==','kawasaki_heat_metal.jpg',NULL),(6,'vn_suzuki','Công Ty TNHH Việt Nam SUZUKI','https://www.careerlink.vn/viec-lam-cua/cong-ty-tnhh-viet-nam-suzuki/9744',9744,'data:image/jpeg;base64,/9j/4AAQSkZJRgABAQEAYABgAAD//gA+Q1JFQVRPUjogZ2QtanBlZyB2MS4wICh1c2luZyBJSkcgSlBFRyB2ODApLCBkZWZhdWx0IHF1YWxpdHkK/9sAQwAIBgYHBgUIBwcHCQkICgwUDQwLCwwZEhMPFB0aHx4dGhwcICQuJyAiLCMcHCg3KSwwMTQ0NB8nOT04MjwuMzQy/9sAQwEJCQkMCwwYDQ0YMiEcITIyMjIyMjIyMjIyMjIyMjIyMjIyMjIyMjIyMjIyMjIyMjIyMjIyMjIyMjIyMjIyMjIy/8AAEQgAEgA5AwEiAAIRAQMRAf/EAB8AAAEFAQEBAQEBAAAAAAAAAAABAgMEBQYHCAkKC//EALUQAAIBAwMCBAMFBQQEAAABfQECAwAEEQUSITFBBhNRYQcicRQygZGhCCNCscEVUtHwJDNicoIJChYXGBkaJSYnKCkqNDU2Nzg5OkNERUZHSElKU1RVVldYWVpjZGVmZ2hpanN0dXZ3eHl6g4SFhoeIiYqSk5SVlpeYmZqio6Slpqeoqaqys7S1tre4ubrCw8TFxsfIycrS09TV1tfY2drh4uPk5ebn6Onq8fLz9PX29/j5+v/EAB8BAAMBAQEBAQEBAQEAAAAAAAABAgMEBQYHCAkKC//EALURAAIBAgQEAwQHBQQEAAECdwABAgMRBAUhMQYSQVEHYXETIjKBCBRCkaGxwQkjM1LwFWJy0QoWJDThJfEXGBkaJicoKSo1Njc4OTpDREVGR0hJSlNUVVZXWFlaY2RlZmdoaWpzdHV2d3h5eoKDhIWGh4iJipKTlJWWl5iZmqKjpKWmp6ipqrKztLW2t7i5usLDxMXGx8jJytLT1NXW19jZ2uLj5OXm5+jp6vLz9PX29/j5+v/aAAwDAQACEQMRAD8A7a98E+GGizJA19cybQ8k/DcZ5BABXqOFwAAAABVM/DrQzG/2S0ns5GH+utJ3Vl5yepI9RyDwfpXaPZ2bJtt7SO2kYEs0NqhwdpHOV5AJz9R6ZFSWzRwR29uYY38pAZJEHlBnwQSUAxjjOCeOMU7mfKeQL4imh+IN7ZS6i8iR2iR7ZJ5JQjRohuBsUkeYoSTnnn177niLUGi8PtZ2FqPt0iyPHdq6s6sFLLwyNkHaykDHHQ5Y43NMljXWo5mjUb3d9gH8bAkdupY9fWsnXfCaa559zbTzWd61ykgcuQEK5yw7jIc5weSBxUwtJ2bt8rmyVltf52OF0XxHqDtJIurNqNusKs8Yt1kk8wSLyscahsY9T1Iz0rtx4g1uDxnbWupyN9nvYdsJsEZYmbdkORktyGUZyQMj1JEWoanPo12s2pwSS2MEgk8wGNlcbtoVQSGLYyT2xzkYxVhNb8M391fa42g6nHK06EXKRSS+eyKoH+rYqu3A4JAPXqThxVPm99tLy6iUZqL5Vd+Z1WlRXsWpQvPezyABlKyNnOV9Prg/hXRbxXKWGqC+sYblblIfOXzAkpCyKDyAwXoQMcZ+tWPtkn/QQh/77P8AhXH7eUG1ytj5LHkDalfW7RtBe3ETOcMUlZSw98GtyTV9SXw9fyDULsOlvIVYTNkHaeQc0UV3kljwrczz6h4RM00khmsUkk3sTvb9z8xz1PJ5Pqa7jU/lDY4/edv96iisaexTPCdT1fU/7V8Q/wDExu/9GuMwfv2/dfvWX5efl4JHHbivbNZ/5B8ns6f+jAKKKcNmaVd0cGsjqkgDsACcAHpSedL/AM9X/wC+jRRSJP/Z','suzuki.jpg','50% 100%'),(7,'srithai_vn','Công Ty TNHH SRITHAI (VIỆT NAM)','https://www.careerlink.vn/viec-lam-cua/cong-ty-tnhh-srithai-viet-nam/84312',84312,'data:image/jpeg;base64,/9j/4AAQSkZJRgABAQEAYABgAAD//gA+Q1JFQVRPUjogZ2QtanBlZyB2MS4wICh1c2luZyBJSkcgSlBFRyB2ODApLCBkZWZhdWx0IHF1YWxpdHkK/9sAQwAIBgYHBgUIBwcHCQkICgwUDQwLCwwZEhMPFB0aHx4dGhwcICQuJyAiLCMcHCg3KSwwMTQ0NB8nOT04MjwuMzQy/9sAQwEJCQkMCwwYDQ0YMiEcITIyMjIyMjIyMjIyMjIyMjIyMjIyMjIyMjIyMjIyMjIyMjIyMjIyMjIyMjIyMjIyMjIy/8AAEQgAGQA5AwEiAAIRAQMRAf/EAB8AAAEFAQEBAQEBAAAAAAAAAAABAgMEBQYHCAkKC//EALUQAAIBAwMCBAMFBQQEAAABfQECAwAEEQUSITFBBhNRYQcicRQygZGhCCNCscEVUtHwJDNicoIJChYXGBkaJSYnKCkqNDU2Nzg5OkNERUZHSElKU1RVVldYWVpjZGVmZ2hpanN0dXZ3eHl6g4SFhoeIiYqSk5SVlpeYmZqio6Slpqeoqaqys7S1tre4ubrCw8TFxsfIycrS09TV1tfY2drh4uPk5ebn6Onq8fLz9PX29/j5+v/EAB8BAAMBAQEBAQEBAQEAAAAAAAABAgMEBQYHCAkKC//EALURAAIBAgQEAwQHBQQEAAECdwABAgMRBAUhMQYSQVEHYXETIjKBCBRCkaGxwQkjM1LwFWJy0QoWJDThJfEXGBkaJicoKSo1Njc4OTpDREVGR0hJSlNUVVZXWFlaY2RlZmdoaWpzdHV2d3h5eoKDhIWGh4iJipKTlJWWl5iZmqKjpKWmp6ipqrKztLW2t7i5usLDxMXGx8jJytLT1NXW19jZ2uLj5OXm5+jp6vLz9PX29/j5+v/aAAwDAQACEQMRAD8A5myl8S2+k6lLYXASUz2z+as0hUxHzQzM3cZ2E9sn14qKXX/EtzOq6jfXcU5Ybo7nepi6cYPQcZ6e+K7GS3P/AAjl5qUaQebsAmjvLrYzkECXzQxUDALgqOxXGTwvNSaMLPUrO/8AFEd7p+nQRJbpHeWrZ+VQMLtOGCrufcBklMbRlctOD1jqn339TlrUZWtazXbb9DjfGVheW/ijVXkh2pNezNGcBtw3t0IPoRxWAyt9miO5ccjG36e9e6eMPC15rFjJpttiG9/tg74mljWQRlQWmUFvnUCRemCM4xxmseHwrYeHZmL6Ol3NFFk+ZatdKucrkL9xm68YOODgAZBOmr6O5SUpatW1ON0jT4P+ECutTtbh49XhvGXq23yhGGHy9CSQw5z16d6lvNXjXw5YqYPMnniO8S/KUZDtY49yG/zxXoN7oV7a6I+ozM8RAbyYRAlqId4AjQqp/dkEBsEDDHaSec8R4quNOtru+tmn+1+TdxyOsZYLJGF+ZgeQu5nbuTzn1NOFKi2uaV/La3f8du5fPU25bW69+34fca3hjU59R0VCw8n7O3kKqMWXAA6Z6D5sda2d0v8Az8t+deX6PrGq6RZTzWtsssEZVZ2aA7UJJ27mBBBPzAZ/pW1/wsJf+gdF/wCBJ/8AiKwnSd7pHQpd2XLHW7WWRA8No6Kiq11Fqhtpsj72UaaNWYnnfhwffPG5Jby+LYpNV8PWep3d5azBIptS1BZUmXC7w6EvyMsAFZQAQwwcCvHLb/XR/wC8f5V6r8CP+Rk1D/ryP/oxa1rVJO8o6GdKKVovU69fh7b3OhRRabeWEEDOJGK23mr5gJDlT5hxkjBBJA2Lxlc1d0DwrfaVcl9W113+95MwnCx24DLtbbJG6mTJGMkYydoJGR3j9Pxqncf6sf74/nXEq009WdHJF9Cp4puNPsLqBLmC0u2lDJFZ6ibaKFcgKWLODKcgn7gfPIPBrye5a207UCBc+EkkhmDhZGt1IxztOy0U4+hB9CK9A8c/8izaf9e6/wDoIr5tl/49JP8Afb+dd3OzGx7/AKz8K9I8Q6I174Sv2slvR5rlJ3lguxncFcFj0fHIzjn5ScY4n/hRPiz/AJ+9K/7/AEn/AMbr1j4Nf8kn0T/tv/6PkruqtSaJauf/2Q==','srithai.jpg',NULL),(8,'baosteel_can_making','Công Ty TNHH Baosteel Can Making (Việt Nam)','https://www.careerlink.vn/viec-lam-cua/cong-ty-tnhh-baosteel-can-making-viet-nam/122819',122819,'data:image/jpeg;base64,/9j/4AAQSkZJRgABAQEAYABgAAD//gA+Q1JFQVRPUjogZ2QtanBlZyB2MS4wICh1c2luZyBJSkcgSlBFRyB2ODApLCBkZWZhdWx0IHF1YWxpdHkK/9sAQwAIBgYHBgUIBwcHCQkICgwUDQwLCwwZEhMPFB0aHx4dGhwcICQuJyAiLCMcHCg3KSwwMTQ0NB8nOT04MjwuMzQy/9sAQwEJCQkMCwwYDQ0YMiEcITIyMjIyMjIyMjIyMjIyMjIyMjIyMjIyMjIyMjIyMjIyMjIyMjIyMjIyMjIyMjIyMjIy/8AAEQgAFgA5AwEiAAIRAQMRAf/EAB8AAAEFAQEBAQEBAAAAAAAAAAABAgMEBQYHCAkKC//EALUQAAIBAwMCBAMFBQQEAAABfQECAwAEEQUSITFBBhNRYQcicRQygZGhCCNCscEVUtHwJDNicoIJChYXGBkaJSYnKCkqNDU2Nzg5OkNERUZHSElKU1RVVldYWVpjZGVmZ2hpanN0dXZ3eHl6g4SFhoeIiYqSk5SVlpeYmZqio6Slpqeoqaqys7S1tre4ubrCw8TFxsfIycrS09TV1tfY2drh4uPk5ebn6Onq8fLz9PX29/j5+v/EAB8BAAMBAQEBAQEBAQEAAAAAAAABAgMEBQYHCAkKC//EALURAAIBAgQEAwQHBQQEAAECdwABAgMRBAUhMQYSQVEHYXETIjKBCBRCkaGxwQkjM1LwFWJy0QoWJDThJfEXGBkaJicoKSo1Njc4OTpDREVGR0hJSlNUVVZXWFlaY2RlZmdoaWpzdHV2d3h5eoKDhIWGh4iJipKTlJWWl5iZmqKjpKWmp6ipqrKztLW2t7i5usLDxMXGx8jJytLT1NXW19jZ2uLj5OXm5+jp6vLz9PX29/j5+v/aAAwDAQACEQMRAD8A3tN0XR7azvmlK2wclWlVFRIiGcGRiSAAwi5AGATkDBIXmtY8MWGt+PrVI4oZoNQlBQQMBGpVeUwMNwq7mPGT16YHVeMWn0v4eakYzG0t4whVlYYVWlkf5twwRtbBzxyc8DNcBoOi61qD6RrsF1D5L3e6QtLsUxszeY/ztnI4TAHPAGeSZlycl5u1y6fNd8quen3l/c+E4tM0+KKCUzw+W6i4kwnlKAzBdjFxyScleByeSRBr3jHQ9O0u0tri523aIztCqH7vYk9+AOmfzxnUhs5ZlYW99asU4ZRKDz7jt1HFeUeNLPyG8Ro9xH9vuWRFjivXLYVIsBoolO7O1x85wDg4GQS8POSnzRV9DnxFBSVpysjc1T4rrdW01vtleG3jLsjAIZBvVSrlsEsFYH5QTyD1GRws3ijWNTu7mOW4VN5cHoTk/fwe4JIPPTjHQUaxol1rcjX0T3F3FtnbzZBcuzbIANxeSJRkuijG8nLqoHQlttpMmtfEh9F0xrW0guX3wxozmKJCnmYOQDvAyCuB82R8o6dtDEPntKNl6GFXCwtdO79TI1rzZLePdNd3My7UVXXcioAeB8xIxxxgDk10X2m2/wCei/ka6XUfhobrT47CLWR5SSGUSNZkNuIwePMxjGPy+ucn/hUJ/wCg4f8AwG/+zoWNpqcnfT+vIt4aTil/X5na/EnSjL4PtrOKQBri/jj3ON235ZCMZ6c4yR2z9K8PXWr3T1ENpPsTO5VaNX2ZA4BYE8cD+lFFcyjGUNUdKk4u6dj6Ng07w/ofiRWigvftCiGKNDMzxRmVpPmUM3BO0g+gAwOTnn/Fvh9dV1TWb26K2iQ6VCdRW3PmM2WZiEyFDHEWAzAYIU44ooqcPo5Jdn+hniG3yvzRwVzZXE/h2DVLe109bWdLmRFRpYZVA+2EBirEPt8skZGTtRTwDnT0e9tmv9L1PR73VVjPiC1txBcyKFVJwS/3eSS0bjJPKlQcnNFFKFSaWjNJQi3qj0CXUYHWGN0kil34LRchgf8AePFa39h/9Pcv5D/CiisIJNalyk09D//Z','baosteel.jpg',NULL),(9,'asia_valves','CÔNG TY TNHH ASIA VALVES','https://www.careerlink.vn/viec-lam-cua/cong-ty-tnhh-asia-valves/84043',84043,'data:image/jpeg;base64,/9j/4AAQSkZJRgABAQEAYABgAAD//gA+Q1JFQVRPUjogZ2QtanBlZyB2MS4wICh1c2luZyBJSkcgSlBFRyB2ODApLCBkZWZhdWx0IHF1YWxpdHkK/9sAQwAIBgYHBgUIBwcHCQkICgwUDQwLCwwZEhMPFB0aHx4dGhwcICQuJyAiLCMcHCg3KSwwMTQ0NB8nOT04MjwuMzQy/9sAQwEJCQkMCwwYDQ0YMiEcITIyMjIyMjIyMjIyMjIyMjIyMjIyMjIyMjIyMjIyMjIyMjIyMjIyMjIyMjIyMjIyMjIy/8AAEQgAGQA5AwEiAAIRAQMRAf/EAB8AAAEFAQEBAQEBAAAAAAAAAAABAgMEBQYHCAkKC//EALUQAAIBAwMCBAMFBQQEAAABfQECAwAEEQUSITFBBhNRYQcicRQygZGhCCNCscEVUtHwJDNicoIJChYXGBkaJSYnKCkqNDU2Nzg5OkNERUZHSElKU1RVVldYWVpjZGVmZ2hpanN0dXZ3eHl6g4SFhoeIiYqSk5SVlpeYmZqio6Slpqeoqaqys7S1tre4ubrCw8TFxsfIycrS09TV1tfY2drh4uPk5ebn6Onq8fLz9PX29/j5+v/EAB8BAAMBAQEBAQEBAQEAAAAAAAABAgMEBQYHCAkKC//EALURAAIBAgQEAwQHBQQEAAECdwABAgMRBAUhMQYSQVEHYXETIjKBCBRCkaGxwQkjM1LwFWJy0QoWJDThJfEXGBkaJicoKSo1Njc4OTpDREVGR0hJSlNUVVZXWFlaY2RlZmdoaWpzdHV2d3h5eoKDhIWGh4iJipKTlJWWl5iZmqKjpKWmp6ipqrKztLW2t7i5usLDxMXGx8jJytLT1NXW19jZ2uLj5OXm5+jp6vLz9PX29/j5+v/aAAwDAQACEQMRAD8A9A8JajpOu+HILnSg/wBiYvGsUuN8W1iArAE4O3aeTnBB71na5omgaDY3Gr3aFYYBvYE8Mew+pJwPrXnvwm+IN7Nqv9jXiQJbTFpyYoIYVEhIGdsaL13AHJP3RjAre+M2tBtPGhoHHmKJHcZC5yMDPQ8A8fSnKyY4RlLRIamtxjQb6eKH7Jb3lwUIkZSvkw4wcgkA79+fYCpNM8TeMrDSpZbO3hi0rLvG7um4KO43d36qO+fxPn+s6mn9h2ml6XJJcXUDTGYRRFiI/ObjpyCGB/PNaug3eo6hpf2CFLpoWfcYxExAYjcVJC44649xTdHmhzX2/IuMnF6or64kWpo6XILKx3HBxzWfovh60tbu11IWl6I4biNhcqjPEMsAFY9BkkYOfbHORv32k3uivBd3UVmCwfy47h1xvCZXKsQCNxA6nkcqw4b0L4XRRwxtPNIiTiHybiIzM06srttEijCqPmO3IJIOc44OLveyLio8jlI5K7nsL7yL8Nm084+XMwITeBuIJ/4D0+tTf8Jro/8Az+xf99CsvxHpFutx4i1C0vppIrXUUkAzuSRpWlDKT3ZVVTnrhsN2x599li/vp+VU5uLtYzUE1dszdNv2j1W1l8yO3SJwWaNdmQCDg4HPQV2nivxda+J4LWFZNhiySzsPvkgevIxn06+1eYr94VN3oaCM3F3R2WkeKNS0DUXOm3rJCHDGLIZG7c46nAGSMV3/AIi1W7i1nw5qlpZxzX91ZmUuZWjC7VDvtO7b0PRgcgAYOcHxux/j/wB/+ldx8R/+PDw1/wBgof8AslNRSTsPnbep6h4S1nVtavr2wnm1O7jmDBbuICG3IXaVaJTjpz91jnIJDAkjnNVvdV8K6drV/byKjLNHDloSMRxPIgAYBQ+cJkrg5ZuE4wz9n/7ms/8AXeP/ANFyVkfF3/kZdc/6/wCx/wDRMlD2uSnrY4q31Frm2lB2Dzec88MP84/Gtn/hFT6H/vuql597Qv8Ar2P/AKUT13VRTS1Zc29Ef//Z','asia_valves.jpg','50% 66%'),(10,'ctcp_pnj','Công Ty Cổ Phần Vàng Bạc Đá quý Phú Nhuận - PNJ','https://www.careerlink.vn/viec-lam-cua/cong-ty-co-phan-vang-bac-da-quy-phu-nhuan-pnj/58368',58368,'data:image/jpeg;base64,/9j/4AAQSkZJRgABAQEAYABgAAD//gA+Q1JFQVRPUjogZ2QtanBlZyB2MS4wICh1c2luZyBJSkcgSlBFRyB2ODApLCBkZWZhdWx0IHF1YWxpdHkK/9sAQwAIBgYHBgUIBwcHCQkICgwUDQwLCwwZEhMPFB0aHx4dGhwcICQuJyAiLCMcHCg3KSwwMTQ0NB8nOT04MjwuMzQy/9sAQwEJCQkMCwwYDQ0YMiEcITIyMjIyMjIyMjIyMjIyMjIyMjIyMjIyMjIyMjIyMjIyMjIyMjIyMjIyMjIyMjIyMjIy/8AAEQgAGQA5AwEiAAIRAQMRAf/EAB8AAAEFAQEBAQEBAAAAAAAAAAABAgMEBQYHCAkKC//EALUQAAIBAwMCBAMFBQQEAAABfQECAwAEEQUSITFBBhNRYQcicRQygZGhCCNCscEVUtHwJDNicoIJChYXGBkaJSYnKCkqNDU2Nzg5OkNERUZHSElKU1RVVldYWVpjZGVmZ2hpanN0dXZ3eHl6g4SFhoeIiYqSk5SVlpeYmZqio6Slpqeoqaqys7S1tre4ubrCw8TFxsfIycrS09TV1tfY2drh4uPk5ebn6Onq8fLz9PX29/j5+v/EAB8BAAMBAQEBAQEBAQEAAAAAAAABAgMEBQYHCAkKC//EALURAAIBAgQEAwQHBQQEAAECdwABAgMRBAUhMQYSQVEHYXETIjKBCBRCkaGxwQkjM1LwFWJy0QoWJDThJfEXGBkaJicoKSo1Njc4OTpDREVGR0hJSlNUVVZXWFlaY2RlZmdoaWpzdHV2d3h5eoKDhIWGh4iJipKTlJWWl5iZmqKjpKWmp6ipqrKztLW2t7i5usLDxMXGx8jJytLT1NXW19jZ2uLj5OXm5+jp6vLz9PX29/j5+v/aAAwDAQACEQMRAD8AvtFb6PpEUmo39ukl9dealw9sF+z7WjYQbUVsNgsRlQvyrkYAFSR+PYxfPZTeXLIbh8mC7R0CLEHL/ewMcjg44POQRXkETabcaVcvfXkyXrsrxBEfLlyCzE9MBeuQCdwOSF+a7eahbtY2mhR6PPEsEe25bz1IkJ2NklY1+UZ7lsZ69d2a952FKko62OnhvrzxH4guZbo3dxYW8/mwBYvMiU7yqHchwo2lvvZBKnnJr1nTbm+t/CotY7oNdWYEMotwrMqxgjDfNkHADE8Eb+nGD5t4a0uFNHTVLfS5N1sX3zxSlbaNRIcnBIO/jYcKwwVPYken28RstPkt9P8AKspVilQqsvmpG+XJycH5QxGQOgGO1VopOK6Ca91PueeW+rz6Zq+ry3Mk9zY3N6Zo0UBhbOcGRmOF4JKkAA9DgZzVqfxlpmlSW/nSxtJPbqbiOzhCLbLuGfNjKgo28sdwxkMAVbCms3xPpkKahBqTaRqj3cU2UlDD7MoVy2xmYfKNq5CgDkn5mLceZXX9nb4bC0WSO5jdozLtB89SxKjkYDdgcegPtUYPl5/kRJRcuVnqU0y6jaJJLLplxA5+z+ZBeg3IVwmBhcAbtxJ3AcjGfu1kf2npn/QS1L/wPFecWl7eQa0UguntXaU5ZZ/LOcqwyd2B8yqxzgAjqMcdf/bPiP8A6A8H/gZL/wDHqxnTctUdEOTqYkk48QNf6pBbW1vOMN9kt49kEcYVVDKGyAAcZycBSenbQewN/pNhcLczyS6nNJE0EUIwrKyHoWAbgqewA+nMHhf/AJB2sf8AYLm/nXY+C/8AkRof+u8380rSNX2UJNLqvxuJ03Vkrvv+h3vhybXJ9LW41zUbG4jjj8yGdVEUk4DnIkJPlg9AMe4JGDjUmsbmNtIsQYWuDbNbOA29MeWoI3FemQO34GuLsf8AkG6x/wBfR/8ARMVb2nf8ilYf9e93/wCgtUrSViXZx5vMXWLLxBZW0N9HHBDczIJpILk+a0bo2doMRVWBLnk+g4GOPFr26aS6W4n8m4aO4FwZDEikyZYknZwMk5K9sAdRXsd3/wAfT/8AXZP/AEKvHfE3/Ia1b/rs3/ob114GMZVnGSurX/FHPinKNBSi7a2/Aq6vqdk2nRXqweVdzbd1vnayc7g4OM8/KQe4P1zzW5v72of9/Kua30t/+vZv/Sh656uZLqdHof/Z','PNJ.jpg','50% 38%'),(11,'ecco_vn','CÔNG TY TNHH ECCO VN','https://www.careerlink.vn/viec-lam-cua/cong-ty-tnhh-ecco-vn/144606',144606,'data:image/jpeg;base64,/9j/4AAQSkZJRgABAQEAYABgAAD//gA+Q1JFQVRPUjogZ2QtanBlZyB2MS4wICh1c2luZyBJSkcgSlBFRyB2ODApLCBkZWZhdWx0IHF1YWxpdHkK/9sAQwAIBgYHBgUIBwcHCQkICgwUDQwLCwwZEhMPFB0aHx4dGhwcICQuJyAiLCMcHCg3KSwwMTQ0NB8nOT04MjwuMzQy/9sAQwEJCQkMCwwYDQ0YMiEcITIyMjIyMjIyMjIyMjIyMjIyMjIyMjIyMjIyMjIyMjIyMjIyMjIyMjIyMjIyMjIyMjIy/8AAEQgAGQA5AwEiAAIRAQMRAf/EAB8AAAEFAQEBAQEBAAAAAAAAAAABAgMEBQYHCAkKC//EALUQAAIBAwMCBAMFBQQEAAABfQECAwAEEQUSITFBBhNRYQcicRQygZGhCCNCscEVUtHwJDNicoIJChYXGBkaJSYnKCkqNDU2Nzg5OkNERUZHSElKU1RVVldYWVpjZGVmZ2hpanN0dXZ3eHl6g4SFhoeIiYqSk5SVlpeYmZqio6Slpqeoqaqys7S1tre4ubrCw8TFxsfIycrS09TV1tfY2drh4uPk5ebn6Onq8fLz9PX29/j5+v/EAB8BAAMBAQEBAQEBAQEAAAAAAAABAgMEBQYHCAkKC//EALURAAIBAgQEAwQHBQQEAAECdwABAgMRBAUhMQYSQVEHYXETIjKBCBRCkaGxwQkjM1LwFWJy0QoWJDThJfEXGBkaJicoKSo1Njc4OTpDREVGR0hJSlNUVVZXWFlaY2RlZmdoaWpzdHV2d3h5eoKDhIWGh4iJipKTlJWWl5iZmqKjpKWmp6ipqrKztLW2t7i5usLDxMXGx8jJytLT1NXW19jZ2uLj5OXm5+jp6vLz9PX29/j5+v/aAAwDAQACEQMRAD8A9eTT9Tk1EFNSia1t5NrRS26s0qkA4ZuvGcA9eOd1VtTjl/smUx+VFPErASpuVUIyjMVJIIABIU5zgfUYHij4gyeGbPUZ10+a6lkvY7eCHymA3NEh+YnG3vgdTjgHkilqXiy+u9CgWOwFjr86yBdOePexLSEjazbQVKKzEjK8dRjlNe9y27FR2u2adjbWs2hwReasLKu8y2ckbZO4FvkZQACS3y46dPbmV8A6Hp87x2SX7SMWzObfzEj+UlmIjBOMtjBzzgjA5rciEcHhywWyktlu5ov3kqyoUt8ZWR+DhsMCCB3B5FZup+J7fTr200+3MdzqV1eJFEm7iMBsPI468bWwB6ZzXM4yjbmW4ldu6M688OahY6larLd2TQBCsLzXAjkZju4VCchcGMFR+Hqc6/tYIWhaWxvdOnErQgz25i83bjYxYAKMtk7mC9TgNgV2PiLXtQmj1B77TJPJttyWht5Qv2jzIyu3OSM7iQM4Jyvy9a5t/FH2qyto7iT7Nqf9nwNK32fe64ba/wC9ySm9iRzuO0Hg8Vo483vFRlZ6FZrhbuSNJbfyZY0QyHf8oBwQVBxhTlTjjrx6VP51z/ctP/AmP/41XP3/AIgu5Ue20a30t4luR5xeBVDkHqAm3cvzP98E42lSSc1F/aUn/Prpf/fl/wD4qoUU+pXMyLx3d6vZ32rz3kaymWaKLz3iVDchEGThSwC8IQOxb1BA6/4ZeIH8QSxzXerQmWA7RA5IlYFCMdfm5IOeevQcZj+In3U/6+7f/wBqV5dp/wDzBP8Agf8A6UiumpUbjdaf8MZwlz0ldHteu6ayv9stLVbq4kuJGSaWKQmMSBhtZBtIIDsuewAzzXlnjew1e31m01nRbO8tpkDxNLY+aViK/KTu7E/Nk4XPcZ3E+7+G/wDkW7L/AIH/AOhmvJvGP/JSP+4a/wD6USVzQm3JN9SraaDdG8aSXHhqS1u9Jt7txaSWxuYE8tYj0VWVghCY6lWPK4Cjiqgm1FoMRKsuYo13mUhYgpzsjQ52rkJnnLbcnOeMaH/j+T/f/rXW6d/qLf8A3h/OlUlaDYRV3YiM6iCPfAqShQGwB1A5xj3qr9oHoPyFSz9Pw/pWJUxVkUf/2Q==','ecco.jpg','50% 50%'),(12,'sapporo_vn','Công Ty TNHH Sapporo Việt Nam','https://www.careerlink.vn/viec-lam-cua/cong-ty-tnhh-sapporo-viet-nam/45223',45223,'data:image/jpeg;base64,/9j/4AAQSkZJRgABAQEAYABgAAD//gA+Q1JFQVRPUjogZ2QtanBlZyB2MS4wICh1c2luZyBJSkcgSlBFRyB2ODApLCBkZWZhdWx0IHF1YWxpdHkK/9sAQwAIBgYHBgUIBwcHCQkICgwUDQwLCwwZEhMPFB0aHx4dGhwcICQuJyAiLCMcHCg3KSwwMTQ0NB8nOT04MjwuMzQy/9sAQwEJCQkMCwwYDQ0YMiEcITIyMjIyMjIyMjIyMjIyMjIyMjIyMjIyMjIyMjIyMjIyMjIyMjIyMjIyMjIyMjIyMjIy/8AAEQgAGQA5AwEiAAIRAQMRAf/EAB8AAAEFAQEBAQEBAAAAAAAAAAABAgMEBQYHCAkKC//EALUQAAIBAwMCBAMFBQQEAAABfQECAwAEEQUSITFBBhNRYQcicRQygZGhCCNCscEVUtHwJDNicoIJChYXGBkaJSYnKCkqNDU2Nzg5OkNERUZHSElKU1RVVldYWVpjZGVmZ2hpanN0dXZ3eHl6g4SFhoeIiYqSk5SVlpeYmZqio6Slpqeoqaqys7S1tre4ubrCw8TFxsfIycrS09TV1tfY2drh4uPk5ebn6Onq8fLz9PX29/j5+v/EAB8BAAMBAQEBAQEBAQEAAAAAAAABAgMEBQYHCAkKC//EALURAAIBAgQEAwQHBQQEAAECdwABAgMRBAUhMQYSQVEHYXETIjKBCBRCkaGxwQkjM1LwFWJy0QoWJDThJfEXGBkaJicoKSo1Njc4OTpDREVGR0hJSlNUVVZXWFlaY2RlZmdoaWpzdHV2d3h5eoKDhIWGh4iJipKTlJWWl5iZmqKjpKWmp6ipqrKztLW2t7i5usLDxMXGx8jJytLT1NXW19jZ2uLj5OXm5+jp6vLz9PX29/j5+v/aAAwDAQACEQMRAD8A2pZPIjs7o6eI9KzljEit5JRFKOAOV28j6AjIDVbutOlmWeKeO32uhVyE4LlTk7z1VlJ6jkd6doiOtj5Nwske8KzB0KlW2/KcH689eD64qbVku5tCuNPj85Jh8qhHCOASVYAkEAgMTnjvznGNJTexKitzEi0vToL7StOESJZySEtBby5QMwwwXocfM2Ae578Y6S6j+Hd5YPp8tlZWr3BljEwiRZVZCQ77zk8MpG45BOBznBwNK0gKtnf30srGylTF1ISq8ONytuVS52rnKgnO7d2NR25k0zxJqtvfKYdNtbpr8PIyssUTsOUXcSQXJY7QcFz0bAM1FL3VBX5nZGlNc13PSyKXhTwvrGhaob29ureSCSBkRYGZ2zuU5I8tSMbG4xnmutmSDEkSyosm0gIxG48dMdzzVWCwul8TizbTpzaFYvLlld3PmgkuWYsQoAwwOOexJ4rooNLguTM1le3Ug3lQynB3AYPJ6cg9xyD3qVFXujBzlbXT1PLdR8JahqLNNG9sFf5dskmCQcc4GeMH61Q/4QDUv79p/wCBL/8AxNem3HhfQbVgl/D/AGgzMdtu/wAylgrMQFAy54ztGfun0qf+0rr/AKB9l+UP+NUqSZEsRZ7N+iKtxqFhBDcsZtn2Qp5jsMAq+0L3JPLKv4gdqj0zWLHVri5WKUma0ykiqAS6hOGAB7crzjkAd81R1z/kB3X/AGBrv/0Qai+G/wDyLul/7sn86UlZrzNk7nePaQXmiG3mDCKWIoUIDkZxyBzzwCDziuZtdK1TUNCu9MRdRsttwjW015MJ5ECy7vlCBdoIzg7jjcAG2qBXbw/8ekv+7VfQP+PzUv8Arsv/AKCK66VaUKbS8n6M5q02qsYL7V/yZm2Gj2MVrYLf3E7TWcHlKsgKkKcA5UfLggAdOB0Pqmp6/brDJEFEVup+8Ii2ckcDAPc9q0/EH+r/AOAj+dcRqH/HzF/uyf8AoDVk3zPme7f5nFia84T9mui17uyvbyILiO61O5lFpfJ5qPjkEKg44BcAbiGBJIPGBjnJzP8AhVdn/wBBiX/v9F/jXTeH/u2f/Xa+/wDR1dfWbu3a51UKFKUFKUdX/kf/2Q==','sapporo.jpg','50% 35%'),(13,'astee_horie_vn','Astee Horie VN Co., ltd','https://www.careerlink.vn/viec-lam-cua/astee-horie-vn-co.-ltd/29008',29008,'data:image/jpeg;base64,/9j/4AAQSkZJRgABAQEAYABgAAD//gA+Q1JFQVRPUjogZ2QtanBlZyB2MS4wICh1c2luZyBJSkcgSlBFRyB2ODApLCBkZWZhdWx0IHF1YWxpdHkK/9sAQwAIBgYHBgUIBwcHCQkICgwUDQwLCwwZEhMPFB0aHx4dGhwcICQuJyAiLCMcHCg3KSwwMTQ0NB8nOT04MjwuMzQy/9sAQwEJCQkMCwwYDQ0YMiEcITIyMjIyMjIyMjIyMjIyMjIyMjIyMjIyMjIyMjIyMjIyMjIyMjIyMjIyMjIyMjIyMjIy/8AAEQgAGQA5AwEiAAIRAQMRAf/EAB8AAAEFAQEBAQEBAAAAAAAAAAABAgMEBQYHCAkKC//EALUQAAIBAwMCBAMFBQQEAAABfQECAwAEEQUSITFBBhNRYQcicRQygZGhCCNCscEVUtHwJDNicoIJChYXGBkaJSYnKCkqNDU2Nzg5OkNERUZHSElKU1RVVldYWVpjZGVmZ2hpanN0dXZ3eHl6g4SFhoeIiYqSk5SVlpeYmZqio6Slpqeoqaqys7S1tre4ubrCw8TFxsfIycrS09TV1tfY2drh4uPk5ebn6Onq8fLz9PX29/j5+v/EAB8BAAMBAQEBAQEBAQEAAAAAAAABAgMEBQYHCAkKC//EALURAAIBAgQEAwQHBQQEAAECdwABAgMRBAUhMQYSQVEHYXETIjKBCBRCkaGxwQkjM1LwFWJy0QoWJDThJfEXGBkaJicoKSo1Njc4OTpDREVGR0hJSlNUVVZXWFlaY2RlZmdoaWpzdHV2d3h5eoKDhIWGh4iJipKTlJWWl5iZmqKjpKWmp6ipqrKztLW2t7i5usLDxMXGx8jJytLT1NXW19jZ2uLj5OXm5+jp6vLz9PX29/j5+v/aAAwDAQACEQMRAD8A9b+3xXy+Vp99GXSbbK8YEgQoyl42/usQcYPIznHFWIJRp9kscrySiFcBgrsxUdOSWZ2xjJySTz3rFj1BBcJujlSaZj8py2wnkg4yB065x2B5Fa6kht7yZU4AVsYB6cfU0SlrYOhoyJM0TiLashU7WZdwB7EjIyPbIqh5sougCMoA4IJAJK479jjPB6gZpL3WfsNmbm4ZYoFUh9iNIwIHbAyfy5OBXO2VpOt3pkssdy1ys8uJwQVLbdu5lGdoII4JyNvHJFaqm3DnM3Nc3KdF/allFcW1vLcKJrkt5aZBJA6k47cj8xU8d3bSo7QyrIFYqdp/iBwwz6ggj6iuW8UX8D3yKscct1ZzRvGsg80wSEH5yoxyBzjJ/vYwM1g/8LA0rSPEK6HcNbW8ip5t9JsbmZto2qEX5nJJYnGMH8lOMY01Nvf+rihNym4o7C+liup2RmYBYzv2vgqfQ4OR1BqLyYf+fOf/AL+L/jVKPWtJvLtLS2uBLPJE0mxcs2wsAee3zMBjr7cVlfYdW/5/L3/wLP8A8j1FJRmr3RpNuLs0YLW8mp+LY9aV5RbRnAtJG+QBo9jHbkjfhmGc45+uensNMiXUTerb28RHCKkES4BBDchdwznn5j1/PB0v/VP/ALw/lXWW3+qFcr1tc+bw2LrVvelLzM7xbqflfY7eS3MqM3mIu9htwMdR1+9n+nTPGy6n4msbyFbSa2voreBYIkiZp+GACfvCsZYlt2eQCWKhQUUV0fj3/j2sv+B/+y15V4l/5BNp/uN/6NWvUqu2Gptef4HRTxMliJx9P0O21bxVrEzJZ3Lx+QsPlHy1Yp5ikZPzMCwIZPvDqo/vMazLnRfDr31zLeaRcT+bcqAFuhFHBFuJPloi45GAVPvgr1Oan/IG0r/df/0GCtu7/i+tc1a8aEJLq5fov0ODE5pXp1E49V/X5mJ4h0/SINEvEsLzU57i5jjt1bVLhEUoZVkLBiB0aLZknANcr/wgHib/AJ52f/gRHXRax/yLGp/9dIv/AEGSvMq56Xw2/rdnu4LFTxMHOe5//9k=','astee_horie.jpg','50% 40%'),(14,'koken','ＫＯＫＥＮ',NULL,NULL,'data:image/jpeg;base64,/9j/4AAQSkZJRgABAQEAYABgAAD//gA+Q1JFQVRPUjogZ2QtanBlZyB2MS4wICh1c2luZyBJSkcgSlBFRyB2ODApLCBkZWZhdWx0IHF1YWxpdHkK/9sAQwAIBgYHBgUIBwcHCQkICgwUDQwLCwwZEhMPFB0aHx4dGhwcICQuJyAiLCMcHCg3KSwwMTQ0NB8nOT04MjwuMzQy/9sAQwEJCQkMCwwYDQ0YMiEcITIyMjIyMjIyMjIyMjIyMjIyMjIyMjIyMjIyMjIyMjIyMjIyMjIyMjIyMjIyMjIyMjIy/8AAEQgAGQA5AwEiAAIRAQMRAf/EAB8AAAEFAQEBAQEBAAAAAAAAAAABAgMEBQYHCAkKC//EALUQAAIBAwMCBAMFBQQEAAABfQECAwAEEQUSITFBBhNRYQcicRQygZGhCCNCscEVUtHwJDNicoIJChYXGBkaJSYnKCkqNDU2Nzg5OkNERUZHSElKU1RVVldYWVpjZGVmZ2hpanN0dXZ3eHl6g4SFhoeIiYqSk5SVlpeYmZqio6Slpqeoqaqys7S1tre4ubrCw8TFxsfIycrS09TV1tfY2drh4uPk5ebn6Onq8fLz9PX29/j5+v/EAB8BAAMBAQEBAQEBAQEAAAAAAAABAgMEBQYHCAkKC//EALURAAIBAgQEAwQHBQQEAAECdwABAgMRBAUhMQYSQVEHYXETIjKBCBRCkaGxwQkjM1LwFWJy0QoWJDThJfEXGBkaJicoKSo1Njc4OTpDREVGR0hJSlNUVVZXWFlaY2RlZmdoaWpzdHV2d3h5eoKDhIWGh4iJipKTlJWWl5iZmqKjpKWmp6ipqrKztLW2t7i5usLDxMXGx8jJytLT1NXW19jZ2uLj5OXm5+jp6vLz9PX29/j5+v/aAAwDAQACEQMRAD8A5qPSXfw0l4srMjSv8kUuRncdhIztJw5wTnr6dfRbjT7Twj4dtNRntzqNu9yE+zSyFE2orbATtYnnA2/dOQD6Vy+lX2n6RHaaGdOmvrc3PnvL9rWERuPNh3bQm4kKwJ+bkqMcZzv/ABKu7q70XQ4bGxnkt5zcFzC5DCUIVUbuRghmyuMsFwuKaSQHO698RrnWbyR7p98cUyiCwCMijIb5xx8+NqH5wM7zhcZxyMRlvb5Ukkw7hUWSZwAg5UZZiAoA2jJ4GKqW9hc3IEqKYCgKhVRyeBnsCeSfzPYdNS10l4LqeC53Za0ZpmdGYKvBjK4OfmYIAx4+cdjVXsTqOilstM86X7akt0LbcgQtgyblyh4AJ2gnqQRxyx21gren5QmHbAwDz3ycA5rs7HwxbyaXNKkaCMRFjcySJNHNgrwi7cx5JXk9OhHzVRt49MvmYaZY2jiB1eRbucgnLkBQVZfMBwOVVTk4x0Jjdto0afIm/MxbrV9XvrO5VjMto9wshhiTy4VfaedgwoJAx06D2rJ3XPpL/wB9Cu+1Tw5dXl7ZqiabYrcoDFArSLzgZLb9zDsPmOMkDgnB3P8AhXln/wBB1/8AwWR//HarUzNrQNI8G3ulwLrN8keqratIyXJETxFEYSsFckPzvY7gRycjHA0tDvItShuLQaTcXWlJKsrR3UQXyydrxYIZlY7SpJUnjO5VyM8fYf8AIe8O/wDX3ov/AKSXFe4J99P8+tZzlZlxV0eYt4eu7S5uLqNLU6ZPIssS3nkpLLuwWXcwHIAfg4yAvP3jWZdeENb1f7XfwWFgi3MKL50EiymZMphWQuY9oCKVCquMDnjB7DxD/wAjxF/2D4//AEOWt3Q/+QNbf7j/APob1erjuQpLmasee3HgK9s9Lh04WVsqxxuYru0geUFipJDjcX3NhfmxgGNcHnA5jRfCjaXqqaBrWkFpWRrrdEHLxKWIG7BKlSFwSDwDgsCDj3q1/wCPSL/d/wDZjWd4g/5AM3/Xhcf+gVpGSXToEuZq19L3PnjUdd0W+iha2sp1aZhK88kSCSQBXDLjcwA5wDxyAflHBrfZtO/6Czf9+n/xqTxN/wAflt/1zn/9BSuGrK7WxpG09z//2Q==','koken.jpg','50% 100%');
/*!40000 ALTER TABLE `BackgroundCoverTopPage` ENABLE KEYS */;
UNLOCK TABLES;

--
-- Table structure for table `Blacklisted`
--

DROP TABLE IF EXISTS `Blacklisted`;
/*!40101 SET @saved_cs_client     = @@character_set_client */;
/*!40101 SET character_set_client = utf8 */;
CREATE TABLE `Blacklisted` (
  `id` int(11) NOT NULL AUTO_INCREMENT,
  `binRemoteIp` bigint(20) NOT NULL,
  `remoteIp` varchar(255) COLLATE utf8_unicode_ci NOT NULL,
  `createdAt` int(11) NOT NULL,
  `dtCreatedAt` datetime NOT NULL,
  `expiresAt` int(11) NOT NULL,
  `dtExpiresAt` datetime NOT NULL,
  `siteId` int(11) NOT NULL,
  PRIMARY KEY (`id`),
  KEY `idx_site_id_expires_at` (`siteId`,`binRemoteIp`,`expiresAt`)
) ENGINE=InnoDB DEFAULT CHARSET=utf8 COLLATE=utf8_unicode_ci;
/*!40101 SET character_set_client = @saved_cs_client */;

--
-- Dumping data for table `Blacklisted`
--

LOCK TABLES `Blacklisted` WRITE;
/*!40000 ALTER TABLE `Blacklisted` DISABLE KEYS */;
/*!40000 ALTER TABLE `Blacklisted` ENABLE KEYS */;
UNLOCK TABLES;

--
-- Table structure for table `CareerAdviceCategory`
--

DROP TABLE IF EXISTS `CareerAdviceCategory`;
/*!40101 SET @saved_cs_client     = @@character_set_client */;
/*!40101 SET character_set_client = utf8 */;
CREATE TABLE `CareerAdviceCategory` (
  `id` int(11) NOT NULL AUTO_INCREMENT,
  `isActive` tinyint(1) NOT NULL,
  `isSpecial` tinyint(1) NOT NULL,
  `descriptionVi` varchar(255) COLLATE utf8_unicode_ci DEFAULT NULL,
  `descriptionEn` varchar(255) COLLATE utf8_unicode_ci DEFAULT NULL,
  `descriptionJa` varchar(255) COLLATE utf8_unicode_ci DEFAULT NULL,
  `descriptionKh` varchar(255) COLLATE utf8_unicode_ci DEFAULT NULL,
  `descriptionTh` varchar(255) COLLATE utf8_unicode_ci DEFAULT NULL,
  `descriptionId` varchar(255) COLLATE utf8_unicode_ci DEFAULT NULL,
  `descriptionTl` varchar(255) COLLATE utf8_unicode_ci DEFAULT NULL,
  `descriptionZh` varchar(255) COLLATE utf8_unicode_ci DEFAULT NULL,
  `metaDescriptionVi` varchar(255) COLLATE utf8_unicode_ci DEFAULT NULL,
  `metaDescriptionEn` varchar(255) COLLATE utf8_unicode_ci DEFAULT NULL,
  `metaDescriptionJa` varchar(255) COLLATE utf8_unicode_ci DEFAULT NULL,
  `metaDescriptionKh` varchar(255) COLLATE utf8_unicode_ci DEFAULT NULL,
  `metaDescriptionTh` varchar(255) COLLATE utf8_unicode_ci DEFAULT NULL,
  `metaDescriptionId` varchar(255) COLLATE utf8_unicode_ci DEFAULT NULL,
  `metaDescriptionTl` varchar(255) COLLATE utf8_unicode_ci DEFAULT NULL,
  `metaDescriptionZh` varchar(255) COLLATE utf8_unicode_ci DEFAULT NULL,
  `metaKeywordVi` varchar(255) COLLATE utf8_unicode_ci DEFAULT NULL,
  `metaKeywordEn` varchar(255) COLLATE utf8_unicode_ci DEFAULT NULL,
  `metaKeywordJa` varchar(255) COLLATE utf8_unicode_ci DEFAULT NULL,
  `metaKeywordKh` varchar(255) COLLATE utf8_unicode_ci DEFAULT NULL,
  `metaKeywordTh` varchar(255) COLLATE utf8_unicode_ci DEFAULT NULL,
  `metaKeywordId` varchar(255) COLLATE utf8_unicode_ci DEFAULT NULL,
  `metaKeywordTl` varchar(255) COLLATE utf8_unicode_ci DEFAULT NULL,
  `metaKeywordZh` varchar(255) COLLATE utf8_unicode_ci DEFAULT NULL,
  `nameVi` varchar(255) COLLATE utf8_unicode_ci DEFAULT NULL,
  `nameEn` varchar(255) COLLATE utf8_unicode_ci DEFAULT NULL,
  `nameJa` varchar(255) COLLATE utf8_unicode_ci DEFAULT NULL,
  `nameKh` varchar(255) COLLATE utf8_unicode_ci DEFAULT NULL,
  `nameTh` varchar(255) COLLATE utf8_unicode_ci DEFAULT NULL,
  `nameId` varchar(255) COLLATE utf8_unicode_ci DEFAULT NULL,
  `nameTl` varchar(255) COLLATE utf8_unicode_ci DEFAULT NULL,
  `nameZh` varchar(255) COLLATE utf8_unicode_ci DEFAULT NULL,
  `urlPartVi` varchar(255) COLLATE utf8_unicode_ci DEFAULT NULL,
  `urlPartEn` varchar(255) COLLATE utf8_unicode_ci DEFAULT NULL,
  `urlPartJa` varchar(255) COLLATE utf8_unicode_ci DEFAULT NULL,
  `urlPartKh` varchar(255) COLLATE utf8_unicode_ci DEFAULT NULL,
  `urlPartTh` varchar(255) COLLATE utf8_unicode_ci DEFAULT NULL,
  `urlPartId` varchar(255) COLLATE utf8_unicode_ci DEFAULT NULL,
  `urlPartTl` varchar(255) COLLATE utf8_unicode_ci DEFAULT NULL,
  `urlPartZh` varchar(255) COLLATE utf8_unicode_ci DEFAULT NULL,
  `latestPage_id` int(11) DEFAULT NULL,
  PRIMARY KEY (`id`),
  UNIQUE KEY `UNIQ_CBF1E65078B1944F` (`nameVi`),
  UNIQUE KEY `UNIQ_CBF1E650873A407E` (`nameEn`),
  UNIQUE KEY `UNIQ_CBF1E650901D4120` (`nameJa`),
  UNIQUE KEY `UNIQ_CBF1E650F0DAC8C5` (`nameKh`),
  UNIQUE KEY `UNIQ_CBF1E6503D80C65B` (`nameTh`),
  UNIQUE KEY `UNIQ_CBF1E650CB5AE66C` (`nameId`),
  UNIQUE KEY `UNIQ_CBF1E6503AED0242` (`nameTl`),
  UNIQUE KEY `UNIQ_CBF1E650A303EBD5` (`nameZh`),
  UNIQUE KEY `UNIQ_CBF1E6501CC3FFF7` (`urlPartVi`),
  UNIQUE KEY `UNIQ_CBF1E650E3482BC6` (`urlPartEn`),
  UNIQUE KEY `UNIQ_CBF1E650F46F2A98` (`urlPartJa`),
  UNIQUE KEY `UNIQ_CBF1E65094A8A37D` (`urlPartKh`),
  UNIQUE KEY `UNIQ_CBF1E65059F2ADE3` (`urlPartTh`),
  UNIQUE KEY `UNIQ_CBF1E650AF288DD4` (`urlPartId`),
  UNIQUE KEY `UNIQ_CBF1E6505E9F69FA` (`urlPartTl`),
  UNIQUE KEY `UNIQ_CBF1E650C771806D` (`urlPartZh`),
  UNIQUE KEY `UNIQ_CBF1E650EE5C0E79` (`latestPage_id`),
  CONSTRAINT `FK_CBF1E650EE5C0E79` FOREIGN KEY (`latestPage_id`) REFERENCES `CareerAdvicePage` (`id`)
) ENGINE=InnoDB AUTO_INCREMENT=11 DEFAULT CHARSET=utf8 COLLATE=utf8_unicode_ci;
/*!40101 SET character_set_client = @saved_cs_client */;

--
-- Dumping data for table `CareerAdviceCategory`
--

LOCK TABLES `CareerAdviceCategory` WRITE;
/*!40000 ALTER TABLE `CareerAdviceCategory` DISABLE KEYS */;
INSERT INTO `CareerAdviceCategory` VALUES (1,1,0,NULL,NULL,NULL,NULL,NULL,NULL,NULL,NULL,NULL,NULL,NULL,NULL,NULL,NULL,NULL,NULL,NULL,NULL,NULL,NULL,NULL,NULL,NULL,NULL,'Trước suy nghĩ về thay đổi công việc','Things to Consider Before Changing Your Job','Before thinking about changing jobs (ja)',NULL,NULL,NULL,NULL,NULL,'truoc-suy-nghi-ve-thay-doi-cong-viec','things-to-consider-before-changing-your-job','before-thinking-about-changing-jobs-ja',NULL,NULL,NULL,NULL,NULL,NULL),(2,1,0,NULL,NULL,NULL,NULL,NULL,NULL,NULL,NULL,NULL,NULL,NULL,NULL,NULL,NULL,NULL,NULL,NULL,NULL,NULL,NULL,NULL,NULL,NULL,NULL,'Nghiệp','Vocational Guidance','Vocational Guidance (ja)',NULL,NULL,NULL,NULL,NULL,'nghiep','vocational-guidance','vocational-guidance-ja',NULL,NULL,NULL,NULL,NULL,NULL),(3,1,0,NULL,NULL,NULL,NULL,NULL,NULL,NULL,NULL,NULL,NULL,NULL,NULL,NULL,NULL,NULL,NULL,NULL,NULL,NULL,NULL,NULL,NULL,NULL,NULL,'Tìm Việc','Search Jobs','Search Jobs (ja)',NULL,NULL,NULL,NULL,NULL,'tim-viec','search-jobs','search-jobs-ja',NULL,NULL,NULL,NULL,NULL,NULL),(4,1,0,NULL,NULL,NULL,NULL,NULL,NULL,NULL,NULL,NULL,NULL,NULL,NULL,NULL,NULL,NULL,NULL,NULL,NULL,NULL,NULL,NULL,NULL,NULL,NULL,'Viết Resume','Resume Writing','Resume Writing (ja)',NULL,NULL,NULL,NULL,NULL,'viet-resume','resume-writing','resume-writing-ja',NULL,NULL,NULL,NULL,NULL,NULL),(5,0,0,NULL,NULL,NULL,NULL,NULL,NULL,NULL,NULL,NULL,NULL,NULL,NULL,NULL,NULL,NULL,NULL,NULL,NULL,NULL,NULL,NULL,NULL,NULL,NULL,'Thư Xin Việc','Success Story','Success Story (ja)',NULL,NULL,NULL,NULL,NULL,'thu-xin-viec','success-story','success-story-ja',NULL,NULL,NULL,NULL,NULL,NULL),(6,1,0,NULL,NULL,NULL,NULL,NULL,NULL,NULL,NULL,NULL,NULL,NULL,NULL,NULL,NULL,NULL,NULL,NULL,NULL,NULL,NULL,NULL,NULL,NULL,NULL,'Thư Xin Việc active (vi)','Labour Law','Labour Law (ja)',NULL,NULL,NULL,NULL,NULL,'thu-xin-viec-active-vi','labour-law','labour-law-ja',NULL,NULL,NULL,NULL,NULL,NULL),(7,1,0,NULL,NULL,NULL,NULL,NULL,NULL,NULL,NULL,NULL,NULL,NULL,NULL,NULL,NULL,NULL,NULL,NULL,NULL,NULL,NULL,NULL,NULL,NULL,NULL,'Phỏng Vấn','Interview','Interview (ja)',NULL,NULL,NULL,NULL,NULL,'phong-van','interview','interview-ja',NULL,NULL,NULL,NULL,NULL,NULL),(8,1,0,NULL,NULL,NULL,NULL,NULL,NULL,NULL,NULL,NULL,NULL,NULL,NULL,NULL,NULL,NULL,NULL,NULL,NULL,NULL,NULL,NULL,NULL,NULL,NULL,'Đổi nghề','Change Job','Change Job (ja)',NULL,NULL,NULL,NULL,NULL,'doi-nghe','change-job','change-job-ja',NULL,NULL,NULL,NULL,NULL,NULL),(9,1,0,NULL,NULL,NULL,NULL,NULL,NULL,NULL,NULL,NULL,NULL,NULL,NULL,NULL,NULL,NULL,NULL,NULL,NULL,NULL,NULL,NULL,NULL,NULL,NULL,'Online news (vi)','Online news','Online news (ja)',NULL,NULL,NULL,NULL,NULL,'online-news-vi','online-news','online-news-ja',NULL,NULL,NULL,NULL,NULL,NULL),(10,1,0,NULL,NULL,NULL,NULL,NULL,NULL,NULL,NULL,NULL,NULL,NULL,NULL,NULL,NULL,NULL,NULL,NULL,NULL,NULL,NULL,NULL,NULL,NULL,NULL,'Enterprise Law (vi)','Enterprise Law','Enterprise Law (ja)',NULL,NULL,NULL,NULL,NULL,'enterprise-law-vi','enterprise-law','enterprise-law-ja',NULL,NULL,NULL,NULL,NULL,NULL);
/*!40000 ALTER TABLE `CareerAdviceCategory` ENABLE KEYS */;
UNLOCK TABLES;

--
-- Table structure for table `CareerAdvicePage`
--

DROP TABLE IF EXISTS `CareerAdvicePage`;
/*!40101 SET @saved_cs_client     = @@character_set_client */;
/*!40101 SET character_set_client = utf8 */;
CREATE TABLE `CareerAdvicePage` (
  `id` int(11) NOT NULL AUTO_INCREMENT,
  `career_advice_category_id` int(11) DEFAULT NULL,
  `career_advice_sub_category_id` int(11) DEFAULT NULL,
  `page_id` int(11) DEFAULT NULL,
  `urlPartVi` varchar(255) COLLATE utf8_unicode_ci DEFAULT NULL,
  `urlPartEn` varchar(255) COLLATE utf8_unicode_ci DEFAULT NULL,
  `urlPartJa` varchar(255) COLLATE utf8_unicode_ci DEFAULT NULL,
  `urlPartKh` varchar(255) COLLATE utf8_unicode_ci DEFAULT NULL,
  `urlPartTh` varchar(255) COLLATE utf8_unicode_ci DEFAULT NULL,
  `urlPartId` varchar(255) COLLATE utf8_unicode_ci DEFAULT NULL,
  `urlPartTl` varchar(255) COLLATE utf8_unicode_ci DEFAULT NULL,
  `urlPartZh` varchar(255) COLLATE utf8_unicode_ci DEFAULT NULL,
  `imageId` varchar(255) COLLATE utf8_unicode_ci DEFAULT NULL,
  `isFeatured` tinyint(1) NOT NULL,
  `isActive` tinyint(1) NOT NULL,
  `postedAt` datetime NOT NULL,
  `modifiedAt` datetime DEFAULT NULL,
  `alt` varchar(255) COLLATE utf8_unicode_ci DEFAULT NULL,
  `descriptionVi` varchar(255) COLLATE utf8_unicode_ci DEFAULT NULL,
  `descriptionEn` varchar(255) COLLATE utf8_unicode_ci DEFAULT NULL,
  `descriptionJa` varchar(255) COLLATE utf8_unicode_ci DEFAULT NULL,
  `descriptionKh` varchar(255) COLLATE utf8_unicode_ci DEFAULT NULL,
  `descriptionTh` varchar(255) COLLATE utf8_unicode_ci DEFAULT NULL,
  `descriptionId` varchar(255) COLLATE utf8_unicode_ci DEFAULT NULL,
  `descriptionTl` varchar(255) COLLATE utf8_unicode_ci DEFAULT NULL,
  `descriptionZh` varchar(255) COLLATE utf8_unicode_ci DEFAULT NULL,
  `titleVi` varchar(255) COLLATE utf8_unicode_ci DEFAULT NULL,
  `titleEn` varchar(255) COLLATE utf8_unicode_ci DEFAULT NULL,
  `titleJa` varchar(255) COLLATE utf8_unicode_ci DEFAULT NULL,
  `titleKh` varchar(255) COLLATE utf8_unicode_ci DEFAULT NULL,
  `titleTh` varchar(255) COLLATE utf8_unicode_ci DEFAULT NULL,
  `titleId` varchar(255) COLLATE utf8_unicode_ci DEFAULT NULL,
  `titleTl` varchar(255) COLLATE utf8_unicode_ci DEFAULT NULL,
  `titleZh` varchar(255) COLLATE utf8_unicode_ci DEFAULT NULL,
  `h1Vi` varchar(255) COLLATE utf8_unicode_ci DEFAULT NULL,
  `h1En` varchar(255) COLLATE utf8_unicode_ci DEFAULT NULL,
  `h1Ja` varchar(255) COLLATE utf8_unicode_ci DEFAULT NULL,
  `h1Kh` varchar(255) COLLATE utf8_unicode_ci DEFAULT NULL,
  `h1Th` varchar(255) COLLATE utf8_unicode_ci DEFAULT NULL,
  `h1Id` varchar(255) COLLATE utf8_unicode_ci DEFAULT NULL,
  `h1Tl` varchar(255) COLLATE utf8_unicode_ci DEFAULT NULL,
  `h1Zh` varchar(255) COLLATE utf8_unicode_ci DEFAULT NULL,
  PRIMARY KEY (`id`),
  UNIQUE KEY `urlPartVi_categoryId_subCategoryId` (`urlPartVi`,`career_advice_category_id`,`career_advice_sub_category_id`),
  UNIQUE KEY `urlPartEn_categoryId_subCategoryId` (`urlPartEn`,`career_advice_category_id`,`career_advice_sub_category_id`),
  UNIQUE KEY `urlPartJa_categoryId_subCategoryId` (`urlPartJa`,`career_advice_category_id`,`career_advice_sub_category_id`),
  UNIQUE KEY `urlPartKh_categoryId_subCategoryId` (`urlPartKh`,`career_advice_category_id`,`career_advice_sub_category_id`),
  UNIQUE KEY `urlPartTh_categoryId_subCategoryId` (`urlPartTh`,`career_advice_category_id`,`career_advice_sub_category_id`),
  UNIQUE KEY `urlPartId_categoryId_subCategoryId` (`urlPartId`,`career_advice_category_id`,`career_advice_sub_category_id`),
  UNIQUE KEY `urlPartTl_categoryId_subCategoryId` (`urlPartTl`,`career_advice_category_id`,`career_advice_sub_category_id`),
  UNIQUE KEY `urlPartZh_categoryId_subCategoryId` (`urlPartZh`,`career_advice_category_id`,`career_advice_sub_category_id`),
  KEY `IDX_50821705FECF2541` (`career_advice_category_id`),
  KEY `IDX_5082170520D17C6E` (`career_advice_sub_category_id`),
  KEY `IDX_50821705C4663E4` (`page_id`),
  CONSTRAINT `FK_5082170520D17C6E` FOREIGN KEY (`career_advice_sub_category_id`) REFERENCES `CareerAdviceSubCategory` (`id`),
  CONSTRAINT `FK_50821705C4663E4` FOREIGN KEY (`page_id`) REFERENCES `Page` (`id`),
  CONSTRAINT `FK_50821705FECF2541` FOREIGN KEY (`career_advice_category_id`) REFERENCES `CareerAdviceCategory` (`id`)
) ENGINE=InnoDB AUTO_INCREMENT=16 DEFAULT CHARSET=utf8 COLLATE=utf8_unicode_ci;
/*!40101 SET character_set_client = @saved_cs_client */;

--
-- Dumping data for table `CareerAdvicePage`
--

LOCK TABLES `CareerAdvicePage` WRITE;
/*!40000 ALTER TABLE `CareerAdvicePage` DISABLE KEYS */;
INSERT INTO `CareerAdvicePage` VALUES (1,1,NULL,6,'foo-title-foo-title-foo-title-foo-title-foo-title-foo-title-vi','foo-title-foo-title-foo-title-foo-title-foo-title-foo-title-en','foo-title-foo-title-foo-title-foo-title-foo-title-foo-title-ja',NULL,NULL,NULL,NULL,NULL,NULL,0,1,'2020-05-06 09:51:50','2020-05-06 09:51:50',NULL,'Foo description (vi)','Foo description (en)','Foo description (ja)',NULL,NULL,NULL,NULL,NULL,'Foo Title Foo Title Foo Title Foo Title Foo Title Foo Title (vi)','Foo Title Foo Title Foo Title Foo Title Foo Title Foo Title (en)','Foo Title Foo Title Foo Title Foo Title Foo Title Foo Title (ja)',NULL,NULL,NULL,NULL,NULL,NULL,NULL,NULL,NULL,NULL,NULL,NULL,NULL),(2,1,NULL,7,'bar-title-vi','bar-title-en','bar-title-ja',NULL,NULL,NULL,NULL,NULL,NULL,0,1,'2020-05-06 09:51:50','2020-05-06 09:51:50',NULL,'Bar description (vi)','Bar description (en)','Bar description (ja)',NULL,NULL,NULL,NULL,NULL,'Bar Title (vi)','Bar Title (en)','Bar Title (ja)',NULL,NULL,NULL,NULL,NULL,NULL,NULL,NULL,NULL,NULL,NULL,NULL,NULL),(3,2,NULL,8,'hoge-title-vi','hoge-title-en','hoge-title-ja',NULL,NULL,NULL,NULL,NULL,NULL,0,1,'2020-05-06 09:51:50','2020-05-06 09:51:50',NULL,'Hoge description (vi)','Hoge description (en)','Hoge description (ja)',NULL,NULL,NULL,NULL,NULL,'Hoge Title (vi)','Hoge Title (en)','Hoge Title (ja)',NULL,NULL,NULL,NULL,NULL,NULL,NULL,NULL,NULL,NULL,NULL,NULL,NULL),(4,2,NULL,9,'piyo-title-vi','piyo-title-en','piyo-title-ja',NULL,NULL,NULL,NULL,NULL,NULL,0,1,'2020-05-06 09:51:50','2020-05-06 09:51:50',NULL,'Piyo description (vi)','Piyo description (en)','Piyo description (ja)',NULL,NULL,NULL,NULL,NULL,'Piyo Title (vi)','Piyo Title (en)','Piyo Title (ja)',NULL,NULL,NULL,NULL,NULL,NULL,NULL,NULL,NULL,NULL,NULL,NULL,NULL),(5,2,NULL,10,'moga-title-vi','moga-title-en','moga-title-ja',NULL,NULL,NULL,NULL,NULL,NULL,0,1,'2020-05-06 09:51:50','2020-05-06 09:51:50',NULL,'Moga description (vi)','Moga description (en)','Moga description (ja)',NULL,NULL,NULL,NULL,NULL,'Moga Title (vi)','Moga Title (en)','Moga Title (ja)',NULL,NULL,NULL,NULL,NULL,NULL,NULL,NULL,NULL,NULL,NULL,NULL,NULL),(6,1,NULL,11,'page6-subcategory1-category1-title-vi','page6-subcategory1-category1-title-en','page6-subcategory1-category1-title-ja',NULL,NULL,NULL,NULL,NULL,NULL,0,1,'2020-05-06 09:51:50','2020-05-06 09:51:50',NULL,'Page6 subCategory1 category1 description (vi)','Page6 subCategory1 category1 description (en)','Page6 subCategory1 category1 description (ja)',NULL,NULL,NULL,NULL,NULL,'Page6 SubCategory1 Category1 Title (vi)','Page6 SubCategory1 Category1 Title (en)','Page6 SubCategory1 Category1 Title (ja)',NULL,NULL,NULL,NULL,NULL,NULL,NULL,NULL,NULL,NULL,NULL,NULL,NULL),(7,1,2,12,'page7-subcategory2-category1-title-vi','page7-subcategory2-category1-title-en','page7-subcategory2-category1-title-ja',NULL,NULL,NULL,NULL,NULL,NULL,0,1,'2020-05-06 09:51:50','2020-05-06 09:51:50',NULL,'Page7 subCategory2 category1 description (vi)','Page7 subCategory2 category1 description (en)','Page7 subCategory2 category1 description (ja)',NULL,NULL,NULL,NULL,NULL,'Page7 SubCategory2 Category1 Title (vi)','Page7 SubCategory2 Category1 Title (en)','Page7 SubCategory2 Category1 Title (ja)',NULL,NULL,NULL,NULL,NULL,NULL,NULL,NULL,NULL,NULL,NULL,NULL,NULL),(8,1,1,13,'page8-subcategory3-category1-title-vi','page8-subcategory3-category1-title-en','page8-subcategory3-category1-title-ja',NULL,NULL,NULL,NULL,NULL,NULL,0,1,'2020-05-06 09:51:50','2020-05-06 09:51:50',NULL,'Page8 subCategory3 category1 description (vi)','Page8 subCategory3 category1 description (en)','Page8 subCategory3 category1 description (ja)',NULL,NULL,NULL,NULL,NULL,'Page8 SubCategory3 Category1 Title (vi)','Page8 SubCategory3 Category1 Title (en)','Page8 SubCategory3 Category1 Title (ja)',NULL,NULL,NULL,NULL,NULL,NULL,NULL,NULL,NULL,NULL,NULL,NULL,NULL),(9,3,NULL,14,'page9-title-page9-title-page9-title-vi','page9-title-page9-title-page9-title-en','page9-title-page9-title-page9-title-ja',NULL,NULL,NULL,NULL,NULL,NULL,0,1,'2020-05-06 09:51:50','2020-05-06 09:51:50',NULL,NULL,NULL,NULL,NULL,NULL,NULL,NULL,NULL,'Page9 Title Page9 Title Page9 Title (vi)','Page9 Title Page9 Title Page9 Title (en)','Page9 Title Page9 Title Page9 Title (ja)',NULL,NULL,NULL,NULL,NULL,NULL,NULL,NULL,NULL,NULL,NULL,NULL,NULL),(10,4,NULL,15,'page10-title-page10-title-page10-title-title-title-title-title-title-vi','page10-title-page10-title-page10-title-title-title-title-title-title-en','page10-title-page10-title-page10-title-title-title-title-title-title-ja',NULL,NULL,NULL,NULL,NULL,NULL,0,1,'2020-05-06 09:51:50','2020-05-06 09:51:50',NULL,NULL,NULL,NULL,NULL,NULL,NULL,NULL,NULL,'Page10 Title Page10 Title Page10 Title Title Title Title Title Title (vi)','Page10 Title Page10 Title Page10 Title Title Title Title Title Title (en)','Page10 Title Page10 Title Page10 Title Title Title Title Title Title (ja)',NULL,NULL,NULL,NULL,NULL,NULL,NULL,NULL,NULL,NULL,NULL,NULL,NULL),(11,5,NULL,16,'page11-title-page11-title-page11-title-page11-title-page11-title-vi','page11-title-page11-title-page11-title-page11-title-page11-title-en','page11-title-page11-title-page11-title-page11-title-page11-title-ja',NULL,NULL,NULL,NULL,NULL,NULL,0,1,'2020-05-06 09:51:50','2020-05-06 09:51:50',NULL,NULL,NULL,NULL,NULL,NULL,NULL,NULL,NULL,'Page11 Title Page11 Title Page11 Title Page11 Title Page11 Title (vi)','Page11 Title Page11 Title Page11 Title Page11 Title Page11 Title (en)','Page11 Title Page11 Title Page11 Title Page11 Title Page11 Title (ja)',NULL,NULL,NULL,NULL,NULL,NULL,NULL,NULL,NULL,NULL,NULL,NULL,NULL),(12,6,NULL,17,'page12-title-page12-title-page12-title-vi','page12-title-page12-title-page12-title-en','page12-title-page12-title-page12-title-ja',NULL,NULL,NULL,NULL,NULL,NULL,0,1,'2020-05-06 09:51:50','2020-05-06 09:51:50',NULL,NULL,NULL,NULL,NULL,NULL,NULL,NULL,NULL,'Page12 Title Page12 Title Page12 Title (vi)','Page12 Title Page12 Title Page12 Title (en)','Page12 Title Page12 Title Page12 Title (ja)',NULL,NULL,NULL,NULL,NULL,NULL,NULL,NULL,NULL,NULL,NULL,NULL,NULL),(13,7,NULL,18,'page13-title-page13-title-page13-title-vi','page13-title-page13-title-page13-title-en','page13-title-page13-title-page13-title-ja',NULL,NULL,NULL,NULL,NULL,NULL,0,1,'2020-05-06 09:51:50','2020-05-06 09:51:50',NULL,NULL,NULL,NULL,NULL,NULL,NULL,NULL,NULL,'Page13 Title Page13 Title Page13 Title (vi)','Page13 Title Page13 Title Page13 Title (en)','Page13 Title Page13 Title Page13 Title (ja)',NULL,NULL,NULL,NULL,NULL,NULL,NULL,NULL,NULL,NULL,NULL,NULL,NULL),(14,9,NULL,19,'page14-title-page14-title-page14-title-vi','page14-title-page14-title-page14-title-en','page14-title-page14-title-page14-title-ja',NULL,NULL,NULL,NULL,NULL,NULL,0,1,'2020-05-06 09:51:50','2020-05-06 09:51:50',NULL,NULL,NULL,NULL,NULL,NULL,NULL,NULL,NULL,'Page14 Title Page14 Title Page14 Title (vi)','Page14 Title Page14 Title Page14 Title (en)','Page14 Title Page14 Title Page14 Title (ja)',NULL,NULL,NULL,NULL,NULL,NULL,NULL,NULL,NULL,NULL,NULL,NULL,NULL),(15,10,NULL,20,'page-title-page-title-page-title-vi','page-title-page-title-page-title-en','page-title-page-title-page-title-ja',NULL,NULL,NULL,NULL,NULL,NULL,0,1,'2020-05-06 09:51:50','2020-05-06 09:51:50',NULL,NULL,NULL,NULL,NULL,NULL,NULL,NULL,NULL,'Page Title Page Title Page Title (vi)','Page Title Page Title Page Title (en)','Page Title Page Title Page Title (ja)',NULL,NULL,NULL,NULL,NULL,NULL,NULL,NULL,NULL,NULL,NULL,NULL,NULL);
/*!40000 ALTER TABLE `CareerAdvicePage` ENABLE KEYS */;
UNLOCK TABLES;

--
-- Table structure for table `CareerAdviceSubCategory`
--

DROP TABLE IF EXISTS `CareerAdviceSubCategory`;
/*!40101 SET @saved_cs_client     = @@character_set_client */;
/*!40101 SET character_set_client = utf8 */;
CREATE TABLE `CareerAdviceSubCategory` (
  `id` int(11) NOT NULL AUTO_INCREMENT,
  `category_id` int(11) DEFAULT NULL,
  `nameVi` varchar(255) COLLATE utf8_unicode_ci DEFAULT NULL,
  `nameEn` varchar(255) COLLATE utf8_unicode_ci DEFAULT NULL,
  `nameJa` varchar(255) COLLATE utf8_unicode_ci DEFAULT NULL,
  `nameKh` varchar(255) COLLATE utf8_unicode_ci DEFAULT NULL,
  `nameTh` varchar(255) COLLATE utf8_unicode_ci DEFAULT NULL,
  `nameId` varchar(255) COLLATE utf8_unicode_ci DEFAULT NULL,
  `nameTl` varchar(255) COLLATE utf8_unicode_ci DEFAULT NULL,
  `nameZh` varchar(255) COLLATE utf8_unicode_ci DEFAULT NULL,
  `urlPartVi` varchar(255) COLLATE utf8_unicode_ci DEFAULT NULL,
  `urlPartEn` varchar(255) COLLATE utf8_unicode_ci DEFAULT NULL,
  `urlPartJa` varchar(255) COLLATE utf8_unicode_ci DEFAULT NULL,
  `urlPartKh` varchar(255) COLLATE utf8_unicode_ci DEFAULT NULL,
  `urlPartTh` varchar(255) COLLATE utf8_unicode_ci DEFAULT NULL,
  `urlPartId` varchar(255) COLLATE utf8_unicode_ci DEFAULT NULL,
  `urlPartTl` varchar(255) COLLATE utf8_unicode_ci DEFAULT NULL,
  `urlPartZh` varchar(255) COLLATE utf8_unicode_ci DEFAULT NULL,
  `isActive` tinyint(1) NOT NULL,
  `isSpecial` tinyint(1) NOT NULL,
  `descriptionVi` varchar(255) COLLATE utf8_unicode_ci DEFAULT NULL,
  `descriptionEn` varchar(255) COLLATE utf8_unicode_ci DEFAULT NULL,
  `descriptionJa` varchar(255) COLLATE utf8_unicode_ci DEFAULT NULL,
  `descriptionKh` varchar(255) COLLATE utf8_unicode_ci DEFAULT NULL,
  `descriptionTh` varchar(255) COLLATE utf8_unicode_ci DEFAULT NULL,
  `descriptionId` varchar(255) COLLATE utf8_unicode_ci DEFAULT NULL,
  `descriptionTl` varchar(255) COLLATE utf8_unicode_ci DEFAULT NULL,
  `descriptionZh` varchar(255) COLLATE utf8_unicode_ci DEFAULT NULL,
  `metaDescriptionVi` varchar(255) COLLATE utf8_unicode_ci DEFAULT NULL,
  `metaDescriptionEn` varchar(255) COLLATE utf8_unicode_ci DEFAULT NULL,
  `metaDescriptionJa` varchar(255) COLLATE utf8_unicode_ci DEFAULT NULL,
  `metaDescriptionKh` varchar(255) COLLATE utf8_unicode_ci DEFAULT NULL,
  `metaDescriptionTh` varchar(255) COLLATE utf8_unicode_ci DEFAULT NULL,
  `metaDescriptionId` varchar(255) COLLATE utf8_unicode_ci DEFAULT NULL,
  `metaDescriptionTl` varchar(255) COLLATE utf8_unicode_ci DEFAULT NULL,
  `metaDescriptionZh` varchar(255) COLLATE utf8_unicode_ci DEFAULT NULL,
  `metaKeywordVi` varchar(255) COLLATE utf8_unicode_ci DEFAULT NULL,
  `metaKeywordEn` varchar(255) COLLATE utf8_unicode_ci DEFAULT NULL,
  `metaKeywordJa` varchar(255) COLLATE utf8_unicode_ci DEFAULT NULL,
  `metaKeywordKh` varchar(255) COLLATE utf8_unicode_ci DEFAULT NULL,
  `metaKeywordTh` varchar(255) COLLATE utf8_unicode_ci DEFAULT NULL,
  `metaKeywordId` varchar(255) COLLATE utf8_unicode_ci DEFAULT NULL,
  `metaKeywordTl` varchar(255) COLLATE utf8_unicode_ci DEFAULT NULL,
  `metaKeywordZh` varchar(255) COLLATE utf8_unicode_ci DEFAULT NULL,
  `latestPage_id` int(11) DEFAULT NULL,
  PRIMARY KEY (`id`),
  UNIQUE KEY `UNIQ_2E8F2657EE5C0E79` (`latestPage_id`),
  UNIQUE KEY `nameVi_categoryId` (`nameVi`,`category_id`),
  UNIQUE KEY `nameEn_categoryId` (`nameEn`,`category_id`),
  UNIQUE KEY `nameJa_categoryId` (`nameJa`,`category_id`),
  UNIQUE KEY `nameKh_categoryId` (`nameKh`,`category_id`),
  UNIQUE KEY `nameTh_categoryId` (`nameTh`,`category_id`),
  UNIQUE KEY `nameId_categoryId` (`nameId`,`category_id`),
  UNIQUE KEY `nameTl_categoryId` (`nameTl`,`category_id`),
  UNIQUE KEY `nameZh_categoryId` (`nameZh`,`category_id`),
  UNIQUE KEY `urlPartVi_categoryId` (`urlPartVi`,`category_id`),
  UNIQUE KEY `urlPartEn_categoryId` (`urlPartEn`,`category_id`),
  UNIQUE KEY `urlPartJa_categoryId` (`urlPartJa`,`category_id`),
  UNIQUE KEY `urlPartKh_categoryId` (`urlPartKh`,`category_id`),
  UNIQUE KEY `urlPartTh_categoryId` (`urlPartTh`,`category_id`),
  UNIQUE KEY `urlPartId_categoryId` (`urlPartId`,`category_id`),
  UNIQUE KEY `urlPartTl_categoryId` (`urlPartTl`,`category_id`),
  UNIQUE KEY `urlPartZh_categoryId` (`urlPartZh`,`category_id`),
  KEY `IDX_2E8F265712469DE2` (`category_id`),
  CONSTRAINT `FK_2E8F265712469DE2` FOREIGN KEY (`category_id`) REFERENCES `CareerAdviceCategory` (`id`),
  CONSTRAINT `FK_2E8F2657EE5C0E79` FOREIGN KEY (`latestPage_id`) REFERENCES `CareerAdvicePage` (`id`)
) ENGINE=InnoDB AUTO_INCREMENT=13 DEFAULT CHARSET=utf8 COLLATE=utf8_unicode_ci;
/*!40101 SET character_set_client = @saved_cs_client */;

--
-- Dumping data for table `CareerAdviceSubCategory`
--

LOCK TABLES `CareerAdviceSubCategory` WRITE;
/*!40000 ALTER TABLE `CareerAdviceSubCategory` DISABLE KEYS */;
INSERT INTO `CareerAdviceSubCategory` VALUES (1,1,'Sub Category1 of Before thinking about changing jobs (vi)','Sub Category1 of Things to Consider Before Changing Your Job','Sub Category1 of Before thinking about changing jobs (ja)',NULL,NULL,NULL,NULL,NULL,'sub-category1-of-before-thinking-about-changing-jobs-vi','sub-category1-of-things-to-consider-before-changing-your-job','sub-category1-of-before-thinking-about-changing-jobs-ja',NULL,NULL,NULL,NULL,NULL,1,0,NULL,NULL,NULL,NULL,NULL,NULL,NULL,NULL,NULL,NULL,NULL,NULL,NULL,NULL,NULL,NULL,NULL,NULL,NULL,NULL,NULL,NULL,NULL,NULL,NULL),(2,1,'Sub Category2 of Before thinking about changing jobs (vi)','Sub Category2 of Things to Consider Before Changing Your Job','Sub Category2 of Before thinking about changing jobs (ja)',NULL,NULL,NULL,NULL,NULL,'sub-category2-of-before-thinking-about-changing-jobs-vi','sub-category2-of-things-to-consider-before-changing-your-job','sub-category2-of-before-thinking-about-changing-jobs-ja',NULL,NULL,NULL,NULL,NULL,1,0,NULL,NULL,NULL,NULL,NULL,NULL,NULL,NULL,NULL,NULL,NULL,NULL,NULL,NULL,NULL,NULL,NULL,NULL,NULL,NULL,NULL,NULL,NULL,NULL,NULL),(3,1,'Sub Category3 of Before thinking about changing jobs (vi)','Sub Category3 of Things to Consider Before Changing Your Job','Sub Category3 of Before thinking about changing jobs (ja)',NULL,NULL,NULL,NULL,NULL,'sub-category3-of-before-thinking-about-changing-jobs-vi','sub-category3-of-things-to-consider-before-changing-your-job','sub-category3-of-before-thinking-about-changing-jobs-ja',NULL,NULL,NULL,NULL,NULL,1,0,NULL,NULL,NULL,NULL,NULL,NULL,NULL,NULL,NULL,NULL,NULL,NULL,NULL,NULL,NULL,NULL,NULL,NULL,NULL,NULL,NULL,NULL,NULL,NULL,NULL),(4,2,'Sub Category of Vocational Guidance (vi)','Sub Category of Vocational Guidance','Sub Category of Vocational Guidance (ja)',NULL,NULL,NULL,NULL,NULL,'sub-category-of-vocational-guidance-vi','sub-category-of-vocational-guidance','sub-category-of-vocational-guidance-ja',NULL,NULL,NULL,NULL,NULL,1,0,NULL,NULL,NULL,NULL,NULL,NULL,NULL,NULL,NULL,NULL,NULL,NULL,NULL,NULL,NULL,NULL,NULL,NULL,NULL,NULL,NULL,NULL,NULL,NULL,NULL),(5,3,'Sub Category of Search Jobs (vi)','Sub Category of Search Jobs','Sub Category of Search Jobs (ja)',NULL,NULL,NULL,NULL,NULL,'sub-category-of-search-jobs-vi','sub-category-of-search-jobs','sub-category-of-search-jobs-ja',NULL,NULL,NULL,NULL,NULL,1,0,NULL,NULL,NULL,NULL,NULL,NULL,NULL,NULL,NULL,NULL,NULL,NULL,NULL,NULL,NULL,NULL,NULL,NULL,NULL,NULL,NULL,NULL,NULL,NULL,NULL),(6,4,'Sub Category of Resume Writing (vi)','Sub Category of Resume Writing','Sub Category of Resume Writing (ja)',NULL,NULL,NULL,NULL,NULL,'sub-category-of-resume-writing-vi','sub-category-of-resume-writing','sub-category-of-resume-writing-ja',NULL,NULL,NULL,NULL,NULL,1,0,NULL,NULL,NULL,NULL,NULL,NULL,NULL,NULL,NULL,NULL,NULL,NULL,NULL,NULL,NULL,NULL,NULL,NULL,NULL,NULL,NULL,NULL,NULL,NULL,NULL),(7,5,'Sub Category of Success Story (vi)','Sub Category of Success Story','Sub Category of Success Story (ja)',NULL,NULL,NULL,NULL,NULL,'sub-category-of-success-story-vi','sub-category-of-success-story','sub-category-of-success-story-ja',NULL,NULL,NULL,NULL,NULL,1,0,NULL,NULL,NULL,NULL,NULL,NULL,NULL,NULL,NULL,NULL,NULL,NULL,NULL,NULL,NULL,NULL,NULL,NULL,NULL,NULL,NULL,NULL,NULL,NULL,NULL),(8,6,'Sub Category of Labour Law (vi)','Sub Category of Labour Law (en)','Sub Category of Labour Law (ja)',NULL,NULL,NULL,NULL,NULL,'sub-category-of-labour-law-vi','sub-category-of-labour-law-en','sub-category-of-labour-law-ja',NULL,NULL,NULL,NULL,NULL,1,0,NULL,NULL,NULL,NULL,NULL,NULL,NULL,NULL,NULL,NULL,NULL,NULL,NULL,NULL,NULL,NULL,NULL,NULL,NULL,NULL,NULL,NULL,NULL,NULL,NULL),(9,7,'Sub Category of Interview (vi)','Sub Category of Interview','Sub Category of Interview (ja)',NULL,NULL,NULL,NULL,NULL,'sub-category-of-interview-vi','sub-category-of-interview','sub-category-of-interview-ja',NULL,NULL,NULL,NULL,NULL,1,0,NULL,NULL,NULL,NULL,NULL,NULL,NULL,NULL,NULL,NULL,NULL,NULL,NULL,NULL,NULL,NULL,NULL,NULL,NULL,NULL,NULL,NULL,NULL,NULL,NULL),(10,8,'Sub Category of Change Job (vi)','Sub Category of Change Job','Sub Category of Change Job (ja)',NULL,NULL,NULL,NULL,NULL,'sub-category-of-change-job-vi','sub-category-of-change-job','sub-category-of-change-job-ja',NULL,NULL,NULL,NULL,NULL,1,0,NULL,NULL,NULL,NULL,NULL,NULL,NULL,NULL,NULL,NULL,NULL,NULL,NULL,NULL,NULL,NULL,NULL,NULL,NULL,NULL,NULL,NULL,NULL,NULL,NULL),(11,9,'Sub Category of Online news (vi)','Sub Category of Online news','Sub Category of Online news (ja)',NULL,NULL,NULL,NULL,NULL,'sub-category-of-online-news-vi','sub-category-of-online-news','sub-category-of-online-news-ja',NULL,NULL,NULL,NULL,NULL,1,0,NULL,NULL,NULL,NULL,NULL,NULL,NULL,NULL,NULL,NULL,NULL,NULL,NULL,NULL,NULL,NULL,NULL,NULL,NULL,NULL,NULL,NULL,NULL,NULL,NULL),(12,10,'Sub Category of Enterprise Law (vi)','Sub Category of Enterprise Law','Sub Category of Enterprise Law (ja)',NULL,NULL,NULL,NULL,NULL,'sub-category-of-enterprise-law-vi','sub-category-of-enterprise-law','sub-category-of-enterprise-law-ja',NULL,NULL,NULL,NULL,NULL,1,0,NULL,NULL,NULL,NULL,NULL,NULL,NULL,NULL,NULL,NULL,NULL,NULL,NULL,NULL,NULL,NULL,NULL,NULL,NULL,NULL,NULL,NULL,NULL,NULL,NULL);
/*!40000 ALTER TABLE `CareerAdviceSubCategory` ENABLE KEYS */;
UNLOCK TABLES;

--
-- Table structure for table `Country`
--

DROP TABLE IF EXISTS `Country`;
/*!40101 SET @saved_cs_client     = @@character_set_client */;
/*!40101 SET character_set_client = utf8 */;
CREATE TABLE `Country` (
  `id` int(11) NOT NULL AUTO_INCREMENT,
  `code` varchar(255) COLLATE utf8_unicode_ci DEFAULT NULL,
  `label` varchar(255) COLLATE utf8_unicode_ci NOT NULL,
  PRIMARY KEY (`id`),
  UNIQUE KEY `UNIQ_9CCEF0FA77153098` (`code`)
) ENGINE=InnoDB AUTO_INCREMENT=12 DEFAULT CHARSET=utf8 COLLATE=utf8_unicode_ci;
/*!40101 SET character_set_client = @saved_cs_client */;

--
-- Dumping data for table `Country`
--

LOCK TABLES `Country` WRITE;
/*!40000 ALTER TABLE `Country` DISABLE KEYS */;
INSERT INTO `Country` VALUES (1,'VN','Viet Nam'),(2,'JP','Japan'),(3,'KH','Cambodia'),(4,'TH','Thailand'),(5,'ID','Indonesia'),(6,'MY','Malaysia'),(7,'SG','Singapore'),(8,'CN','China'),(9,'PH','Philippine'),(10,'LA','Laos'),(11,'MM','Myanmar');
/*!40000 ALTER TABLE `Country` ENABLE KEYS */;
UNLOCK TABLES;

--
-- Table structure for table `CoverLetter`
--

DROP TABLE IF EXISTS `CoverLetter`;
/*!40101 SET @saved_cs_client     = @@character_set_client */;
/*!40101 SET character_set_client = utf8 */;
CREATE TABLE `CoverLetter` (
  `id` int(11) NOT NULL AUTO_INCREMENT,
  `isArchived` tinyint(1) NOT NULL,
  `title` varchar(255) COLLATE utf8_unicode_ci NOT NULL,
  `jobseeker_id` int(11) DEFAULT NULL,
  `message` longtext COLLATE utf8_unicode_ci NOT NULL,
  `modifiedAt` datetime DEFAULT NULL,
  `siteId` int(11) NOT NULL,
  PRIMARY KEY (`id`),
  KEY `idx_jobseeker_id` (`jobseeker_id`)
) ENGINE=InnoDB AUTO_INCREMENT=51 DEFAULT CHARSET=utf8 COLLATE=utf8_unicode_ci;
/*!40101 SET character_set_client = @saved_cs_client */;

--
-- Dumping data for table `CoverLetter`
--

LOCK TABLES `CoverLetter` WRITE;
/*!40000 ALTER TABLE `CoverLetter` DISABLE KEYS */;
INSERT INTO `CoverLetter` VALUES (1,0,'CoverLetter Title',NULL,'CoverLetter Message\nMessage','2020-05-06 09:52:23',1),(2,0,'CoverLetter Title',NULL,'CoverLetter Message\nMessage','2020-05-06 09:52:23',1),(3,0,'CoverLetter Title',NULL,'CoverLetter Message\nMessage','2020-05-06 09:52:23',1),(4,0,'CoverLetter Title',NULL,'CoverLetter Message\nMessage','2020-05-06 09:52:23',1),(5,0,'CoverLetter Title',NULL,'CoverLetter Message\nMessage','2020-05-06 09:52:23',1),(6,0,'CoverLetter Title',NULL,'CoverLetter Message\nMessage','2020-05-06 09:52:23',1),(7,0,'CoverLetter Title',NULL,'CoverLetter Message\nMessage','2020-05-06 09:52:23',1),(8,0,'CoverLetter Title',NULL,'CoverLetter Message\nMessage','2020-05-06 09:52:23',1),(9,0,'CoverLetter Title',NULL,'CoverLetter Message\nMessage','2020-05-06 09:52:23',1),(10,0,'CoverLetter Title',NULL,'CoverLetter Message\nMessage','2020-05-06 09:52:23',1),(11,0,'CoverLetter Title',NULL,'CoverLetter Message\nMessage','2020-05-06 09:52:23',1),(12,0,'CoverLetter Title',NULL,'CoverLetter Message\nMessage','2020-05-06 09:52:23',1),(13,0,'CoverLetter Title',NULL,'CoverLetter Message\nMessage','2020-05-06 09:52:23',1),(14,0,'CoverLetter Title',NULL,'CoverLetter Message\nMessage','2020-05-06 09:52:23',1),(15,0,'CoverLetter Title',NULL,'CoverLetter Message\nMessage','2020-05-06 09:52:23',1),(16,0,'CoverLetter Title',NULL,'CoverLetter Message\nMessage','2020-05-06 09:52:23',1),(17,0,'CoverLetter Title',NULL,'CoverLetter Message\nMessage','2020-05-06 09:52:23',1),(18,0,'CoverLetter Title',NULL,'CoverLetter Message\nMessage','2020-05-06 09:52:23',1),(19,0,'CoverLetter Title',NULL,'CoverLetter Message\nMessage','2020-05-06 09:52:23',1),(20,0,'CoverLetter Title',NULL,'CoverLetter Message\nMessage','2020-05-06 09:52:23',1),(21,0,'CoverLetter Title',NULL,'CoverLetter Message\nMessage','2020-05-06 09:52:23',1),(22,0,'CoverLetter Title',NULL,'CoverLetter Message\nMessage','2020-05-06 09:52:23',1),(23,0,'CoverLetter Title',NULL,'CoverLetter Message\nMessage','2020-05-06 09:52:23',1),(24,0,'CoverLetter Title',NULL,'CoverLetter Message\nMessage','2020-05-06 09:52:23',1),(25,0,'CoverLetter Title',NULL,'CoverLetter Message\nMessage','2020-05-06 09:52:23',1),(26,0,'CoverLetter Title',NULL,'CoverLetter Message\nMessage','2020-05-06 09:52:23',1),(27,0,'CoverLetter Title',NULL,'CoverLetter Message\nMessage','2020-05-06 09:52:23',1),(28,0,'CoverLetter Title',NULL,'CoverLetter Message\nMessage','2020-05-06 09:52:23',1),(29,0,'CoverLetter Title',NULL,'CoverLetter Message\nMessage','2020-05-06 09:52:23',1),(30,0,'CoverLetter Title',NULL,'CoverLetter Message\nMessage','2020-05-06 09:52:23',1),(31,0,'CoverLetter Title',NULL,'CoverLetter Message\nMessage','2020-05-06 09:52:23',1),(32,0,'CoverLetter Title',NULL,'CoverLetter Message\nMessage','2020-05-06 09:52:23',1),(33,0,'CoverLetter Title',NULL,'CoverLetter Message\nMessage','2020-05-06 09:52:23',1),(34,0,'CoverLetter Title',NULL,'CoverLetter Message\nMessage','2020-05-06 09:52:23',1),(35,0,'CoverLetter Title',NULL,'CoverLetter Message\nMessage','2020-05-06 09:52:23',1),(36,0,'CoverLetter Title',NULL,'CoverLetter Message\nMessage','2020-05-06 09:52:23',1),(37,0,'CoverLetter Title',NULL,'CoverLetter Message\nMessage','2020-05-06 09:52:23',1),(38,0,'CoverLetter Title',NULL,'CoverLetter Message\nMessage','2020-05-06 09:52:23',1),(39,0,'CoverLetter Title',NULL,'CoverLetter Message\nMessage','2020-05-06 09:52:23',1),(40,0,'CoverLetter Title',NULL,'CoverLetter Message\nMessage','2020-05-06 09:52:23',1),(41,0,'CoverLetter Title',NULL,'CoverLetter Message\nMessage','2020-05-06 09:52:23',1),(42,0,'CoverLetter Title',NULL,'CoverLetter Message\nMessage','2020-05-06 09:52:23',1),(43,0,'CoverLetter Title',NULL,'CoverLetter Message\nMessage','2020-05-06 09:52:23',1),(44,0,'CoverLetter Title',NULL,'CoverLetter Message\nMessage','2020-05-06 09:52:23',1),(45,0,'CoverLetter Title',NULL,'CoverLetter Message\nMessage','2020-05-06 09:52:23',1),(46,0,'CoverLetter Title',NULL,'CoverLetter Message\nMessage','2020-05-06 09:52:23',1),(47,0,'CoverLetter Title',NULL,'CoverLetter Message\nMessage','2020-05-06 09:52:23',1),(48,0,'CoverLetter Title',NULL,'CoverLetter Message\nMessage','2020-05-06 09:52:23',1),(49,0,'CoverLetter Title',NULL,'CoverLetter Message\nMessage','2020-05-06 09:52:23',1),(50,0,'CoverLetter Title',NULL,'CoverLetter Message\nMessage','2020-05-06 09:52:23',1);
/*!40000 ALTER TABLE `CoverLetter` ENABLE KEYS */;
UNLOCK TABLES;

--
-- Table structure for table `District`
--

DROP TABLE IF EXISTS `District`;
/*!40101 SET @saved_cs_client     = @@character_set_client */;
/*!40101 SET character_set_client = utf8 */;
CREATE TABLE `District` (
  `id` int(11) NOT NULL AUTO_INCREMENT,
  `province_id` int(11) DEFAULT NULL,
  `isActive` tinyint(1) NOT NULL,
  `isSpecial` tinyint(1) NOT NULL,
  `nameVi` varchar(255) COLLATE utf8_unicode_ci DEFAULT NULL,
  `nameEn` varchar(255) COLLATE utf8_unicode_ci DEFAULT NULL,
  `nameJa` varchar(255) COLLATE utf8_unicode_ci DEFAULT NULL,
  `nameKh` varchar(255) COLLATE utf8_unicode_ci DEFAULT NULL,
  `nameTh` varchar(255) COLLATE utf8_unicode_ci DEFAULT NULL,
  `nameId` varchar(255) COLLATE utf8_unicode_ci DEFAULT NULL,
  `nameTl` varchar(255) COLLATE utf8_unicode_ci DEFAULT NULL,
  `nameZh` varchar(255) COLLATE utf8_unicode_ci DEFAULT NULL,
  PRIMARY KEY (`id`),
  UNIQUE KEY `province_id_nameVi` (`province_id`,`nameVi`),
  UNIQUE KEY `province_id_nameEn` (`province_id`,`nameEn`),
  UNIQUE KEY `province_id_nameJa` (`province_id`,`nameJa`),
  UNIQUE KEY `province_id_nameKh` (`province_id`,`nameKh`),
  UNIQUE KEY `province_id_nameTh` (`province_id`,`nameTh`),
  UNIQUE KEY `province_id_nameId` (`province_id`,`nameId`),
  UNIQUE KEY `province_id_nameTl` (`province_id`,`nameTl`),
  UNIQUE KEY `province_id_nameZh` (`province_id`,`nameZh`),
  KEY `IDX_C8B736D1E946114A` (`province_id`),
  CONSTRAINT `FK_C8B736D1E946114A` FOREIGN KEY (`province_id`) REFERENCES `Province` (`id`)
) ENGINE=InnoDB AUTO_INCREMENT=55 DEFAULT CHARSET=utf8 COLLATE=utf8_unicode_ci;
/*!40101 SET character_set_client = @saved_cs_client */;

--
-- Dumping data for table `District`
--

LOCK TABLES `District` WRITE;
/*!40000 ALTER TABLE `District` DISABLE KEYS */;
INSERT INTO `District` VALUES (1,5,1,0,'Quận 1','District 1','1区','District 1','District 1','District 1',NULL,NULL),(2,5,1,0,'Quận 2','District 2','2区','District 2','District 2','District 2',NULL,NULL),(3,5,1,0,'Quận 3','District 3','3区','District 3','District 3','District 3',NULL,NULL),(4,5,1,0,'Quận 4','District 4','4区','District 4','District 4','District 4',NULL,NULL),(5,5,1,0,'Quận 5','District 5','5区','District 5','District 5','District 5',NULL,NULL),(6,5,1,0,'Quận 6','District 6','6区','District 6','District 6','District 6',NULL,NULL),(7,5,1,0,'Quận 7','District 7','7区','District 7','District 7','District 7',NULL,NULL),(8,5,1,0,'Quận 8','District 8','8区','District 8','District 8','District 8',NULL,NULL),(9,5,1,0,'Quận 9','District 9','9区','District 9','District 9','District 9',NULL,NULL),(10,5,1,0,'Quận 10','District 10','10区','District 10','District 10','District 10',NULL,NULL),(11,5,1,0,'Quận 11','District 11','11区','District 11','District 11','District 11',NULL,NULL),(12,5,1,0,'Quận 12','District 12','12区','District 12','District 12','District 12',NULL,NULL),(13,5,1,0,'Quận Gò Vấp','Go Vap District','Go Vap区','Go Vap District','Go Vap District','Go Vap District',NULL,NULL),(14,5,1,0,'Quận Tân Bình','Tan Binh District','Tan Binh区','Tan Binh District','Tan Binh District','Tan Binh District',NULL,NULL),(15,5,1,0,'Quận Bình Thạnh','Binh Thanh District','Binh Thanh区','Binh Thanh District','Binh Thanh District','Binh Thanh District',NULL,NULL),(16,5,1,0,'Quận Phú Nhuận','Phu Nhuan District','Phu Nhuan区','Phu Nhuan District','Phu Nhuan District','Phu Nhuan District',NULL,NULL),(17,5,1,0,'Quận Thủ Đức','Thu Duc District','Thu Duc区','Thu Duc District','Thu Duc District','Thu Duc District',NULL,NULL),(18,5,1,0,'Huyện Củ Chi','Cu Chi District','Cu Chi郡','Cu Chi District','Cu Chi District','Cu Chi District',NULL,NULL),(19,5,1,0,'Huyện Hóc Môn','Hoc Mon District','Hoc Mon郡','Hoc Mon District','Hoc Mon District','Hoc Mon District',NULL,NULL),(20,5,1,0,'Huyện Nhà Bè','Nha Be District','Nha Be郡','Nha Be District','Nha Be District','Nha Be District',NULL,NULL),(21,5,1,0,'Huyện Bình Chánh','Binh Chanh District','Binh Chanh郡','Binh Chanh District','Binh Chanh District','Binh Chanh District',NULL,NULL),(22,5,1,0,'Huyện Cần Giờ','Can Gio District','Can Gio郡','Can Gio District','Can Gio District','Can Gio District',NULL,NULL),(23,5,1,0,'Quận Bình Tân','Binh Tan District','Binh Tan区','Binh Tan District','Binh Tan District','Binh Tan District',NULL,NULL),(24,5,1,0,'Quận Tân Phú','Tan Phu District','Tan Phu区','Tan Phu District','Tan Phu District','Tan Phu District',NULL,NULL),(25,6,1,0,'Quận Ba Đình','Ba Dinh District','Ba Dinh District','Ba Dinh District','Ba Dinh District','Ba Dinh District',NULL,NULL),(26,6,1,0,'Quận Bắc Từ Liêm','Bac Tu Liem District','Bac Tu Liem District','Bac Tu Liem District','Bac Tu Liem District','Bac Tu Liem District',NULL,NULL),(27,6,1,0,'Quận Cầu Giấy','Cau Giay District','Cau Giay District','Cau Giay District','Cau Giay District','Cau Giay District',NULL,NULL),(28,6,1,0,'Quận Đống Đa','Dong Da District','Dong Da District','Dong Da District','Dong Da District','Dong Da District',NULL,NULL),(29,6,1,0,'Quận Hà Đông','Ha Dong District','Ha Dong District','Ha Dong District','Ha Dong District','Ha Dong District',NULL,NULL),(30,6,1,0,'Quận Hai Bà Trưng','Hai Ba Trung District','Hai Ba Trung District','Hai Ba Trung District','Hai Ba Trung District','Hai Ba Trung District',NULL,NULL),(31,6,1,0,'Quận Hoàn Kiếm','Hoan Kiem District','Hoan Kiem District','Hoan Kiem District','Hoan Kiem District','Hoan Kiem District',NULL,NULL),(32,6,1,0,'Quận Hoàng Mai','Hoang Mai District','Hoang Mai District','Hoang Mai District','Hoang Mai District','Hoang Mai District',NULL,NULL),(33,6,1,0,'Quận Long Biên','Long Bien District','Long Bien District','Long Bien District','Long Bien District','Long Bien District',NULL,NULL),(34,6,1,0,'Quận Nam Từ Liêm','Nam Tu Liem District','Nam Tu Liem District','Nam Tu Liem District','Nam Tu Liem District','Nam Tu Liem District',NULL,NULL),(35,6,1,0,'Quận Tây Hồ','Tay Ho District','Tay Ho District','Tay Ho District','Tay Ho District','Tay Ho District',NULL,NULL),(36,6,1,0,'Quận Thanh Xuân','Thanh Xuan District','Thanh Xuan District','Thanh Xuan District','Thanh Xuan District','Thanh Xuan District',NULL,NULL),(37,6,1,0,'Huyện Sóc Sơn','Soc Son District','Soc Son District','Soc Son District','Soc Son District','Soc Son District',NULL,NULL),(38,6,1,0,'Huyện Đông Anh','Dong Anh District','Dong Anh District','Dong Anh District','Dong Anh District','Dong Anh District',NULL,NULL),(39,6,1,0,'Huyện Gia Lâm','Gia Lam District','Gia Lam District','Gia Lam District','Gia Lam District','Gia Lam District',NULL,NULL),(40,6,1,0,'Huyện Thanh Trì','Thanh Tri District','Thanh Tri District','Thanh Tri District','Thanh Tri District','Thanh Tri District',NULL,NULL),(41,6,1,0,'Thị xã Sơn Tây','Son Tay Town','Son Tay Town','Son Tay Town','Son Tay Town','Son Tay Town',NULL,NULL),(42,6,1,0,'Huyện Ba Vì','Ba Vi District','Ba Vi District','Ba Vi District','Ba Vi District','Ba Vi District',NULL,NULL),(43,6,1,0,'Huyện Chương Mỹ','Chuong My District','Chuong My District','Chuong My District','Chuong My District','Chuong My District',NULL,NULL),(44,6,1,0,'Huyện Đan Phượng','Dan Phuong District','Dan Phuong District','Dan Phuong District','Dan Phuong District','Dan Phuong District',NULL,NULL),(45,6,1,0,'Huyện Hoài Đức','Hoai Duc District','Hoai Duc District','Hoai Duc District','Hoai Duc District','Hoai Duc District',NULL,NULL),(46,6,1,0,'Huyện Mê Linh','Me Linh District','Me Linh District','Me Linh District','Me Linh District','Me Linh District',NULL,NULL),(47,6,1,0,'Huyện Mỹ Đức','My Duc District','My Duc District','My Duc District','My Duc District','My Duc District',NULL,NULL),(48,6,1,0,'Huyện Phú Xuyên','Phu Xuyen District','Phu Xuyen District','Phu Xuyen District','Phu Xuyen District','Phu Xuyen District',NULL,NULL),(49,6,1,0,'Huyện Phúc Thọ','Phuc Tho District','Phuc Tho District','Phuc Tho District','Phuc Tho District','Phuc Tho District',NULL,NULL),(50,6,1,0,'Huyện Quốc Oai','Quoc Oai District','Quoc Oai District','Quoc Oai District','Quoc Oai District','Quoc Oai District',NULL,NULL),(51,6,1,0,'Huyện Thạch Thất','Thach That District','Thach That District','Thach That District','Thach That District','Thach That District',NULL,NULL),(52,6,1,0,'Huyện Thanh Oai','Thanh Oai District','Thanh Oai District','Thanh Oai District','Thanh Oai District','Thanh Oai District',NULL,NULL),(53,6,1,0,'Huyện Thường Tín','Thuong Tin District','Thuong Tin District','Thuong Tin District','Thuong Tin District','Thuong Tin District',NULL,NULL),(54,6,1,0,'Huyện Ứng Hòa','Ung Hoa District','Ung Hoa District','Ung Hoa District','Ung Hoa District','Ung Hoa District',NULL,NULL);
/*!40000 ALTER TABLE `District` ENABLE KEYS */;
UNLOCK TABLES;

--
-- Table structure for table `EducationLevel`
--

DROP TABLE IF EXISTS `EducationLevel`;
/*!40101 SET @saved_cs_client     = @@character_set_client */;
/*!40101 SET character_set_client = utf8 */;
CREATE TABLE `EducationLevel` (
  `id` int(11) NOT NULL AUTO_INCREMENT,
  `level` int(11) NOT NULL,
  `active` tinyint(1) NOT NULL,
  `code` varchar(255) COLLATE utf8_unicode_ci NOT NULL,
  `name` varchar(255) COLLATE utf8_unicode_ci NOT NULL,
  `sort` int(11) NOT NULL,
  PRIMARY KEY (`id`),
  UNIQUE KEY `UNIQ_21F3566577153098` (`code`)
) ENGINE=InnoDB AUTO_INCREMENT=20 DEFAULT CHARSET=utf8 COLLATE=utf8_unicode_ci;
/*!40101 SET character_set_client = @saved_cs_client */;

--
-- Dumping data for table `EducationLevel`
--

LOCK TABLES `EducationLevel` WRITE;
/*!40000 ALTER TABLE `EducationLevel` DISABLE KEYS */;
INSERT INTO `EducationLevel` VALUES (1,1,1,'JHS','Junior High School',1),(2,2,1,'HSC','High School',2),(3,3,1,'ITI','Vocational Training/ ITI (Professional Certification)',3),(4,3,1,'ASD','Associate Degree',4),(5,3,1,'DIP','Diploma (3 years)',5),(6,4,1,'BAC','Bachelor\'s Degree',6),(7,4,1,'BAE','Bachelor of Engineering',6),(8,5,1,'MAS','Master\'s Degree',7),(9,5,1,'MAR','Master of Art (M.A)',8),(10,5,1,'MAC','Master of Commerce (M.Com)',9),(11,5,1,'MSC','Master of Science (M.Sc)',10),(12,5,1,'MAA','Master of Architecture (M.Arch)',11),(13,5,1,'MBA','Master of Business Administration (MBA)',12),(14,5,1,'MAE','Master of Engineering/Technology (M.E/M.Tech)',13),(15,5,1,'MAL','Master of Law (LLM)',14),(16,5,1,'MDMS','Master of Medicine/Surgery (MD/MS)',15),(17,5,1,'MAP','Master of Pharmacy (M.Pharm)',16),(18,6,1,'PHD','Doctorate (PhD)',17),(19,0,1,'OTH','Other',18);
/*!40000 ALTER TABLE `EducationLevel` ENABLE KEYS */;
UNLOCK TABLES;

--
-- Table structure for table `EmployerNote`
--

DROP TABLE IF EXISTS `EmployerNote`;
/*!40101 SET @saved_cs_client     = @@character_set_client */;
/*!40101 SET character_set_client = utf8 */;
CREATE TABLE `EmployerNote` (
  `id` int(11) NOT NULL AUTO_INCREMENT,
  `resume_id` int(11) NOT NULL,
  `employer_id` int(11) NOT NULL,
  `text` longtext COLLATE utf8_unicode_ci,
  PRIMARY KEY (`id`),
  UNIQUE KEY `UNIQ_E190AA0741CD9E7AD262AF09` (`employer_id`,`resume_id`)
) ENGINE=InnoDB DEFAULT CHARSET=utf8 COLLATE=utf8_unicode_ci;
/*!40101 SET character_set_client = @saved_cs_client */;

--
-- Dumping data for table `EmployerNote`
--

LOCK TABLES `EmployerNote` WRITE;
/*!40000 ALTER TABLE `EmployerNote` DISABLE KEYS */;
/*!40000 ALTER TABLE `EmployerNote` ENABLE KEYS */;
UNLOCK TABLES;

--
-- Table structure for table `EmployerSearch`
--

DROP TABLE IF EXISTS `EmployerSearch`;
/*!40101 SET @saved_cs_client     = @@character_set_client */;
/*!40101 SET character_set_client = utf8 */;
CREATE TABLE `EmployerSearch` (
  `id` int(11) NOT NULL AUTO_INCREMENT,
  `province_id` int(11) DEFAULT NULL,
  `country_id` int(11) DEFAULT NULL,
  `email` varchar(255) COLLATE utf8_unicode_ci DEFAULT NULL,
  `contactNameInAscii` varchar(255) COLLATE utf8_unicode_ci DEFAULT NULL,
  `companyNameInAscii` varchar(255) COLLATE utf8_unicode_ci DEFAULT NULL,
  `addressInAscii` varchar(255) COLLATE utf8_unicode_ci DEFAULT NULL,
  `txtProvince` varchar(255) COLLATE utf8_unicode_ci DEFAULT NULL,
  `phoneNum` varchar(255) COLLATE utf8_unicode_ci DEFAULT NULL,
  `contactEmail` varchar(255) COLLATE utf8_unicode_ci DEFAULT NULL,
  `sinceLastContact` int(11) DEFAULT NULL,
  `last_contact_admin_id` int(11) DEFAULT NULL,
  `status` char(1) COLLATE utf8_unicode_ci DEFAULT NULL,
  `isSpecial` char(1) COLLATE utf8_unicode_ci DEFAULT NULL,
  PRIMARY KEY (`id`),
  KEY `IDX_BE74E5ECE946114A` (`province_id`),
  KEY `IDX_BE74E5ECF92F3E70` (`country_id`),
  CONSTRAINT `FK_BE74E5ECE946114A` FOREIGN KEY (`province_id`) REFERENCES `Province` (`id`),
  CONSTRAINT `FK_BE74E5ECF92F3E70` FOREIGN KEY (`country_id`) REFERENCES `Country` (`id`)
) ENGINE=InnoDB DEFAULT CHARSET=utf8 COLLATE=utf8_unicode_ci;
/*!40101 SET character_set_client = @saved_cs_client */;

--
-- Dumping data for table `EmployerSearch`
--

LOCK TABLES `EmployerSearch` WRITE;
/*!40000 ALTER TABLE `EmployerSearch` DISABLE KEYS */;
/*!40000 ALTER TABLE `EmployerSearch` ENABLE KEYS */;
UNLOCK TABLES;

--
-- Table structure for table `ExternalResumeAccessAdminLog`
--

DROP TABLE IF EXISTS `ExternalResumeAccessAdminLog`;
/*!40101 SET @saved_cs_client     = @@character_set_client */;
/*!40101 SET character_set_client = utf8 */;
CREATE TABLE `ExternalResumeAccessAdminLog` (
  `id` int(11) NOT NULL AUTO_INCREMENT,
  `resumeId` varchar(255) COLLATE utf8_unicode_ci NOT NULL,
  `adminId` int(11) NOT NULL,
  `date` datetime NOT NULL,
  PRIMARY KEY (`id`),
  KEY `idx_admin_id_date` (`adminId`,`date`),
  KEY `idx_resume_id` (`resumeId`)
) ENGINE=InnoDB DEFAULT CHARSET=utf8 COLLATE=utf8_unicode_ci;
/*!40101 SET character_set_client = @saved_cs_client */;

--
-- Dumping data for table `ExternalResumeAccessAdminLog`
--

LOCK TABLES `ExternalResumeAccessAdminLog` WRITE;
/*!40000 ALTER TABLE `ExternalResumeAccessAdminLog` DISABLE KEYS */;
/*!40000 ALTER TABLE `ExternalResumeAccessAdminLog` ENABLE KEYS */;
UNLOCK TABLES;

--
-- Table structure for table `FAQ`
--

DROP TABLE IF EXISTS `FAQ`;
/*!40101 SET @saved_cs_client     = @@character_set_client */;
/*!40101 SET character_set_client = utf8 */;
CREATE TABLE `FAQ` (
  `id` int(11) NOT NULL AUTO_INCREMENT,
  `isActive` tinyint(1) NOT NULL,
  `postedAt` datetime DEFAULT NULL,
  `questionVi` longtext COLLATE utf8_unicode_ci,
  `questionEn` longtext COLLATE utf8_unicode_ci,
  `questionJa` longtext COLLATE utf8_unicode_ci,
  `answerVi` longtext COLLATE utf8_unicode_ci,
  `answerEn` longtext COLLATE utf8_unicode_ci,
  `answerJa` longtext COLLATE utf8_unicode_ci,
  `sort` int(11) NOT NULL,
  PRIMARY KEY (`id`)
) ENGINE=InnoDB DEFAULT CHARSET=utf8 COLLATE=utf8_unicode_ci;
/*!40101 SET character_set_client = @saved_cs_client */;

--
-- Dumping data for table `FAQ`
--

LOCK TABLES `FAQ` WRITE;
/*!40000 ALTER TABLE `FAQ` DISABLE KEYS */;
/*!40000 ALTER TABLE `FAQ` ENABLE KEYS */;
UNLOCK TABLES;

--
-- Table structure for table `HiringAdviceCategory`
--

DROP TABLE IF EXISTS `HiringAdviceCategory`;
/*!40101 SET @saved_cs_client     = @@character_set_client */;
/*!40101 SET character_set_client = utf8 */;
CREATE TABLE `HiringAdviceCategory` (
  `id` int(11) NOT NULL AUTO_INCREMENT,
  `isActive` tinyint(1) NOT NULL,
  `isSpecial` tinyint(1) NOT NULL,
  `descriptionVi` varchar(255) COLLATE utf8_unicode_ci DEFAULT NULL,
  `descriptionEn` varchar(255) COLLATE utf8_unicode_ci DEFAULT NULL,
  `descriptionJa` varchar(255) COLLATE utf8_unicode_ci DEFAULT NULL,
  `descriptionKh` varchar(255) COLLATE utf8_unicode_ci DEFAULT NULL,
  `descriptionTh` varchar(255) COLLATE utf8_unicode_ci DEFAULT NULL,
  `descriptionId` varchar(255) COLLATE utf8_unicode_ci DEFAULT NULL,
  `descriptionTl` varchar(255) COLLATE utf8_unicode_ci DEFAULT NULL,
  `descriptionZh` varchar(255) COLLATE utf8_unicode_ci DEFAULT NULL,
  `metaDescriptionVi` varchar(255) COLLATE utf8_unicode_ci DEFAULT NULL,
  `metaDescriptionEn` varchar(255) COLLATE utf8_unicode_ci DEFAULT NULL,
  `metaDescriptionJa` varchar(255) COLLATE utf8_unicode_ci DEFAULT NULL,
  `metaDescriptionKh` varchar(255) COLLATE utf8_unicode_ci DEFAULT NULL,
  `metaDescriptionTh` varchar(255) COLLATE utf8_unicode_ci DEFAULT NULL,
  `metaDescriptionId` varchar(255) COLLATE utf8_unicode_ci DEFAULT NULL,
  `metaDescriptionTl` varchar(255) COLLATE utf8_unicode_ci DEFAULT NULL,
  `metaDescriptionZh` varchar(255) COLLATE utf8_unicode_ci DEFAULT NULL,
  `metaKeywordVi` varchar(255) COLLATE utf8_unicode_ci DEFAULT NULL,
  `metaKeywordEn` varchar(255) COLLATE utf8_unicode_ci DEFAULT NULL,
  `metaKeywordJa` varchar(255) COLLATE utf8_unicode_ci DEFAULT NULL,
  `metaKeywordKh` varchar(255) COLLATE utf8_unicode_ci DEFAULT NULL,
  `metaKeywordTh` varchar(255) COLLATE utf8_unicode_ci DEFAULT NULL,
  `metaKeywordId` varchar(255) COLLATE utf8_unicode_ci DEFAULT NULL,
  `metaKeywordTl` varchar(255) COLLATE utf8_unicode_ci DEFAULT NULL,
  `metaKeywordZh` varchar(255) COLLATE utf8_unicode_ci DEFAULT NULL,
  `nameVi` varchar(255) COLLATE utf8_unicode_ci DEFAULT NULL,
  `nameEn` varchar(255) COLLATE utf8_unicode_ci DEFAULT NULL,
  `nameJa` varchar(255) COLLATE utf8_unicode_ci DEFAULT NULL,
  `nameKh` varchar(255) COLLATE utf8_unicode_ci DEFAULT NULL,
  `nameTh` varchar(255) COLLATE utf8_unicode_ci DEFAULT NULL,
  `nameId` varchar(255) COLLATE utf8_unicode_ci DEFAULT NULL,
  `nameTl` varchar(255) COLLATE utf8_unicode_ci DEFAULT NULL,
  `nameZh` varchar(255) COLLATE utf8_unicode_ci DEFAULT NULL,
  `urlPartVi` varchar(255) COLLATE utf8_unicode_ci DEFAULT NULL,
  `urlPartEn` varchar(255) COLLATE utf8_unicode_ci DEFAULT NULL,
  `urlPartJa` varchar(255) COLLATE utf8_unicode_ci DEFAULT NULL,
  `urlPartKh` varchar(255) COLLATE utf8_unicode_ci DEFAULT NULL,
  `urlPartTh` varchar(255) COLLATE utf8_unicode_ci DEFAULT NULL,
  `urlPartId` varchar(255) COLLATE utf8_unicode_ci DEFAULT NULL,
  `urlPartTl` varchar(255) COLLATE utf8_unicode_ci DEFAULT NULL,
  `urlPartZh` varchar(255) COLLATE utf8_unicode_ci DEFAULT NULL,
  `latestPage_id` int(11) DEFAULT NULL,
  PRIMARY KEY (`id`),
  UNIQUE KEY `UNIQ_4804028578B1944F` (`nameVi`),
  UNIQUE KEY `UNIQ_48040285873A407E` (`nameEn`),
  UNIQUE KEY `UNIQ_48040285901D4120` (`nameJa`),
  UNIQUE KEY `UNIQ_48040285F0DAC8C5` (`nameKh`),
  UNIQUE KEY `UNIQ_480402853D80C65B` (`nameTh`),
  UNIQUE KEY `UNIQ_48040285CB5AE66C` (`nameId`),
  UNIQUE KEY `UNIQ_480402853AED0242` (`nameTl`),
  UNIQUE KEY `UNIQ_48040285A303EBD5` (`nameZh`),
  UNIQUE KEY `UNIQ_480402851CC3FFF7` (`urlPartVi`),
  UNIQUE KEY `UNIQ_48040285E3482BC6` (`urlPartEn`),
  UNIQUE KEY `UNIQ_48040285F46F2A98` (`urlPartJa`),
  UNIQUE KEY `UNIQ_4804028594A8A37D` (`urlPartKh`),
  UNIQUE KEY `UNIQ_4804028559F2ADE3` (`urlPartTh`),
  UNIQUE KEY `UNIQ_48040285AF288DD4` (`urlPartId`),
  UNIQUE KEY `UNIQ_480402855E9F69FA` (`urlPartTl`),
  UNIQUE KEY `UNIQ_48040285C771806D` (`urlPartZh`),
  UNIQUE KEY `UNIQ_48040285EE5C0E79` (`latestPage_id`),
  CONSTRAINT `FK_48040285EE5C0E79` FOREIGN KEY (`latestPage_id`) REFERENCES `HiringAdvicePage` (`id`)
) ENGINE=InnoDB AUTO_INCREMENT=6 DEFAULT CHARSET=utf8 COLLATE=utf8_unicode_ci;
/*!40101 SET character_set_client = @saved_cs_client */;

--
-- Dumping data for table `HiringAdviceCategory`
--

LOCK TABLES `HiringAdviceCategory` WRITE;
/*!40000 ALTER TABLE `HiringAdviceCategory` DISABLE KEYS */;
INSERT INTO `HiringAdviceCategory` VALUES (1,1,0,'description (vi)','description (en)','description (ja)',NULL,NULL,NULL,NULL,NULL,'meta description (vi)','meta description (en)','meta description (ja)',NULL,NULL,NULL,NULL,NULL,'meta keyword (vi)','meta keyword (en)','meta keyword (ja)',NULL,NULL,NULL,NULL,NULL,'Văn hóa doanh nghiệp (vi)','Văn hóa doanh nghiệp','Văn hóa doanh nghiệp (ja)',NULL,NULL,NULL,NULL,NULL,'van-hoa-doanh-nghiep-vi','van-hoa-doanh-nghiep','van-hoa-doanh-nghiep-ja',NULL,NULL,NULL,NULL,NULL,NULL),(2,1,0,'description (vi)','description (en)','description (ja)',NULL,NULL,NULL,NULL,NULL,'meta description (vi)','meta description (en)','meta description (ja)',NULL,NULL,NULL,NULL,NULL,'meta keyword (vi)','meta keyword (en)','meta keyword (ja)',NULL,NULL,NULL,NULL,NULL,'Bí quyết tuyển dụng (vi)','Bí quyết tuyển dụng','Bí quyết tuyển dụng (ja)',NULL,NULL,NULL,NULL,NULL,'bi-quyet-tuyen-dung-vi','bi-quyet-tuyen-dung','bi-quyet-tuyen-dung-ja',NULL,NULL,NULL,NULL,NULL,NULL),(3,1,0,'description (vi)','description (en)','description (ja)',NULL,NULL,NULL,NULL,NULL,'meta description (vi)','meta description (en)','meta description (ja)',NULL,NULL,NULL,NULL,NULL,'meta keyword (vi)','meta keyword (en)','meta keyword (ja)',NULL,NULL,NULL,NULL,NULL,'Nghệ thuật quản lý (vi)','Nghệ thuật quản lý','Nghệ thuật quản lý (ja)',NULL,NULL,NULL,NULL,NULL,'nghe-thuat-quan-ly-vi','nghe-thuat-quan-ly','nghe-thuat-quan-ly-ja',NULL,NULL,NULL,NULL,NULL,NULL),(4,1,0,'description (vi)','description (en)','description (ja)',NULL,NULL,NULL,NULL,NULL,'meta description (vi)','meta description (en)','meta description (ja)',NULL,NULL,NULL,NULL,NULL,'meta keyword (vi)','meta keyword (en)','meta keyword (ja)',NULL,NULL,NULL,NULL,NULL,'Interviewing Candidates (vi)','Interviewing Candidates','Interviewing Candidates (ja)',NULL,NULL,NULL,NULL,NULL,'interviewing-candidates-vi','interviewing-candidates','interviewing-candidates-ja',NULL,NULL,NULL,NULL,NULL,NULL),(5,0,0,'description (vi)','description (en)','description (ja)',NULL,NULL,NULL,NULL,NULL,'meta description (vi)','meta description (en)','meta description (ja)',NULL,NULL,NULL,NULL,NULL,'meta keyword (vi)','meta keyword (en)','meta keyword (ja)',NULL,NULL,NULL,NULL,NULL,'NOT Active Category (vi)','NOT Active Category (en)','NOT Active Category (ja)',NULL,NULL,NULL,NULL,NULL,'not-active-category-vi','not-active-category-en','not-active-category-ja',NULL,NULL,NULL,NULL,NULL,NULL);
/*!40000 ALTER TABLE `HiringAdviceCategory` ENABLE KEYS */;
UNLOCK TABLES;

--
-- Table structure for table `HiringAdvicePage`
--

DROP TABLE IF EXISTS `HiringAdvicePage`;
/*!40101 SET @saved_cs_client     = @@character_set_client */;
/*!40101 SET character_set_client = utf8 */;
CREATE TABLE `HiringAdvicePage` (
  `id` int(11) NOT NULL AUTO_INCREMENT,
  `hiring_advice_category_id` int(11) DEFAULT NULL,
  `hiring_advice_sub_category_id` int(11) DEFAULT NULL,
  `page_id` int(11) DEFAULT NULL,
  `urlPartVi` varchar(255) COLLATE utf8_unicode_ci DEFAULT NULL,
  `urlPartEn` varchar(255) COLLATE utf8_unicode_ci DEFAULT NULL,
  `urlPartJa` varchar(255) COLLATE utf8_unicode_ci DEFAULT NULL,
  `urlPartKh` varchar(255) COLLATE utf8_unicode_ci DEFAULT NULL,
  `urlPartTh` varchar(255) COLLATE utf8_unicode_ci DEFAULT NULL,
  `urlPartId` varchar(255) COLLATE utf8_unicode_ci DEFAULT NULL,
  `urlPartTl` varchar(255) COLLATE utf8_unicode_ci DEFAULT NULL,
  `urlPartZh` varchar(255) COLLATE utf8_unicode_ci DEFAULT NULL,
  `imageId` varchar(255) COLLATE utf8_unicode_ci DEFAULT NULL,
  `isFeatured` tinyint(1) NOT NULL,
  `isActive` tinyint(1) NOT NULL,
  `postedAt` datetime NOT NULL,
  `modifiedAt` datetime DEFAULT NULL,
  `alt` varchar(255) COLLATE utf8_unicode_ci DEFAULT NULL,
  `descriptionVi` varchar(255) COLLATE utf8_unicode_ci DEFAULT NULL,
  `descriptionEn` varchar(255) COLLATE utf8_unicode_ci DEFAULT NULL,
  `descriptionJa` varchar(255) COLLATE utf8_unicode_ci DEFAULT NULL,
  `descriptionKh` varchar(255) COLLATE utf8_unicode_ci DEFAULT NULL,
  `descriptionTh` varchar(255) COLLATE utf8_unicode_ci DEFAULT NULL,
  `descriptionId` varchar(255) COLLATE utf8_unicode_ci DEFAULT NULL,
  `descriptionTl` varchar(255) COLLATE utf8_unicode_ci DEFAULT NULL,
  `descriptionZh` varchar(255) COLLATE utf8_unicode_ci DEFAULT NULL,
  `titleVi` varchar(255) COLLATE utf8_unicode_ci DEFAULT NULL,
  `titleEn` varchar(255) COLLATE utf8_unicode_ci DEFAULT NULL,
  `titleJa` varchar(255) COLLATE utf8_unicode_ci DEFAULT NULL,
  `titleKh` varchar(255) COLLATE utf8_unicode_ci DEFAULT NULL,
  `titleTh` varchar(255) COLLATE utf8_unicode_ci DEFAULT NULL,
  `titleId` varchar(255) COLLATE utf8_unicode_ci DEFAULT NULL,
  `titleTl` varchar(255) COLLATE utf8_unicode_ci DEFAULT NULL,
  `titleZh` varchar(255) COLLATE utf8_unicode_ci DEFAULT NULL,
  `h1Vi` varchar(255) COLLATE utf8_unicode_ci DEFAULT NULL,
  `h1En` varchar(255) COLLATE utf8_unicode_ci DEFAULT NULL,
  `h1Ja` varchar(255) COLLATE utf8_unicode_ci DEFAULT NULL,
  `h1Kh` varchar(255) COLLATE utf8_unicode_ci DEFAULT NULL,
  `h1Th` varchar(255) COLLATE utf8_unicode_ci DEFAULT NULL,
  `h1Id` varchar(255) COLLATE utf8_unicode_ci DEFAULT NULL,
  `h1Tl` varchar(255) COLLATE utf8_unicode_ci DEFAULT NULL,
  `h1Zh` varchar(255) COLLATE utf8_unicode_ci DEFAULT NULL,
  PRIMARY KEY (`id`),
  UNIQUE KEY `urlPartVi_categoryId_subCategoryId` (`urlPartVi`,`hiring_advice_category_id`,`hiring_advice_sub_category_id`),
  UNIQUE KEY `urlPartEn_categoryId_subCategoryId` (`urlPartEn`,`hiring_advice_category_id`,`hiring_advice_sub_category_id`),
  UNIQUE KEY `urlPartJa_categoryId_subCategoryId` (`urlPartJa`,`hiring_advice_category_id`,`hiring_advice_sub_category_id`),
  UNIQUE KEY `urlPartKh_categoryId_subCategoryId` (`urlPartKh`,`hiring_advice_category_id`,`hiring_advice_sub_category_id`),
  UNIQUE KEY `urlPartTh_categoryId_subCategoryId` (`urlPartTh`,`hiring_advice_category_id`,`hiring_advice_sub_category_id`),
  UNIQUE KEY `urlPartId_categoryId_subCategoryId` (`urlPartId`,`hiring_advice_category_id`,`hiring_advice_sub_category_id`),
  UNIQUE KEY `urlPartTl_categoryId_subCategoryId` (`urlPartTl`,`hiring_advice_category_id`,`hiring_advice_sub_category_id`),
  UNIQUE KEY `urlPartZh_categoryId_subCategoryId` (`urlPartZh`,`hiring_advice_category_id`,`hiring_advice_sub_category_id`),
  KEY `IDX_F1598543456679B4` (`hiring_advice_category_id`),
  KEY `IDX_F1598543D7B9208B` (`hiring_advice_sub_category_id`),
  KEY `IDX_F1598543C4663E4` (`page_id`),
  CONSTRAINT `FK_F1598543456679B4` FOREIGN KEY (`hiring_advice_category_id`) REFERENCES `HiringAdviceCategory` (`id`),
  CONSTRAINT `FK_F1598543C4663E4` FOREIGN KEY (`page_id`) REFERENCES `Page` (`id`),
  CONSTRAINT `FK_F1598543D7B9208B` FOREIGN KEY (`hiring_advice_sub_category_id`) REFERENCES `HiringAdviceSubCategory` (`id`)
) ENGINE=InnoDB AUTO_INCREMENT=11 DEFAULT CHARSET=utf8 COLLATE=utf8_unicode_ci;
/*!40101 SET character_set_client = @saved_cs_client */;

--
-- Dumping data for table `HiringAdvicePage`
--

LOCK TABLES `HiringAdvicePage` WRITE;
/*!40000 ALTER TABLE `HiringAdvicePage` DISABLE KEYS */;
INSERT INTO `HiringAdvicePage` VALUES (1,3,NULL,21,'nghe-thuat-quan-ly-1-title-vi','nghe-thuat-quan-ly-1-title-en','nghe-thuat-quan-ly-1-title-ja',NULL,NULL,NULL,NULL,NULL,NULL,0,1,'2020-05-06 09:54:31','2020-05-06 09:54:31',NULL,'Nghệ thuật quản lý 1 description (vi)','Nghệ thuật quản lý 1 description (en)','Nghệ thuật quản lý 1 description (ja)',NULL,NULL,NULL,NULL,NULL,'Nghệ thuật quản lý 1 Title (vi)','Nghệ thuật quản lý 1 Title (en)','Nghệ thuật quản lý 1 Title (ja)',NULL,NULL,NULL,NULL,NULL,NULL,NULL,NULL,NULL,NULL,NULL,NULL,NULL),(2,2,NULL,22,'jobdescriptions-3-title-vi','jobdescriptions-3-title-en','jobdescriptions-3-title-ja',NULL,NULL,NULL,NULL,NULL,NULL,0,1,'2020-05-06 09:54:31','2020-05-06 09:54:31',NULL,'JobDescriptions 3 description (vi)','JobDescriptions 3 description (en)','JobDescriptions 3 description (ja)',NULL,NULL,NULL,NULL,NULL,'JobDescriptions 3 Title (vi)','JobDescriptions 3 Title (en)','JobDescriptions 3 Title (ja)',NULL,NULL,NULL,NULL,NULL,NULL,NULL,NULL,NULL,NULL,NULL,NULL,NULL),(3,2,NULL,23,'jobdescriptions-4-title-vi','jobdescriptions-4-title-en','jobdescriptions-4-title-ja',NULL,NULL,NULL,NULL,NULL,NULL,0,1,'2020-05-06 09:54:31','2020-05-06 09:54:31',NULL,'JobDescriptions 4 description (vi)','JobDescriptions 4 description (en)','JobDescriptions 4 description (ja)',NULL,NULL,NULL,NULL,NULL,'JobDescriptions 4 Title (vi)','JobDescriptions 4 Title (en)','JobDescriptions 4 Title (ja)',NULL,NULL,NULL,NULL,NULL,NULL,NULL,NULL,NULL,NULL,NULL,NULL,NULL),(4,2,NULL,24,'jobdescriptions-5-title-vi','jobdescriptions-5-title-en','jobdescriptions-5-title-ja',NULL,NULL,NULL,NULL,NULL,NULL,0,1,'2020-05-06 09:54:31','2020-05-06 09:54:31',NULL,'JobDescriptions 5 description (vi)','JobDescriptions 5 description (en)','JobDescriptions 5 description (ja)',NULL,NULL,NULL,NULL,NULL,'JobDescriptions 5 Title (vi)','JobDescriptions 5 Title (en)','JobDescriptions 5 Title (ja)',NULL,NULL,NULL,NULL,NULL,NULL,NULL,NULL,NULL,NULL,NULL,NULL,NULL),(5,1,1,25,'page6-subcategory1-category1-title-vi','page6-subcategory1-category1-title-en','page6-subcategory1-category1-title-ja',NULL,NULL,NULL,NULL,NULL,NULL,0,1,'2020-05-06 09:54:31','2020-05-06 09:54:31',NULL,'Page6 subCategory1 category1 description (vi)','Page6 subCategory1 category1 description (en)','Page6 subCategory1 category1 description (ja)',NULL,NULL,NULL,NULL,NULL,'Page6 SubCategory1 Category1 Title (vi)','Page6 SubCategory1 Category1 Title (en)','Page6 SubCategory1 Category1 Title (ja)',NULL,NULL,NULL,NULL,NULL,NULL,NULL,NULL,NULL,NULL,NULL,NULL,NULL),(6,1,2,26,'page7-subcategory2-category1-title-vi','page7-subcategory2-category1-title-en','page7-subcategory2-category1-title-ja',NULL,NULL,NULL,NULL,NULL,NULL,0,1,'2020-05-06 09:54:31','2020-05-06 09:54:31',NULL,'Page7 subCategory2 category1 description (vi)','Page7 subCategory2 category1 description (en)','Page7 subCategory2 category1 description (ja)',NULL,NULL,NULL,NULL,NULL,'Page7 SubCategory2 Category1 Title (vi)','Page7 SubCategory2 Category1 Title (en)','Page7 SubCategory2 Category1 Title (ja)',NULL,NULL,NULL,NULL,NULL,NULL,NULL,NULL,NULL,NULL,NULL,NULL,NULL),(7,1,3,27,'page8-subcategory3-category1-title-vi','page8-subcategory3-category1-title-en','page8-subcategory3-category1-title-ja',NULL,NULL,NULL,NULL,NULL,NULL,0,1,'2020-05-06 09:54:31','2020-05-06 09:54:31',NULL,'Page8 subCategory3 category1 description (vi)','Page8 subCategory3 category1 description (en)','Page8 subCategory3 category1 description (ja)',NULL,NULL,NULL,NULL,NULL,'Page8 SubCategory3 Category1 Title (vi)','Page8 SubCategory3 Category1 Title (en)','Page8 SubCategory3 Category1 Title (ja)',NULL,NULL,NULL,NULL,NULL,NULL,NULL,NULL,NULL,NULL,NULL,NULL,NULL),(8,4,NULL,28,'notactivepage-activecategory-title-vi','notactivepage-activecategory-title-en','notactivepage-activecategory-title-ja',NULL,NULL,NULL,NULL,NULL,NULL,0,0,'2020-05-06 09:54:32','2020-05-06 09:54:32',NULL,'NotActivePage && ActiveCategory description (vi)','NotActivePage && ActiveCategory description (en)','NotActivePage && ActiveCategory description (ja)',NULL,NULL,NULL,NULL,NULL,'NotActivePage && ActiveCategory Title (vi)','NotActivePage && ActiveCategory Title (en)','NotActivePage && ActiveCategory Title (ja)',NULL,NULL,NULL,NULL,NULL,NULL,NULL,NULL,NULL,NULL,NULL,NULL,NULL),(9,5,NULL,29,'activepage-notactivecategory-title-vi','activepage-notactivecategory-title-en','activepage-notactivecategory-title-ja',NULL,NULL,NULL,NULL,NULL,NULL,0,1,'2020-05-06 09:54:32','2020-05-06 09:54:32',NULL,'ActivePage && NotActiveCategory description (vi)','ActivePage && NotActiveCategory description (en)','ActivePage && NotActiveCategory description (ja)',NULL,NULL,NULL,NULL,NULL,'ActivePage && NotActiveCategory Title (vi)','ActivePage && NotActiveCategory Title (en)','ActivePage && NotActiveCategory Title (ja)',NULL,NULL,NULL,NULL,NULL,NULL,NULL,NULL,NULL,NULL,NULL,NULL,NULL),(10,5,6,30,'activepage-notactivecategory-notactivesubcategory-title-vi','activepage-notactivecategory-notactivesubcategory-title-en','activepage-notactivecategory-notactivesubcategory-title-ja',NULL,NULL,NULL,NULL,NULL,NULL,0,1,'2020-05-06 09:54:32','2020-05-06 09:54:32',NULL,'ActivePage && NotActiveCategory && NotActiveSubCategory description (vi)','ActivePage && NotActiveCategory && NotActiveSubCategory description (en)','ActivePage && NotActiveCategory && NotActiveSubCategory description (ja)',NULL,NULL,NULL,NULL,NULL,'ActivePage && NotActiveCategory && NotActiveSubCategory Title (vi)','ActivePage && NotActiveCategory && NotActiveSubCategory Title (en)','ActivePage && NotActiveCategory && NotActiveSubCategory Title (ja)',NULL,NULL,NULL,NULL,NULL,NULL,NULL,NULL,NULL,NULL,NULL,NULL,NULL);
/*!40000 ALTER TABLE `HiringAdvicePage` ENABLE KEYS */;
UNLOCK TABLES;

--
-- Table structure for table `HiringAdviceSubCategory`
--

DROP TABLE IF EXISTS `HiringAdviceSubCategory`;
/*!40101 SET @saved_cs_client     = @@character_set_client */;
/*!40101 SET character_set_client = utf8 */;
CREATE TABLE `HiringAdviceSubCategory` (
  `id` int(11) NOT NULL AUTO_INCREMENT,
  `category_id` int(11) DEFAULT NULL,
  `nameVi` varchar(255) COLLATE utf8_unicode_ci DEFAULT NULL,
  `nameEn` varchar(255) COLLATE utf8_unicode_ci DEFAULT NULL,
  `nameJa` varchar(255) COLLATE utf8_unicode_ci DEFAULT NULL,
  `nameKh` varchar(255) COLLATE utf8_unicode_ci DEFAULT NULL,
  `nameTh` varchar(255) COLLATE utf8_unicode_ci DEFAULT NULL,
  `nameId` varchar(255) COLLATE utf8_unicode_ci DEFAULT NULL,
  `nameTl` varchar(255) COLLATE utf8_unicode_ci DEFAULT NULL,
  `nameZh` varchar(255) COLLATE utf8_unicode_ci DEFAULT NULL,
  `urlPartVi` varchar(255) COLLATE utf8_unicode_ci DEFAULT NULL,
  `urlPartEn` varchar(255) COLLATE utf8_unicode_ci DEFAULT NULL,
  `urlPartJa` varchar(255) COLLATE utf8_unicode_ci DEFAULT NULL,
  `urlPartKh` varchar(255) COLLATE utf8_unicode_ci DEFAULT NULL,
  `urlPartTh` varchar(255) COLLATE utf8_unicode_ci DEFAULT NULL,
  `urlPartId` varchar(255) COLLATE utf8_unicode_ci DEFAULT NULL,
  `urlPartTl` varchar(255) COLLATE utf8_unicode_ci DEFAULT NULL,
  `urlPartZh` varchar(255) COLLATE utf8_unicode_ci DEFAULT NULL,
  `isActive` tinyint(1) NOT NULL,
  `isSpecial` tinyint(1) NOT NULL,
  `descriptionVi` varchar(255) COLLATE utf8_unicode_ci DEFAULT NULL,
  `descriptionEn` varchar(255) COLLATE utf8_unicode_ci DEFAULT NULL,
  `descriptionJa` varchar(255) COLLATE utf8_unicode_ci DEFAULT NULL,
  `descriptionKh` varchar(255) COLLATE utf8_unicode_ci DEFAULT NULL,
  `descriptionTh` varchar(255) COLLATE utf8_unicode_ci DEFAULT NULL,
  `descriptionId` varchar(255) COLLATE utf8_unicode_ci DEFAULT NULL,
  `descriptionTl` varchar(255) COLLATE utf8_unicode_ci DEFAULT NULL,
  `descriptionZh` varchar(255) COLLATE utf8_unicode_ci DEFAULT NULL,
  `metaDescriptionVi` varchar(255) COLLATE utf8_unicode_ci DEFAULT NULL,
  `metaDescriptionEn` varchar(255) COLLATE utf8_unicode_ci DEFAULT NULL,
  `metaDescriptionJa` varchar(255) COLLATE utf8_unicode_ci DEFAULT NULL,
  `metaDescriptionKh` varchar(255) COLLATE utf8_unicode_ci DEFAULT NULL,
  `metaDescriptionTh` varchar(255) COLLATE utf8_unicode_ci DEFAULT NULL,
  `metaDescriptionId` varchar(255) COLLATE utf8_unicode_ci DEFAULT NULL,
  `metaDescriptionTl` varchar(255) COLLATE utf8_unicode_ci DEFAULT NULL,
  `metaDescriptionZh` varchar(255) COLLATE utf8_unicode_ci DEFAULT NULL,
  `metaKeywordVi` varchar(255) COLLATE utf8_unicode_ci DEFAULT NULL,
  `metaKeywordEn` varchar(255) COLLATE utf8_unicode_ci DEFAULT NULL,
  `metaKeywordJa` varchar(255) COLLATE utf8_unicode_ci DEFAULT NULL,
  `metaKeywordKh` varchar(255) COLLATE utf8_unicode_ci DEFAULT NULL,
  `metaKeywordTh` varchar(255) COLLATE utf8_unicode_ci DEFAULT NULL,
  `metaKeywordId` varchar(255) COLLATE utf8_unicode_ci DEFAULT NULL,
  `metaKeywordTl` varchar(255) COLLATE utf8_unicode_ci DEFAULT NULL,
  `metaKeywordZh` varchar(255) COLLATE utf8_unicode_ci DEFAULT NULL,
  `latestPage_id` int(11) DEFAULT NULL,
  PRIMARY KEY (`id`),
  UNIQUE KEY `UNIQ_5208E174EE5C0E79` (`latestPage_id`),
  UNIQUE KEY `nameVi_categoryId` (`nameVi`,`category_id`),
  UNIQUE KEY `nameEn_categoryId` (`nameEn`,`category_id`),
  UNIQUE KEY `nameJa_categoryId` (`nameJa`,`category_id`),
  UNIQUE KEY `nameKh_categoryId` (`nameKh`,`category_id`),
  UNIQUE KEY `nameTh_categoryId` (`nameTh`,`category_id`),
  UNIQUE KEY `nameId_categoryId` (`nameId`,`category_id`),
  UNIQUE KEY `nameTl_categoryId` (`nameTl`,`category_id`),
  UNIQUE KEY `nameZh_categoryId` (`nameZh`,`category_id`),
  UNIQUE KEY `urlPartVi_categoryId` (`urlPartVi`,`category_id`),
  UNIQUE KEY `urlPartEn_categoryId` (`urlPartEn`,`category_id`),
  UNIQUE KEY `urlPartJa_categoryId` (`urlPartJa`,`category_id`),
  UNIQUE KEY `urlPartKh_categoryId` (`urlPartKh`,`category_id`),
  UNIQUE KEY `urlPartTh_categoryId` (`urlPartTh`,`category_id`),
  UNIQUE KEY `urlPartId_categoryId` (`urlPartId`,`category_id`),
  UNIQUE KEY `urlPartTl_categoryId` (`urlPartTl`,`category_id`),
  UNIQUE KEY `urlPartZh_categoryId` (`urlPartZh`,`category_id`),
  KEY `IDX_5208E17412469DE2` (`category_id`),
  CONSTRAINT `FK_5208E17412469DE2` FOREIGN KEY (`category_id`) REFERENCES `HiringAdviceCategory` (`id`),
  CONSTRAINT `FK_5208E174EE5C0E79` FOREIGN KEY (`latestPage_id`) REFERENCES `HiringAdvicePage` (`id`)
) ENGINE=InnoDB AUTO_INCREMENT=7 DEFAULT CHARSET=utf8 COLLATE=utf8_unicode_ci;
/*!40101 SET character_set_client = @saved_cs_client */;

--
-- Dumping data for table `HiringAdviceSubCategory`
--

LOCK TABLES `HiringAdviceSubCategory` WRITE;
/*!40000 ALTER TABLE `HiringAdviceSubCategory` DISABLE KEYS */;
INSERT INTO `HiringAdviceSubCategory` VALUES (1,1,'SubCategory1 of Văn hóa doanh nghiệp (vi)','SubCategory1 of Văn hóa doanh nghiệp','SubCategory1 of Văn hóa doanh nghiệp (ja)',NULL,NULL,NULL,NULL,NULL,'subcategory1-of-van-hoa-doanh-nghiep-vi','subcategory1-of-van-hoa-doanh-nghiep','subcategory1-of-van-hoa-doanh-nghiep-ja',NULL,NULL,NULL,NULL,NULL,1,0,'description (vi)','description (en)','description (ja)',NULL,NULL,NULL,NULL,NULL,'meta description (vi)','meta description (en)','meta description (ja)',NULL,NULL,NULL,NULL,NULL,'meta keyword (vi)','meta keyword (en)','meta keyword (ja)',NULL,NULL,NULL,NULL,NULL,NULL),(2,1,'SubCategory2 of Văn hóa doanh nghiệp (vi)','SubCategory2 of Văn hóa doanh nghiệp','SubCategory2 of Văn hóa doanh nghiệp (ja)',NULL,NULL,NULL,NULL,NULL,'subcategory2-of-van-hoa-doanh-nghiep-vi','subcategory2-of-van-hoa-doanh-nghiep','subcategory2-of-van-hoa-doanh-nghiep-ja',NULL,NULL,NULL,NULL,NULL,1,0,'description (vi)','description (en)','description (ja)',NULL,NULL,NULL,NULL,NULL,'meta description (vi)','meta description (en)','meta description (ja)',NULL,NULL,NULL,NULL,NULL,'meta keyword (vi)','meta keyword (en)','meta keyword (ja)',NULL,NULL,NULL,NULL,NULL,NULL),(3,1,'SubCategory3 of Văn hóa doanh nghiệp (vi)','SubCategory3 of Văn hóa doanh nghiệp','SubCategory3 of Văn hóa doanh nghiệp (ja)',NULL,NULL,NULL,NULL,NULL,'subcategory3-of-van-hoa-doanh-nghiep-vi','subcategory3-of-van-hoa-doanh-nghiep','subcategory3-of-van-hoa-doanh-nghiep-ja',NULL,NULL,NULL,NULL,NULL,1,0,'description (vi)','description (en)','description (ja)',NULL,NULL,NULL,NULL,NULL,'meta description (vi)','meta description (en)','meta description (ja)',NULL,NULL,NULL,NULL,NULL,'meta keyword (vi)','meta keyword (en)','meta keyword (ja)',NULL,NULL,NULL,NULL,NULL,NULL),(4,2,'SubCategory1 of Bí quyết tuyển dụng (vi)','SubCategory1 of Bí quyết tuyển dụng','SubCategory1 of Bí quyết tuyển dụng (ja)',NULL,NULL,NULL,NULL,NULL,'subcategory1-of-bi-quyet-tuyen-dung-vi','subcategory1-of-bi-quyet-tuyen-dung','subcategory1-of-bi-quyet-tuyen-dung-ja',NULL,NULL,NULL,NULL,NULL,1,0,'description (vi)','description (en)','description (ja)',NULL,NULL,NULL,NULL,NULL,'meta description (vi)','meta description (en)','meta description (ja)',NULL,NULL,NULL,NULL,NULL,'meta keyword (vi)','meta keyword (en)','meta keyword (ja)',NULL,NULL,NULL,NULL,NULL,NULL),(5,3,'SubCategory1 of Nghệ thuật quản lý (vi)','SubCategory1 of Nghệ thuật quản lý','SubCategory1 of Nghệ thuật quản lý (ja)',NULL,NULL,NULL,NULL,NULL,'subcategory1-of-nghe-thuat-quan-ly-vi','subcategory1-of-nghe-thuat-quan-ly','subcategory1-of-nghe-thuat-quan-ly-ja',NULL,NULL,NULL,NULL,NULL,1,0,'description (vi)','description (en)','description (ja)',NULL,NULL,NULL,NULL,NULL,'meta description (vi)','meta description (en)','meta description (ja)',NULL,NULL,NULL,NULL,NULL,'meta keyword (vi)','meta keyword (en)','meta keyword (ja)',NULL,NULL,NULL,NULL,NULL,NULL),(6,5,'NOT Active SubCategory (vi)','NOT Active SubCategory (en)','NOT Active SubCategory (ja)',NULL,NULL,NULL,NULL,NULL,'not-active-subcategory-vi','not-active-subcategory-en','not-active-subcategory-ja',NULL,NULL,NULL,NULL,NULL,0,0,'description (vi)','description (en)','description (ja)',NULL,NULL,NULL,NULL,NULL,'meta description (vi)','meta description (en)','meta description (ja)',NULL,NULL,NULL,NULL,NULL,'meta keyword (vi)','meta keyword (en)','meta keyword (ja)',NULL,NULL,NULL,NULL,NULL,NULL);
/*!40000 ALTER TABLE `HiringAdviceSubCategory` ENABLE KEYS */;
UNLOCK TABLES;

--
-- Table structure for table `Job`
--

DROP TABLE IF EXISTS `Job`;
/*!40101 SET @saved_cs_client     = @@character_set_client */;
/*!40101 SET character_set_client = utf8 */;
CREATE TABLE `Job` (
  `id` int(11) NOT NULL AUTO_INCREMENT,
  `primary_country_id` int(11) DEFAULT NULL,
  `education_level_id` int(11) DEFAULT NULL,
  `application_preferred_language_id` int(11) DEFAULT NULL,
  `district_id` int(11) DEFAULT NULL,
  `province_id` int(11) DEFAULT NULL,
  `country_id` int(11) DEFAULT NULL,
  `job_view_info_id` int(11) DEFAULT NULL,
  `latest_application_id` int(11) DEFAULT NULL,
  `isDeleted` tinyint(1) NOT NULL,
  `isSearchable` tinyint(1) NOT NULL,
  `employer_id` int(11) NOT NULL,
  `status` char(1) COLLATE utf8_unicode_ci NOT NULL,
  `name` varchar(255) COLLATE utf8_unicode_ci NOT NULL,
  `code` longtext COLLATE utf8_unicode_ci,
  `positionType` char(1) COLLATE utf8_unicode_ci DEFAULT NULL,
  `desireCareerLevel` char(1) COLLATE utf8_unicode_ci DEFAULT NULL,
  `salaryType` char(1) COLLATE utf8_unicode_ci DEFAULT NULL,
  `salaryFrom` bigint(20) DEFAULT NULL,
  `salaryTo` bigint(20) DEFAULT NULL,
  `ageFrom` int(11) DEFAULT NULL,
  `ageTo` int(11) DEFAULT NULL,
  `gender` char(1) COLLATE utf8_unicode_ci NOT NULL,
  `description` longtext COLLATE utf8_unicode_ci,
  `experienceLevel` char(1) COLLATE utf8_unicode_ci DEFAULT NULL,
  `skill` longtext COLLATE utf8_unicode_ci,
  `applyOnline` tinyint(1) NOT NULL,
  `applyAttachment` tinyint(1) NOT NULL,
  `applyDirect` tinyint(1) NOT NULL,
  `isApplicableOnlyLanguage` tinyint(1) NOT NULL,
  `contactDescription` longtext COLLATE utf8_unicode_ci,
  `address` varchar(255) COLLATE utf8_unicode_ci DEFAULT NULL,
  `txtProvince` varchar(255) COLLATE utf8_unicode_ci DEFAULT NULL,
  `contactName` varchar(255) COLLATE utf8_unicode_ci DEFAULT NULL,
  `phone` varchar(255) COLLATE utf8_unicode_ci DEFAULT NULL,
  `fax` varchar(255) COLLATE utf8_unicode_ci DEFAULT NULL,
  `email` varchar(255) COLLATE utf8_unicode_ci DEFAULT NULL,
  `emails` longtext COLLATE utf8_unicode_ci,
  `contactPersonName` varchar(255) COLLATE utf8_unicode_ci DEFAULT NULL,
  `contactPersonPhone` varchar(255) COLLATE utf8_unicode_ci DEFAULT NULL,
  `hidePhone` tinyint(1) NOT NULL,
  `hideFax` tinyint(1) NOT NULL,
  `hideEmail` tinyint(1) NOT NULL,
  `hideContactPersonName` tinyint(1) NOT NULL,
  `hideContactPersonPhone` tinyint(1) NOT NULL,
  `dateFrom` date DEFAULT NULL,
  `span` int(11) NOT NULL,
  `extendedSpan` int(11) NOT NULL,
  `isTopLevelPriority` tinyint(1) NOT NULL,
  `displayStatus` char(1) COLLATE utf8_unicode_ci NOT NULL,
  `isHot` tinyint(1) NOT NULL,
  `isVnExpressHot` tinyint(1) NOT NULL,
  `hotFrom` date DEFAULT NULL,
  `hotTo` date DEFAULT NULL,
  `howToPay` char(1) COLLATE utf8_unicode_ci NOT NULL,
  `searchableInAscii` longblob,
  `searchableInVn` longblob,
  `adminSearchableInAscii` longblob,
  `adminSearchableInVn` longblob,
  `companyName` varchar(255) COLLATE utf8_unicode_ci DEFAULT NULL,
  `modifiedAt` datetime NOT NULL,
  `updatedAt` datetime NOT NULL,
  `fromHost` char(1) COLLATE utf8_unicode_ci DEFAULT NULL,
  `isExectiveJob` tinyint(1) NOT NULL,
  `isUrgent` tinyint(1) NOT NULL,
  `companyProfile` longtext COLLATE utf8_unicode_ci,
  `companySize` char(1) COLLATE utf8_unicode_ci NOT NULL,
  `companySiteUrl` varchar(255) COLLATE utf8_unicode_ci DEFAULT NULL,
  `showMap` tinyint(1) NOT NULL,
  `refreshedAt` datetime DEFAULT NULL,
  `version` int(11) NOT NULL,
  `siteId` int(11) NOT NULL,
  `salaryFromMoney_id` int(11) DEFAULT NULL,
  `salaryToMoney_id` int(11) DEFAULT NULL,
  PRIMARY KEY (`id`),
  UNIQUE KEY `UNIQ_C395A6187BB5412D` (`job_view_info_id`),
  UNIQUE KEY `UNIQ_C395A618C402509B` (`latest_application_id`),
  KEY `IDX_C395A618C78BD216` (`primary_country_id`),
  KEY `IDX_C395A61834DD95D5` (`salaryFromMoney_id`),
  KEY `IDX_C395A618C9DB5A23` (`salaryToMoney_id`),
  KEY `IDX_C395A618D7A5352E` (`education_level_id`),
  KEY `IDX_C395A61893DD54E0` (`application_preferred_language_id`),
  KEY `IDX_C395A618B08FA272` (`district_id`),
  KEY `IDX_C395A618E946114A` (`province_id`),
  KEY `IDX_C395A618F92F3E70` (`country_id`),
  KEY `idx_site_id_is_searchable_date_from` (`siteId`,`isSearchable`,`dateFrom`),
  KEY `idx_site_id_is_searchable_is_exective_job` (`siteId`,`isSearchable`,`isExectiveJob`),
  KEY `idx_site_id_is_searchable_is_hot` (`siteId`,`isSearchable`,`isVnExpressHot`),
  KEY `idx_site_id_job_is_deleted` (`siteId`,`isDeleted`,`dateFrom`),
  KEY `idx_site_id_isSearchable` (`siteId`,`isSearchable`),
  KEY `idx_site_id_is_deleted_status` (`siteId`,`isDeleted`,`status`,`dateFrom`),
  KEY `idx_site_id_is_searchable_istlp_date_from` (`siteId`,`isSearchable`,`isTopLevelPriority`,`dateFrom`),
  KEY `idx_employer_id` (`employer_id`),
  KEY `idx_site_id_is_searchable_employer_id` (`siteId`,`isSearchable`,`employer_id`),
  CONSTRAINT `FK_C395A61834DD95D5` FOREIGN KEY (`salaryFromMoney_id`) REFERENCES `Money` (`id`),
  CONSTRAINT `FK_C395A6187BB5412D` FOREIGN KEY (`job_view_info_id`) REFERENCES `JobViewInfo` (`id`),
  CONSTRAINT `FK_C395A61893DD54E0` FOREIGN KEY (`application_preferred_language_id`) REFERENCES `Language` (`id`),
  CONSTRAINT `FK_C395A618B08FA272` FOREIGN KEY (`district_id`) REFERENCES `District` (`id`),
  CONSTRAINT `FK_C395A618C402509B` FOREIGN KEY (`latest_application_id`) REFERENCES `Application` (`id`) ON DELETE SET NULL,
  CONSTRAINT `FK_C395A618C78BD216` FOREIGN KEY (`primary_country_id`) REFERENCES `Country` (`id`),
  CONSTRAINT `FK_C395A618C9DB5A23` FOREIGN KEY (`salaryToMoney_id`) REFERENCES `Money` (`id`),
  CONSTRAINT `FK_C395A618D7A5352E` FOREIGN KEY (`education_level_id`) REFERENCES `EducationLevel` (`id`),
  CONSTRAINT `FK_C395A618E946114A` FOREIGN KEY (`province_id`) REFERENCES `Province` (`id`),
  CONSTRAINT `FK_C395A618F92F3E70` FOREIGN KEY (`country_id`) REFERENCES `Country` (`id`)
) ENGINE=InnoDB AUTO_INCREMENT=54 DEFAULT CHARSET=utf8 COLLATE=utf8_unicode_ci;
/*!40101 SET character_set_client = @saved_cs_client */;

--
-- Dumping data for table `Job`
--

LOCK TABLES `Job` WRITE;
/*!40000 ALTER TABLE `Job` DISABLE KEYS */;
INSERT INTO `Job` VALUES (1,1,2,1,14,5,1,1,NULL,0,1,1,'A','#1 Nhân Viên Kinh Doanh Các Quận 5, 6, 8, Bình Tân, Bình Chánh',NULL,'A','D','N',NULL,NULL,18,NULL,'M','<div style=\"text-align: justify;\">- Tìm kiếm thông tin, tiếp cận các khách hàng tiềm năng. <br>-\n               Tư vấn, giải thích cho khách hàng về dịch vụ&nbsp;Internet băng rộng\n               (ADSL),&nbsp;Internet cáp quang (FTTH) do FPT Telecom đang cung cấp.<br>- Xúc tiến việc ký kết hợp đồng, đàm phán thương lượng, thực hiện cá\n               c thủ tục ký kết hợp đồng với khách hàng.\n               <br>* <span style=\"font-weight: bold; text-decoration: underline;\">Quyền lợi:</span><br>- Lương: cơ bản + hoa hồng + doanh số + thưởng cực k\n               ỳ hấp dẫn <br>- Chế độ thăng tiến rõ ràng <br>- Được tham gia các khóa đào tạo về sản phẩm và kỹ năng. <br>- Bảo hiểm nhà nước + Bảo hiểm ca\n               o cấp dành cho Nhân viên và người thân FPT (FPT Care). <br>- Tham gia các hoạt động Phong trào (Hàng năm, chúng tôi có rất nhiều\n               hoạt động nhằm chăm lo đời sống văn hóa tinh thần cho CNBV công ty)<br>- Được xét mua Cổ phiếu theo chính sách công ty. Và nhiều quyền lợi k\n             hác.<br></div>','A','- Nam, Tốt nghiệp PTTH trở lên, làm việc toàn thời gian\n              <br>- Cần cù chịu khó, không ngại công việc phải ra ngoài thị trường\n              <br>- Đam mê kinh doanh\n              <br>- Khả năng giải quyết tình huống tốt\n              <br>- Ngoại hình dễ nhìn, nói chuyện lưu loát, trôi chảy\n              <br>- Chịu được công việc áp lực cao\n              <br>- Ưu tiên ứng viên có kinh nghiệm bán hàng, viễn thông…',1,1,1,0,NULL,'20 Phan Đình Giót, P. 2',NULL,'Ban Nhân sự','08 7300 2222 ( IP: 8350)','08 7300 8889',NULL,'[\"career1@careerlink.vn\",\"career2@careerlink.vn\"]','Ms. Ngọc Diễm','08 7300 2222 ( IP: 8275)',1,1,1,1,1,'2020-04-07',30,0,0,'N',1,0,'2020-04-29','2020-05-27','B','#1 nhan vien kinh doanh cac quan 5, 6, 8, binh tan, binh chanh fpt telecom cong ty co phan vien thong fpt telecom duoc danh gia la nha cung cap dich vu internet (isp) co chinh sach dich vu tot nhat tai viet nam. trong dung nhan tai va phat trien nguon nhan luc luon la muc tieu hang dau trong cac chien luoc phat trien cua chung toi. o fpt telecom ban se duoc lam viec trong moi truong an toan, thu nhap canh tranh va cac chuong trinh dao tao phat trien. - tim kiem thong tin, tiep can cac khach hang tiem nang. - tu van, giai thich cho khach hang ve dich vu internet bang rong (adsl), internet cap quang (ftth) do fpt telecom dang cung cap. - xuc tien viec ky ket hop dong, dam phan thuong luong, thuc hien ca c thu tuc ky ket hop dong voi khach hang. * quyen loi: - luong: co ban + hoa hong + doanh so + thuong cuc k y hap dan - che do thang tien ro rang - duoc tham gia cac khoa dao tao ve san pham va ky nang. - bao hiem nha nuoc + bao hiem ca o cap danh cho nhan vien va nguoi than fpt (fpt care). - tham gia cac hoat dong phong trao (hang nam, chung toi co rat nhieu hoat dong nham cham lo doi song van hoa tinh than cho cnbv cong ty) - duoc xet mua co phieu theo chinh sach cong ty. va nhieu quyen loi k hac. - nam, tot nghiep ptth tro len, lam viec toan thoi gian - can cu chiu kho, khong ngai cong viec phai ra ngoai thi truong - dam me kinh doanh - kha nang giai quyet tinh huong tot - ngoai hinh de nhin, noi chuyen luu loat, troi chay - chiu duoc cong viec ap luc cao - uu tien ung vien co kinh nghiem ban hang, vien thong… 20 phan dinh giot, p. 2 ho chi minh(vi) ho chi minh ho chi minh(ja) ho chi minh(kh) ho chi minh(th) ho chi minh(id) css css css css css joomla joomla joomla joomla joomla','#1 nhân viên kinh doanh các quận 5, 6, 8, bình tân, bình chánh fpt telecom công ty cổ phần viễn thông fpt telecom được đánh giá là nhà cung cấp dịch vụ internet (isp) có chính sách dịch vụ tốt nhất tại việt nam. trọng dụng nhân tài và phát triển nguồn nhân lực luôn là mục tiêu hàng đầu trong các chiến lược phát triển của chúng tôi. ở fpt telecom bạn sẽ được làm việc trong môi trường an toàn, thu nhập cạnh tranh và các chương trình đào tạo phát triển. - tìm kiếm thông tin, tiếp cận các khách hàng tiềm năng. - tư vấn, giải thích cho khách hàng về dịch vụ internet băng rộng (adsl), internet cáp quang (ftth) do fpt telecom đang cung cấp. - xúc tiến việc ký kết hợp đồng, đàm phán thương lượng, thực hiện cá c thủ tục ký kết hợp đồng với khách hàng. * quyền lợi: - lương: cơ bản + hoa hồng + doanh số + thưởng cực k ỳ hấp dẫn - chế độ thăng tiến rõ ràng - được tham gia các khóa đào tạo về sản phẩm và kỹ năng. - bảo hiểm nhà nước + bảo hiểm ca o cấp dành cho nhân viên và người thân fpt (fpt care). - tham gia các hoạt động phong trào (hàng năm, chúng tôi có rất nhiều hoạt động nhằm chăm lo đời sống văn hóa tinh thần cho cnbv công ty) - được xét mua cổ phiếu theo chính sách công ty. và nhiều quyền lợi k hác. - nam, tốt nghiệp ptth trở lên, làm việc toàn thời gian - cần cù chịu khó, không ngại công việc phải ra ngoài thị trường - đam mê kinh doanh - khả năng giải quyết tình huống tốt - ngoại hình dễ nhìn, nói chuyện lưu loát, trôi chảy - chịu được công việc áp lực cao - ưu tiên ứng viên có kinh nghiệm bán hàng, viễn thông… 20 phan đình giót, p. 2 ho chi minh(vi) ho chi minh ho chi minh(ja) ho chi minh(kh) ho chi minh(th) ho chi minh(id) css css css css css joomla joomla joomla joomla joomla','ban nhan su 08 7300 2222 ( ip: 8350) 08 7300 8889 career1@careerlink.vn career2@careerlink.vn ms. ngoc diem 08 7300 2222 ( ip: 8275)','ban nhân sự 08 7300 2222 ( ip: 8350) 08 7300 8889 career1@careerlink.vn career2@careerlink.vn ms. ngọc diễm 08 7300 2222 ( ip: 8275)','FPT Telecom','2020-05-06 09:52:23','2020-05-06 09:52:23','C',1,1,'<div style=\"text-align: justify;\"><span style=\"font-weight: bold;\">Công ty Cổ phần Viễn thông FPT Telecom được đánh giá là nhà cung cấp dịch vụ Internet (ISP) có chính sách dịch vụ tốt nhất tại Việt Nam.  Trọng dụng nhân tài và phát triển nguồn nhân lực luôn là mục tiêu hàng đầu trong các chiến lược phát triển của chúng tôi. Ở FPT Telecom bạn sẽ được làm việc trong môi trường an toàn, thu nhập cạnh tranh và các chương trình đào tạo phát triển.</span></div>','G',NULL,0,'2020-04-07 09:52:23',0,1,NULL,NULL),(2,1,2,1,14,5,1,2,NULL,0,1,2,'A','#2 Nhân Viên Kinh Doanh Các Quận 5, 6, 8, Bình Tân, Bình Chánh',NULL,'A','M','N',NULL,NULL,18,NULL,'M','<div style=\"text-align: justify;\">- Tìm kiếm thông tin, tiếp cận các khách hàng tiềm năng. <br>-\n               Tư vấn, giải thích cho khách hàng về dịch vụ&nbsp;Internet băng rộng\n               (ADSL),&nbsp;Internet cáp quang (FTTH) do FPT Telecom đang cung cấp.<br>- Xúc tiến việc ký kết hợp đồng, đàm phán thương lượng, thực hiện cá\n               c thủ tục ký kết hợp đồng với khách hàng.\n               <br>* <span style=\"font-weight: bold; text-decoration: underline;\">Quyền lợi:</span><br>- Lương: cơ bản + hoa hồng + doanh số + thưởng cực k\n               ỳ hấp dẫn <br>- Chế độ thăng tiến rõ ràng <br>- Được tham gia các khóa đào tạo về sản phẩm và kỹ năng. <br>- Bảo hiểm nhà nước + Bảo hiểm ca\n               o cấp dành cho Nhân viên và người thân FPT (FPT Care). <br>- Tham gia các hoạt động Phong trào (Hàng năm, chúng tôi có rất nhiều\n               hoạt động nhằm chăm lo đời sống văn hóa tinh thần cho CNBV công ty)<br>- Được xét mua Cổ phiếu theo chính sách công ty. Và nhiều quyền lợi k\n             hác.<br></div>','A','- Nam, Tốt nghiệp PTTH trở lên, làm việc toàn thời gian\n              <br>- Cần cù chịu khó, không ngại công việc phải ra ngoài thị trường\n              <br>- Đam mê kinh doanh\n              <br>- Khả năng giải quyết tình huống tốt\n              <br>- Ngoại hình dễ nhìn, nói chuyện lưu loát, trôi chảy\n              <br>- Chịu được công việc áp lực cao\n              <br>- Ưu tiên ứng viên có kinh nghiệm bán hàng, viễn thông…',1,1,1,0,NULL,'20 Phan Đình Giót, P. 2',NULL,'Ban Nhân sự','08 7300 2222 ( IP: 8350)','08 7300 8889',NULL,'[\"career1@careerlink.vn\",\"career2@careerlink.vn\"]','Ms. Ngọc Diễm','08 7300 2222 ( IP: 8275)',1,1,1,1,1,'2020-04-07',30,0,0,'N',1,0,'2020-04-28','2020-05-07','B','#2 nhan vien kinh doanh cac quan 5, 6, 8, binh tan, binh chanh fpt telecom #2 cong ty co phan vien thong fpt telecom duoc danh gia la nha cung cap dich vu internet (isp) co chinh sach dich vu tot nhat tai viet nam. trong dung nhan tai va phat trien nguon nhan luc luon la muc tieu hang dau trong cac chien luoc phat trien cua chung toi. o fpt telecom ban se duoc lam viec trong moi truong an toan, thu nhap canh tranh va cac chuong trinh dao tao phat trien. - tim kiem thong tin, tiep can cac khach hang tiem nang. - tu van, giai thich cho khach hang ve dich vu internet bang rong (adsl), internet cap quang (ftth) do fpt telecom dang cung cap. - xuc tien viec ky ket hop dong, dam phan thuong luong, thuc hien ca c thu tuc ky ket hop dong voi khach hang. * quyen loi: - luong: co ban + hoa hong + doanh so + thuong cuc k y hap dan - che do thang tien ro rang - duoc tham gia cac khoa dao tao ve san pham va ky nang. - bao hiem nha nuoc + bao hiem ca o cap danh cho nhan vien va nguoi than fpt (fpt care). - tham gia cac hoat dong phong trao (hang nam, chung toi co rat nhieu hoat dong nham cham lo doi song van hoa tinh than cho cnbv cong ty) - duoc xet mua co phieu theo chinh sach cong ty. va nhieu quyen loi k hac. - nam, tot nghiep ptth tro len, lam viec toan thoi gian - can cu chiu kho, khong ngai cong viec phai ra ngoai thi truong - dam me kinh doanh - kha nang giai quyet tinh huong tot - ngoai hinh de nhin, noi chuyen luu loat, troi chay - chiu duoc cong viec ap luc cao - uu tien ung vien co kinh nghiem ban hang, vien thong… 20 phan dinh giot, p. 2 ho chi minh(vi) ho chi minh ho chi minh(ja) ho chi minh(kh) ho chi minh(th) ho chi minh(id) tieng viet vietnamese ベトナム語 java java java java java','#2 nhân viên kinh doanh các quận 5, 6, 8, bình tân, bình chánh fpt telecom #2 công ty cổ phần viễn thông fpt telecom được đánh giá là nhà cung cấp dịch vụ internet (isp) có chính sách dịch vụ tốt nhất tại việt nam. trọng dụng nhân tài và phát triển nguồn nhân lực luôn là mục tiêu hàng đầu trong các chiến lược phát triển của chúng tôi. ở fpt telecom bạn sẽ được làm việc trong môi trường an toàn, thu nhập cạnh tranh và các chương trình đào tạo phát triển. - tìm kiếm thông tin, tiếp cận các khách hàng tiềm năng. - tư vấn, giải thích cho khách hàng về dịch vụ internet băng rộng (adsl), internet cáp quang (ftth) do fpt telecom đang cung cấp. - xúc tiến việc ký kết hợp đồng, đàm phán thương lượng, thực hiện cá c thủ tục ký kết hợp đồng với khách hàng. * quyền lợi: - lương: cơ bản + hoa hồng + doanh số + thưởng cực k ỳ hấp dẫn - chế độ thăng tiến rõ ràng - được tham gia các khóa đào tạo về sản phẩm và kỹ năng. - bảo hiểm nhà nước + bảo hiểm ca o cấp dành cho nhân viên và người thân fpt (fpt care). - tham gia các hoạt động phong trào (hàng năm, chúng tôi có rất nhiều hoạt động nhằm chăm lo đời sống văn hóa tinh thần cho cnbv công ty) - được xét mua cổ phiếu theo chính sách công ty. và nhiều quyền lợi k hác. - nam, tốt nghiệp ptth trở lên, làm việc toàn thời gian - cần cù chịu khó, không ngại công việc phải ra ngoài thị trường - đam mê kinh doanh - khả năng giải quyết tình huống tốt - ngoại hình dễ nhìn, nói chuyện lưu loát, trôi chảy - chịu được công việc áp lực cao - ưu tiên ứng viên có kinh nghiệm bán hàng, viễn thông… 20 phan đình giót, p. 2 ho chi minh(vi) ho chi minh ho chi minh(ja) ho chi minh(kh) ho chi minh(th) ho chi minh(id) tiếng việt vietnamese ベトナム語 java java java java java','ban nhan su 08 7300 2222 ( ip: 8350) 08 7300 8889 career1@careerlink.vn career2@careerlink.vn ms. ngoc diem 08 7300 2222 ( ip: 8275)','ban nhân sự 08 7300 2222 ( ip: 8350) 08 7300 8889 career1@careerlink.vn career2@careerlink.vn ms. ngọc diễm 08 7300 2222 ( ip: 8275)','FPT Telecom #2','2020-05-06 09:52:23','2020-05-06 09:52:23','C',1,1,'<div style=\"text-align: justify;\"><span style=\"font-weight: bold;\">Công ty Cổ phần Viễn thông FPT Telecom được đánh giá là nhà cung cấp dịch vụ Internet (ISP) có chính sách dịch vụ tốt nhất tại Việt Nam.  Trọng dụng nhân tài và phát triển nguồn nhân lực luôn là mục tiêu hàng đầu trong các chiến lược phát triển của chúng tôi. Ở FPT Telecom bạn sẽ được làm việc trong môi trường an toàn, thu nhập cạnh tranh và các chương trình đào tạo phát triển.</span></div>','A',NULL,0,'2020-04-07 09:52:23',0,1,NULL,NULL),(3,1,2,1,14,5,1,3,NULL,0,1,3,'A','#3 Nhân Viên Kinh Doanh Các Quận 5, 6, 8, Bình Tân, Bình Chánh',NULL,'A','P','N',NULL,NULL,18,NULL,'M','<div style=\"text-align: justify;\">- Tìm kiếm thông tin, tiếp cận các khách hàng tiềm năng. <br>-\n               Tư vấn, giải thích cho khách hàng về dịch vụ&nbsp;Internet băng rộng\n               (ADSL),&nbsp;Internet cáp quang (FTTH) do FPT Telecom đang cung cấp.<br>- Xúc tiến việc ký kết hợp đồng, đàm phán thương lượng, thực hiện cá\n               c thủ tục ký kết hợp đồng với khách hàng.\n               <br>* <span style=\"font-weight: bold; text-decoration: underline;\">Quyền lợi:</span><br>- Lương: cơ bản + hoa hồng + doanh số + thưởng cực k\n               ỳ hấp dẫn <br>- Chế độ thăng tiến rõ ràng <br>- Được tham gia các khóa đào tạo về sản phẩm và kỹ năng. <br>- Bảo hiểm nhà nước + Bảo hiểm ca\n               o cấp dành cho Nhân viên và người thân FPT (FPT Care). <br>- Tham gia các hoạt động Phong trào (Hàng năm, chúng tôi có rất nhiều\n               hoạt động nhằm chăm lo đời sống văn hóa tinh thần cho CNBV công ty)<br>- Được xét mua Cổ phiếu theo chính sách công ty. Và nhiều quyền lợi k\n             hác.<br></div>','A','- Nam, Tốt nghiệp PTTH trở lên, làm việc toàn thời gian\n              <br>- Cần cù chịu khó, không ngại công việc phải ra ngoài thị trường\n              <br>- Đam mê kinh doanh\n              <br>- Khả năng giải quyết tình huống tốt\n              <br>- Ngoại hình dễ nhìn, nói chuyện lưu loát, trôi chảy\n              <br>- Chịu được công việc áp lực cao\n              <br>- Ưu tiên ứng viên có kinh nghiệm bán hàng, viễn thông…',1,1,1,0,NULL,'20 Phan Đình Giót, P. 2',NULL,'Ban Nhân sự','08 7300 2222 ( IP: 8350)','08 7300 8889',NULL,'[\"career1@careerlink.vn\",\"career2@careerlink.vn\"]','Ms. Ngọc Diễm','08 7300 2222 ( IP: 8275)',1,1,1,1,1,'2020-04-08',30,0,1,'N',1,0,'2020-04-06','2020-06-05','B','#3 nhan vien kinh doanh cac quan 5, 6, 8, binh tan, binh chanh fpt telecom #3 cong ty co phan vien thong fpt telecom duoc danh gia la nha cung cap dich vu internet (isp) co chinh sach dich vu tot nhat tai viet nam. trong dung nhan tai va phat trien nguon nhan luc luon la muc tieu hang dau trong cac chien luoc phat trien cua chung toi. o fpt telecom ban se duoc lam viec trong moi truong an toan, thu nhap canh tranh va cac chuong trinh dao tao phat trien. - tim kiem thong tin, tiep can cac khach hang tiem nang. - tu van, giai thich cho khach hang ve dich vu internet bang rong (adsl), internet cap quang (ftth) do fpt telecom dang cung cap. - xuc tien viec ky ket hop dong, dam phan thuong luong, thuc hien ca c thu tuc ky ket hop dong voi khach hang. * quyen loi: - luong: co ban + hoa hong + doanh so + thuong cuc k y hap dan - che do thang tien ro rang - duoc tham gia cac khoa dao tao ve san pham va ky nang. - bao hiem nha nuoc + bao hiem ca o cap danh cho nhan vien va nguoi than fpt (fpt care). - tham gia cac hoat dong phong trao (hang nam, chung toi co rat nhieu hoat dong nham cham lo doi song van hoa tinh than cho cnbv cong ty) - duoc xet mua co phieu theo chinh sach cong ty. va nhieu quyen loi k hac. - nam, tot nghiep ptth tro len, lam viec toan thoi gian - can cu chiu kho, khong ngai cong viec phai ra ngoai thi truong - dam me kinh doanh - kha nang giai quyet tinh huong tot - ngoai hinh de nhin, noi chuyen luu loat, troi chay - chiu duoc cong viec ap luc cao - uu tien ung vien co kinh nghiem ban hang, vien thong… 20 phan dinh giot, p. 2 ho chi minh(vi) ho chi minh ho chi minh(ja) ho chi minh(kh) ho chi minh(th) ho chi minh(id) .net .net .net .net .net','#3 nhân viên kinh doanh các quận 5, 6, 8, bình tân, bình chánh fpt telecom #3 công ty cổ phần viễn thông fpt telecom được đánh giá là nhà cung cấp dịch vụ internet (isp) có chính sách dịch vụ tốt nhất tại việt nam. trọng dụng nhân tài và phát triển nguồn nhân lực luôn là mục tiêu hàng đầu trong các chiến lược phát triển của chúng tôi. ở fpt telecom bạn sẽ được làm việc trong môi trường an toàn, thu nhập cạnh tranh và các chương trình đào tạo phát triển. - tìm kiếm thông tin, tiếp cận các khách hàng tiềm năng. - tư vấn, giải thích cho khách hàng về dịch vụ internet băng rộng (adsl), internet cáp quang (ftth) do fpt telecom đang cung cấp. - xúc tiến việc ký kết hợp đồng, đàm phán thương lượng, thực hiện cá c thủ tục ký kết hợp đồng với khách hàng. * quyền lợi: - lương: cơ bản + hoa hồng + doanh số + thưởng cực k ỳ hấp dẫn - chế độ thăng tiến rõ ràng - được tham gia các khóa đào tạo về sản phẩm và kỹ năng. - bảo hiểm nhà nước + bảo hiểm ca o cấp dành cho nhân viên và người thân fpt (fpt care). - tham gia các hoạt động phong trào (hàng năm, chúng tôi có rất nhiều hoạt động nhằm chăm lo đời sống văn hóa tinh thần cho cnbv công ty) - được xét mua cổ phiếu theo chính sách công ty. và nhiều quyền lợi k hác. - nam, tốt nghiệp ptth trở lên, làm việc toàn thời gian - cần cù chịu khó, không ngại công việc phải ra ngoài thị trường - đam mê kinh doanh - khả năng giải quyết tình huống tốt - ngoại hình dễ nhìn, nói chuyện lưu loát, trôi chảy - chịu được công việc áp lực cao - ưu tiên ứng viên có kinh nghiệm bán hàng, viễn thông… 20 phan đình giót, p. 2 ho chi minh(vi) ho chi minh ho chi minh(ja) ho chi minh(kh) ho chi minh(th) ho chi minh(id) .net .net .net .net .net','ban nhan su 08 7300 2222 ( ip: 8350) 08 7300 8889 career1@careerlink.vn career2@careerlink.vn ms. ngoc diem 08 7300 2222 ( ip: 8275)','ban nhân sự 08 7300 2222 ( ip: 8350) 08 7300 8889 career1@careerlink.vn career2@careerlink.vn ms. ngọc diễm 08 7300 2222 ( ip: 8275)','FPT Telecom #3','2020-05-06 09:52:23','2020-05-06 09:52:23','C',1,1,'<div style=\"text-align: justify;\"><span style=\"font-weight: bold;\">Công ty Cổ phần Viễn thông FPT Telecom được đánh giá là nhà cung cấp dịch vụ Internet (ISP) có chính sách dịch vụ tốt nhất tại Việt Nam.  Trọng dụng nhân tài và phát triển nguồn nhân lực luôn là mục tiêu hàng đầu trong các chiến lược phát triển của chúng tôi. Ở FPT Telecom bạn sẽ được làm việc trong môi trường an toàn, thu nhập cạnh tranh và các chương trình đào tạo phát triển.</span></div>','A',NULL,0,'2020-04-08 09:52:23',0,1,NULL,NULL),(4,1,2,1,14,5,1,4,NULL,0,1,4,'A','#4 Nhân Viên Kinh Doanh Các Quận 5, 6, 8, Bình Tân, Bình Chánh',NULL,'A','N','I',8977897,9602384,18,NULL,'M','<div style=\"text-align: justify;\">- Tìm kiếm thông tin, tiếp cận các khách hàng tiềm năng. <br>-\n               Tư vấn, giải thích cho khách hàng về dịch vụ&nbsp;Internet băng rộng\n               (ADSL),&nbsp;Internet cáp quang (FTTH) do FPT Telecom đang cung cấp.<br>- Xúc tiến việc ký kết hợp đồng, đàm phán thương lượng, thực hiện cá\n               c thủ tục ký kết hợp đồng với khách hàng.\n               <br>* <span style=\"font-weight: bold; text-decoration: underline;\">Quyền lợi:</span><br>- Lương: cơ bản + hoa hồng + doanh số + thưởng cực k\n               ỳ hấp dẫn <br>- Chế độ thăng tiến rõ ràng <br>- Được tham gia các khóa đào tạo về sản phẩm và kỹ năng. <br>- Bảo hiểm nhà nước + Bảo hiểm ca\n               o cấp dành cho Nhân viên và người thân FPT (FPT Care). <br>- Tham gia các hoạt động Phong trào (Hàng năm, chúng tôi có rất nhiều\n               hoạt động nhằm chăm lo đời sống văn hóa tinh thần cho CNBV công ty)<br>- Được xét mua Cổ phiếu theo chính sách công ty. Và nhiều quyền lợi k\n             hác.<br></div>','A','- Nam, Tốt nghiệp PTTH trở lên, làm việc toàn thời gian\n              <br>- Cần cù chịu khó, không ngại công việc phải ra ngoài thị trường\n              <br>- Đam mê kinh doanh\n              <br>- Khả năng giải quyết tình huống tốt\n              <br>- Ngoại hình dễ nhìn, nói chuyện lưu loát, trôi chảy\n              <br>- Chịu được công việc áp lực cao\n              <br>- Ưu tiên ứng viên có kinh nghiệm bán hàng, viễn thông…',1,1,1,0,NULL,'20 Phan Đình Giót, P. 2',NULL,'Ban Nhân sự','08 7300 2222 ( IP: 8350)','08 7300 8889',NULL,'[\"career1@careerlink.vn\",\"career2@careerlink.vn\"]','Ms. Ngọc Diễm','08 7300 2222 ( IP: 8275)',1,1,1,1,1,'2020-04-08',30,0,1,'N',1,0,'2020-04-08','2020-05-21','B','#4 nhan vien kinh doanh cac quan 5, 6, 8, binh tan, binh chanh company #4 cong ty co phan vien thong fpt telecom duoc danh gia la nha cung cap dich vu internet (isp) co chinh sach dich vu tot nhat tai viet nam. trong dung nhan tai va phat trien nguon nhan luc luon la muc tieu hang dau trong cac chien luoc phat trien cua chung toi. o fpt telecom ban se duoc lam viec trong moi truong an toan, thu nhap canh tranh va cac chuong trinh dao tao phat trien. - tim kiem thong tin, tiep can cac khach hang tiem nang. - tu van, giai thich cho khach hang ve dich vu internet bang rong (adsl), internet cap quang (ftth) do fpt telecom dang cung cap. - xuc tien viec ky ket hop dong, dam phan thuong luong, thuc hien ca c thu tuc ky ket hop dong voi khach hang. * quyen loi: - luong: co ban + hoa hong + doanh so + thuong cuc k y hap dan - che do thang tien ro rang - duoc tham gia cac khoa dao tao ve san pham va ky nang. - bao hiem nha nuoc + bao hiem ca o cap danh cho nhan vien va nguoi than fpt (fpt care). - tham gia cac hoat dong phong trao (hang nam, chung toi co rat nhieu hoat dong nham cham lo doi song van hoa tinh than cho cnbv cong ty) - duoc xet mua co phieu theo chinh sach cong ty. va nhieu quyen loi k hac. - nam, tot nghiep ptth tro len, lam viec toan thoi gian - can cu chiu kho, khong ngai cong viec phai ra ngoai thi truong - dam me kinh doanh - kha nang giai quyet tinh huong tot - ngoai hinh de nhin, noi chuyen luu loat, troi chay - chiu duoc cong viec ap luc cao - uu tien ung vien co kinh nghiem ban hang, vien thong… 20 phan dinh giot, p. 2 ho chi minh(vi) ho chi minh ho chi minh(ja) ho chi minh(kh) ho chi minh(th) ho chi minh(id) my pham cosmetics 化粧品 tieng viet vietnamese ベトナム語','#4 nhân viên kinh doanh các quận 5, 6, 8, bình tân, bình chánh company #4 công ty cổ phần viễn thông fpt telecom được đánh giá là nhà cung cấp dịch vụ internet (isp) có chính sách dịch vụ tốt nhất tại việt nam. trọng dụng nhân tài và phát triển nguồn nhân lực luôn là mục tiêu hàng đầu trong các chiến lược phát triển của chúng tôi. ở fpt telecom bạn sẽ được làm việc trong môi trường an toàn, thu nhập cạnh tranh và các chương trình đào tạo phát triển. - tìm kiếm thông tin, tiếp cận các khách hàng tiềm năng. - tư vấn, giải thích cho khách hàng về dịch vụ internet băng rộng (adsl), internet cáp quang (ftth) do fpt telecom đang cung cấp. - xúc tiến việc ký kết hợp đồng, đàm phán thương lượng, thực hiện cá c thủ tục ký kết hợp đồng với khách hàng. * quyền lợi: - lương: cơ bản + hoa hồng + doanh số + thưởng cực k ỳ hấp dẫn - chế độ thăng tiến rõ ràng - được tham gia các khóa đào tạo về sản phẩm và kỹ năng. - bảo hiểm nhà nước + bảo hiểm ca o cấp dành cho nhân viên và người thân fpt (fpt care). - tham gia các hoạt động phong trào (hàng năm, chúng tôi có rất nhiều hoạt động nhằm chăm lo đời sống văn hóa tinh thần cho cnbv công ty) - được xét mua cổ phiếu theo chính sách công ty. và nhiều quyền lợi k hác. - nam, tốt nghiệp ptth trở lên, làm việc toàn thời gian - cần cù chịu khó, không ngại công việc phải ra ngoài thị trường - đam mê kinh doanh - khả năng giải quyết tình huống tốt - ngoại hình dễ nhìn, nói chuyện lưu loát, trôi chảy - chịu được công việc áp lực cao - ưu tiên ứng viên có kinh nghiệm bán hàng, viễn thông… 20 phan đình giót, p. 2 ho chi minh(vi) ho chi minh ho chi minh(ja) ho chi minh(kh) ho chi minh(th) ho chi minh(id) mỹ phẩm cosmetics 化粧品 tiếng việt vietnamese ベトナム語','ban nhan su 08 7300 2222 ( ip: 8350) 08 7300 8889 career1@careerlink.vn career2@careerlink.vn ms. ngoc diem 08 7300 2222 ( ip: 8275)','ban nhân sự 08 7300 2222 ( ip: 8350) 08 7300 8889 career1@careerlink.vn career2@careerlink.vn ms. ngọc diễm 08 7300 2222 ( ip: 8275)','Company #4','2020-05-06 09:52:23','2020-05-06 09:52:23','C',1,1,'<div style=\"text-align: justify;\"><span style=\"font-weight: bold;\">Công ty Cổ phần Viễn thông FPT Telecom được đánh giá là nhà cung cấp dịch vụ Internet (ISP) có chính sách dịch vụ tốt nhất tại Việt Nam.  Trọng dụng nhân tài và phát triển nguồn nhân lực luôn là mục tiêu hàng đầu trong các chiến lược phát triển của chúng tôi. Ở FPT Telecom bạn sẽ được làm việc trong môi trường an toàn, thu nhập cạnh tranh và các chương trình đào tạo phát triển.</span></div>','A','www.careerlink.vn',0,'2020-04-08 09:52:23',0,1,2,2),(5,1,2,1,14,5,1,5,NULL,0,1,5,'A','#5 Nhân Viên Kinh Doanh Các Quận 5, 6, 8, Bình Tân, Bình Chánh',NULL,'A','T','N',NULL,NULL,18,NULL,'M','<div style=\"text-align: justify;\">- Tìm kiếm thông tin, tiếp cận các khách hàng tiềm năng. <br>-\n               Tư vấn, giải thích cho khách hàng về dịch vụ&nbsp;Internet băng rộng\n               (ADSL),&nbsp;Internet cáp quang (FTTH) do FPT Telecom đang cung cấp.<br>- Xúc tiến việc ký kết hợp đồng, đàm phán thương lượng, thực hiện cá\n               c thủ tục ký kết hợp đồng với khách hàng.\n               <br>* <span style=\"font-weight: bold; text-decoration: underline;\">Quyền lợi:</span><br>- Lương: cơ bản + hoa hồng + doanh số + thưởng cực k\n               ỳ hấp dẫn <br>- Chế độ thăng tiến rõ ràng <br>- Được tham gia các khóa đào tạo về sản phẩm và kỹ năng. <br>- Bảo hiểm nhà nước + Bảo hiểm ca\n               o cấp dành cho Nhân viên và người thân FPT (FPT Care). <br>- Tham gia các hoạt động Phong trào (Hàng năm, chúng tôi có rất nhiều\n               hoạt động nhằm chăm lo đời sống văn hóa tinh thần cho CNBV công ty)<br>- Được xét mua Cổ phiếu theo chính sách công ty. Và nhiều quyền lợi k\n             hác.<br></div>','A','- Nam, Tốt nghiệp PTTH trở lên, làm việc toàn thời gian\n              <br>- Cần cù chịu khó, không ngại công việc phải ra ngoài thị trường\n              <br>- Đam mê kinh doanh\n              <br>- Khả năng giải quyết tình huống tốt\n              <br>- Ngoại hình dễ nhìn, nói chuyện lưu loát, trôi chảy\n              <br>- Chịu được công việc áp lực cao\n              <br>- Ưu tiên ứng viên có kinh nghiệm bán hàng, viễn thông…',1,1,1,0,NULL,'20 Phan Đình Giót, P. 2',NULL,'Ban Nhân sự','08 7300 2222 ( IP: 8350)','08 7300 8889',NULL,'[\"career1@careerlink.vn\",\"career2@careerlink.vn\"]','Ms. Ngọc Diễm','08 7300 2222 ( IP: 8275)',1,1,1,1,1,'2020-04-11',30,0,1,'N',1,0,'2020-04-26','2020-05-29','B','#5 nhan vien kinh doanh cac quan 5, 6, 8, binh tan, binh chanh company #5 cong ty co phan vien thong fpt telecom duoc danh gia la nha cung cap dich vu internet (isp) co chinh sach dich vu tot nhat tai viet nam. trong dung nhan tai va phat trien nguon nhan luc luon la muc tieu hang dau trong cac chien luoc phat trien cua chung toi. o fpt telecom ban se duoc lam viec trong moi truong an toan, thu nhap canh tranh va cac chuong trinh dao tao phat trien. - tim kiem thong tin, tiep can cac khach hang tiem nang. - tu van, giai thich cho khach hang ve dich vu internet bang rong (adsl), internet cap quang (ftth) do fpt telecom dang cung cap. - xuc tien viec ky ket hop dong, dam phan thuong luong, thuc hien ca c thu tuc ky ket hop dong voi khach hang. * quyen loi: - luong: co ban + hoa hong + doanh so + thuong cuc k y hap dan - che do thang tien ro rang - duoc tham gia cac khoa dao tao ve san pham va ky nang. - bao hiem nha nuoc + bao hiem ca o cap danh cho nhan vien va nguoi than fpt (fpt care). - tham gia cac hoat dong phong trao (hang nam, chung toi co rat nhieu hoat dong nham cham lo doi song van hoa tinh than cho cnbv cong ty) - duoc xet mua co phieu theo chinh sach cong ty. va nhieu quyen loi k hac. - nam, tot nghiep ptth tro len, lam viec toan thoi gian - can cu chiu kho, khong ngai cong viec phai ra ngoai thi truong - dam me kinh doanh - kha nang giai quyet tinh huong tot - ngoai hinh de nhin, noi chuyen luu loat, troi chay - chiu duoc cong viec ap luc cao - uu tien ung vien co kinh nghiem ban hang, vien thong… 20 phan dinh giot, p. 2 ho chi minh(vi) ho chi minh ho chi minh(ja) ho chi minh(kh) ho chi minh(th) ho chi minh(id) .net .net .net .net .net','#5 nhân viên kinh doanh các quận 5, 6, 8, bình tân, bình chánh company #5 công ty cổ phần viễn thông fpt telecom được đánh giá là nhà cung cấp dịch vụ internet (isp) có chính sách dịch vụ tốt nhất tại việt nam. trọng dụng nhân tài và phát triển nguồn nhân lực luôn là mục tiêu hàng đầu trong các chiến lược phát triển của chúng tôi. ở fpt telecom bạn sẽ được làm việc trong môi trường an toàn, thu nhập cạnh tranh và các chương trình đào tạo phát triển. - tìm kiếm thông tin, tiếp cận các khách hàng tiềm năng. - tư vấn, giải thích cho khách hàng về dịch vụ internet băng rộng (adsl), internet cáp quang (ftth) do fpt telecom đang cung cấp. - xúc tiến việc ký kết hợp đồng, đàm phán thương lượng, thực hiện cá c thủ tục ký kết hợp đồng với khách hàng. * quyền lợi: - lương: cơ bản + hoa hồng + doanh số + thưởng cực k ỳ hấp dẫn - chế độ thăng tiến rõ ràng - được tham gia các khóa đào tạo về sản phẩm và kỹ năng. - bảo hiểm nhà nước + bảo hiểm ca o cấp dành cho nhân viên và người thân fpt (fpt care). - tham gia các hoạt động phong trào (hàng năm, chúng tôi có rất nhiều hoạt động nhằm chăm lo đời sống văn hóa tinh thần cho cnbv công ty) - được xét mua cổ phiếu theo chính sách công ty. và nhiều quyền lợi k hác. - nam, tốt nghiệp ptth trở lên, làm việc toàn thời gian - cần cù chịu khó, không ngại công việc phải ra ngoài thị trường - đam mê kinh doanh - khả năng giải quyết tình huống tốt - ngoại hình dễ nhìn, nói chuyện lưu loát, trôi chảy - chịu được công việc áp lực cao - ưu tiên ứng viên có kinh nghiệm bán hàng, viễn thông… 20 phan đình giót, p. 2 ho chi minh(vi) ho chi minh ho chi minh(ja) ho chi minh(kh) ho chi minh(th) ho chi minh(id) .net .net .net .net .net','ban nhan su 08 7300 2222 ( ip: 8350) 08 7300 8889 career1@careerlink.vn career2@careerlink.vn ms. ngoc diem 08 7300 2222 ( ip: 8275)','ban nhân sự 08 7300 2222 ( ip: 8350) 08 7300 8889 career1@careerlink.vn career2@careerlink.vn ms. ngọc diễm 08 7300 2222 ( ip: 8275)','Company #5','2020-05-06 09:52:23','2020-05-06 09:52:23','C',1,1,'<div style=\"text-align: justify;\"><span style=\"font-weight: bold;\">Công ty Cổ phần Viễn thông FPT Telecom được đánh giá là nhà cung cấp dịch vụ Internet (ISP) có chính sách dịch vụ tốt nhất tại Việt Nam.  Trọng dụng nhân tài và phát triển nguồn nhân lực luôn là mục tiêu hàng đầu trong các chiến lược phát triển của chúng tôi. Ở FPT Telecom bạn sẽ được làm việc trong môi trường an toàn, thu nhập cạnh tranh và các chương trình đào tạo phát triển.</span></div>','A','www.careerlink.vn',0,'2020-04-11 09:52:23',0,1,NULL,NULL),(6,1,2,1,14,5,1,6,NULL,0,1,6,'A','#6 Nhân Viên Kinh Doanh Các Quận 5, 6, 8, Bình Tân, Bình Chánh',NULL,'A','P','I',2747659,6510599,18,NULL,'M','<div style=\"text-align: justify;\">- Tìm kiếm thông tin, tiếp cận các khách hàng tiềm năng. <br>-\n               Tư vấn, giải thích cho khách hàng về dịch vụ&nbsp;Internet băng rộng\n               (ADSL),&nbsp;Internet cáp quang (FTTH) do FPT Telecom đang cung cấp.<br>- Xúc tiến việc ký kết hợp đồng, đàm phán thương lượng, thực hiện cá\n               c thủ tục ký kết hợp đồng với khách hàng.\n               <br>* <span style=\"font-weight: bold; text-decoration: underline;\">Quyền lợi:</span><br>- Lương: cơ bản + hoa hồng + doanh số + thưởng cực k\n               ỳ hấp dẫn <br>- Chế độ thăng tiến rõ ràng <br>- Được tham gia các khóa đào tạo về sản phẩm và kỹ năng. <br>- Bảo hiểm nhà nước + Bảo hiểm ca\n               o cấp dành cho Nhân viên và người thân FPT (FPT Care). <br>- Tham gia các hoạt động Phong trào (Hàng năm, chúng tôi có rất nhiều\n               hoạt động nhằm chăm lo đời sống văn hóa tinh thần cho CNBV công ty)<br>- Được xét mua Cổ phiếu theo chính sách công ty. Và nhiều quyền lợi k\n             hác.<br></div>','A','- Nam, Tốt nghiệp PTTH trở lên, làm việc toàn thời gian\n              <br>- Cần cù chịu khó, không ngại công việc phải ra ngoài thị trường\n              <br>- Đam mê kinh doanh\n              <br>- Khả năng giải quyết tình huống tốt\n              <br>- Ngoại hình dễ nhìn, nói chuyện lưu loát, trôi chảy\n              <br>- Chịu được công việc áp lực cao\n              <br>- Ưu tiên ứng viên có kinh nghiệm bán hàng, viễn thông…',1,1,1,0,NULL,'20 Phan Đình Giót, P. 2',NULL,'Ban Nhân sự','08 7300 2222 ( IP: 8350)','08 7300 8889',NULL,'[\"career1@careerlink.vn\",\"career2@careerlink.vn\"]','Ms. Ngọc Diễm','08 7300 2222 ( IP: 8275)',1,1,1,1,1,'2020-04-15',30,0,0,'N',1,0,'2020-05-06','2020-05-08','B','#6 nhan vien kinh doanh cac quan 5, 6, 8, binh tan, binh chanh company #6 cong ty co phan vien thong fpt telecom duoc danh gia la nha cung cap dich vu internet (isp) co chinh sach dich vu tot nhat tai viet nam. trong dung nhan tai va phat trien nguon nhan luc luon la muc tieu hang dau trong cac chien luoc phat trien cua chung toi. o fpt telecom ban se duoc lam viec trong moi truong an toan, thu nhap canh tranh va cac chuong trinh dao tao phat trien. - tim kiem thong tin, tiep can cac khach hang tiem nang. - tu van, giai thich cho khach hang ve dich vu internet bang rong (adsl), internet cap quang (ftth) do fpt telecom dang cung cap. - xuc tien viec ky ket hop dong, dam phan thuong luong, thuc hien ca c thu tuc ky ket hop dong voi khach hang. * quyen loi: - luong: co ban + hoa hong + doanh so + thuong cuc k y hap dan - che do thang tien ro rang - duoc tham gia cac khoa dao tao ve san pham va ky nang. - bao hiem nha nuoc + bao hiem ca o cap danh cho nhan vien va nguoi than fpt (fpt care). - tham gia cac hoat dong phong trao (hang nam, chung toi co rat nhieu hoat dong nham cham lo doi song van hoa tinh than cho cnbv cong ty) - duoc xet mua co phieu theo chinh sach cong ty. va nhieu quyen loi k hac. - nam, tot nghiep ptth tro len, lam viec toan thoi gian - can cu chiu kho, khong ngai cong viec phai ra ngoai thi truong - dam me kinh doanh - kha nang giai quyet tinh huong tot - ngoai hinh de nhin, noi chuyen luu loat, troi chay - chiu duoc cong viec ap luc cao - uu tien ung vien co kinh nghiem ban hang, vien thong… 20 phan dinh giot, p. 2 ho chi minh(vi) ho chi minh ho chi minh(ja) ho chi minh(kh) ho chi minh(th) ho chi minh(id) .net .net .net .net .net','#6 nhân viên kinh doanh các quận 5, 6, 8, bình tân, bình chánh company #6 công ty cổ phần viễn thông fpt telecom được đánh giá là nhà cung cấp dịch vụ internet (isp) có chính sách dịch vụ tốt nhất tại việt nam. trọng dụng nhân tài và phát triển nguồn nhân lực luôn là mục tiêu hàng đầu trong các chiến lược phát triển của chúng tôi. ở fpt telecom bạn sẽ được làm việc trong môi trường an toàn, thu nhập cạnh tranh và các chương trình đào tạo phát triển. - tìm kiếm thông tin, tiếp cận các khách hàng tiềm năng. - tư vấn, giải thích cho khách hàng về dịch vụ internet băng rộng (adsl), internet cáp quang (ftth) do fpt telecom đang cung cấp. - xúc tiến việc ký kết hợp đồng, đàm phán thương lượng, thực hiện cá c thủ tục ký kết hợp đồng với khách hàng. * quyền lợi: - lương: cơ bản + hoa hồng + doanh số + thưởng cực k ỳ hấp dẫn - chế độ thăng tiến rõ ràng - được tham gia các khóa đào tạo về sản phẩm và kỹ năng. - bảo hiểm nhà nước + bảo hiểm ca o cấp dành cho nhân viên và người thân fpt (fpt care). - tham gia các hoạt động phong trào (hàng năm, chúng tôi có rất nhiều hoạt động nhằm chăm lo đời sống văn hóa tinh thần cho cnbv công ty) - được xét mua cổ phiếu theo chính sách công ty. và nhiều quyền lợi k hác. - nam, tốt nghiệp ptth trở lên, làm việc toàn thời gian - cần cù chịu khó, không ngại công việc phải ra ngoài thị trường - đam mê kinh doanh - khả năng giải quyết tình huống tốt - ngoại hình dễ nhìn, nói chuyện lưu loát, trôi chảy - chịu được công việc áp lực cao - ưu tiên ứng viên có kinh nghiệm bán hàng, viễn thông… 20 phan đình giót, p. 2 ho chi minh(vi) ho chi minh ho chi minh(ja) ho chi minh(kh) ho chi minh(th) ho chi minh(id) .net .net .net .net .net','ban nhan su 08 7300 2222 ( ip: 8350) 08 7300 8889 career1@careerlink.vn career2@careerlink.vn ms. ngoc diem 08 7300 2222 ( ip: 8275)','ban nhân sự 08 7300 2222 ( ip: 8350) 08 7300 8889 career1@careerlink.vn career2@careerlink.vn ms. ngọc diễm 08 7300 2222 ( ip: 8275)','Company #6','2020-05-06 09:52:23','2020-05-06 09:52:23','C',1,1,'<div style=\"text-align: justify;\"><span style=\"font-weight: bold;\">Công ty Cổ phần Viễn thông FPT Telecom được đánh giá là nhà cung cấp dịch vụ Internet (ISP) có chính sách dịch vụ tốt nhất tại Việt Nam.  Trọng dụng nhân tài và phát triển nguồn nhân lực luôn là mục tiêu hàng đầu trong các chiến lược phát triển của chúng tôi. Ở FPT Telecom bạn sẽ được làm việc trong môi trường an toàn, thu nhập cạnh tranh và các chương trình đào tạo phát triển.</span></div>','A','www.careerlink.vn',0,'2020-04-15 09:52:23',0,1,2,2),(7,1,2,1,14,5,1,7,NULL,0,1,7,'A','#7 Nhân Viên Kinh Doanh Các Quận 5, 6, 8, Bình Tân, Bình Chánh',NULL,'A','S','M',4651954,NULL,18,NULL,'M','<div style=\"text-align: justify;\">- Tìm kiếm thông tin, tiếp cận các khách hàng tiềm năng. <br>-\n               Tư vấn, giải thích cho khách hàng về dịch vụ&nbsp;Internet băng rộng\n               (ADSL),&nbsp;Internet cáp quang (FTTH) do FPT Telecom đang cung cấp.<br>- Xúc tiến việc ký kết hợp đồng, đàm phán thương lượng, thực hiện cá\n               c thủ tục ký kết hợp đồng với khách hàng.\n               <br>* <span style=\"font-weight: bold; text-decoration: underline;\">Quyền lợi:</span><br>- Lương: cơ bản + hoa hồng + doanh số + thưởng cực k\n               ỳ hấp dẫn <br>- Chế độ thăng tiến rõ ràng <br>- Được tham gia các khóa đào tạo về sản phẩm và kỹ năng. <br>- Bảo hiểm nhà nước + Bảo hiểm ca\n               o cấp dành cho Nhân viên và người thân FPT (FPT Care). <br>- Tham gia các hoạt động Phong trào (Hàng năm, chúng tôi có rất nhiều\n               hoạt động nhằm chăm lo đời sống văn hóa tinh thần cho CNBV công ty)<br>- Được xét mua Cổ phiếu theo chính sách công ty. Và nhiều quyền lợi k\n             hác.<br></div>','A','- Nam, Tốt nghiệp PTTH trở lên, làm việc toàn thời gian\n              <br>- Cần cù chịu khó, không ngại công việc phải ra ngoài thị trường\n              <br>- Đam mê kinh doanh\n              <br>- Khả năng giải quyết tình huống tốt\n              <br>- Ngoại hình dễ nhìn, nói chuyện lưu loát, trôi chảy\n              <br>- Chịu được công việc áp lực cao\n              <br>- Ưu tiên ứng viên có kinh nghiệm bán hàng, viễn thông…',1,1,1,0,NULL,'20 Phan Đình Giót, P. 2',NULL,'Ban Nhân sự','08 7300 2222 ( IP: 8350)','08 7300 8889',NULL,'[\"career1@careerlink.vn\",\"career2@careerlink.vn\"]','Ms. Ngọc Diễm','08 7300 2222 ( IP: 8275)',1,1,1,1,1,'2020-04-16',30,0,1,'N',1,0,'2020-05-05','2020-05-10','B','#7 nhan vien kinh doanh cac quan 5, 6, 8, binh tan, binh chanh company #7 cong ty co phan vien thong fpt telecom duoc danh gia la nha cung cap dich vu internet (isp) co chinh sach dich vu tot nhat tai viet nam. trong dung nhan tai va phat trien nguon nhan luc luon la muc tieu hang dau trong cac chien luoc phat trien cua chung toi. o fpt telecom ban se duoc lam viec trong moi truong an toan, thu nhap canh tranh va cac chuong trinh dao tao phat trien. - tim kiem thong tin, tiep can cac khach hang tiem nang. - tu van, giai thich cho khach hang ve dich vu internet bang rong (adsl), internet cap quang (ftth) do fpt telecom dang cung cap. - xuc tien viec ky ket hop dong, dam phan thuong luong, thuc hien ca c thu tuc ky ket hop dong voi khach hang. * quyen loi: - luong: co ban + hoa hong + doanh so + thuong cuc k y hap dan - che do thang tien ro rang - duoc tham gia cac khoa dao tao ve san pham va ky nang. - bao hiem nha nuoc + bao hiem ca o cap danh cho nhan vien va nguoi than fpt (fpt care). - tham gia cac hoat dong phong trao (hang nam, chung toi co rat nhieu hoat dong nham cham lo doi song van hoa tinh than cho cnbv cong ty) - duoc xet mua co phieu theo chinh sach cong ty. va nhieu quyen loi k hac. - nam, tot nghiep ptth tro len, lam viec toan thoi gian - can cu chiu kho, khong ngai cong viec phai ra ngoai thi truong - dam me kinh doanh - kha nang giai quyet tinh huong tot - ngoai hinh de nhin, noi chuyen luu loat, troi chay - chiu duoc cong viec ap luc cao - uu tien ung vien co kinh nghiem ban hang, vien thong… 20 phan dinh giot, p. 2 ho chi minh(vi) ho chi minh ho chi minh(ja) ho chi minh(kh) ho chi minh(th) ho chi minh(id) quan tan binh tan binh district tan binh区 css css css css css','#7 nhân viên kinh doanh các quận 5, 6, 8, bình tân, bình chánh company #7 công ty cổ phần viễn thông fpt telecom được đánh giá là nhà cung cấp dịch vụ internet (isp) có chính sách dịch vụ tốt nhất tại việt nam. trọng dụng nhân tài và phát triển nguồn nhân lực luôn là mục tiêu hàng đầu trong các chiến lược phát triển của chúng tôi. ở fpt telecom bạn sẽ được làm việc trong môi trường an toàn, thu nhập cạnh tranh và các chương trình đào tạo phát triển. - tìm kiếm thông tin, tiếp cận các khách hàng tiềm năng. - tư vấn, giải thích cho khách hàng về dịch vụ internet băng rộng (adsl), internet cáp quang (ftth) do fpt telecom đang cung cấp. - xúc tiến việc ký kết hợp đồng, đàm phán thương lượng, thực hiện cá c thủ tục ký kết hợp đồng với khách hàng. * quyền lợi: - lương: cơ bản + hoa hồng + doanh số + thưởng cực k ỳ hấp dẫn - chế độ thăng tiến rõ ràng - được tham gia các khóa đào tạo về sản phẩm và kỹ năng. - bảo hiểm nhà nước + bảo hiểm ca o cấp dành cho nhân viên và người thân fpt (fpt care). - tham gia các hoạt động phong trào (hàng năm, chúng tôi có rất nhiều hoạt động nhằm chăm lo đời sống văn hóa tinh thần cho cnbv công ty) - được xét mua cổ phiếu theo chính sách công ty. và nhiều quyền lợi k hác. - nam, tốt nghiệp ptth trở lên, làm việc toàn thời gian - cần cù chịu khó, không ngại công việc phải ra ngoài thị trường - đam mê kinh doanh - khả năng giải quyết tình huống tốt - ngoại hình dễ nhìn, nói chuyện lưu loát, trôi chảy - chịu được công việc áp lực cao - ưu tiên ứng viên có kinh nghiệm bán hàng, viễn thông… 20 phan đình giót, p. 2 ho chi minh(vi) ho chi minh ho chi minh(ja) ho chi minh(kh) ho chi minh(th) ho chi minh(id) quận tân bình tan binh district tan binh区 css css css css css','ban nhan su 08 7300 2222 ( ip: 8350) 08 7300 8889 career1@careerlink.vn career2@careerlink.vn ms. ngoc diem 08 7300 2222 ( ip: 8275)','ban nhân sự 08 7300 2222 ( ip: 8350) 08 7300 8889 career1@careerlink.vn career2@careerlink.vn ms. ngọc diễm 08 7300 2222 ( ip: 8275)','Company #7','2020-05-06 09:52:24','2020-05-06 09:52:24','C',1,1,'<div style=\"text-align: justify;\"><span style=\"font-weight: bold;\">Công ty Cổ phần Viễn thông FPT Telecom được đánh giá là nhà cung cấp dịch vụ Internet (ISP) có chính sách dịch vụ tốt nhất tại Việt Nam.  Trọng dụng nhân tài và phát triển nguồn nhân lực luôn là mục tiêu hàng đầu trong các chiến lược phát triển của chúng tôi. Ở FPT Telecom bạn sẽ được làm việc trong môi trường an toàn, thu nhập cạnh tranh và các chương trình đào tạo phát triển.</span></div>','A','www.careerlink.vn',0,'2020-04-16 09:52:23',0,1,2,NULL),(8,1,2,1,14,5,1,8,NULL,0,1,8,'A','#8 Nhân Viên Kinh Doanh Các Quận 5, 6, 8, Bình Tân, Bình Chánh',NULL,'A','N','M',1119433,NULL,18,NULL,'M','<div style=\"text-align: justify;\">- Tìm kiếm thông tin, tiếp cận các khách hàng tiềm năng. <br>-\n               Tư vấn, giải thích cho khách hàng về dịch vụ&nbsp;Internet băng rộng\n               (ADSL),&nbsp;Internet cáp quang (FTTH) do FPT Telecom đang cung cấp.<br>- Xúc tiến việc ký kết hợp đồng, đàm phán thương lượng, thực hiện cá\n               c thủ tục ký kết hợp đồng với khách hàng.\n               <br>* <span style=\"font-weight: bold; text-decoration: underline;\">Quyền lợi:</span><br>- Lương: cơ bản + hoa hồng + doanh số + thưởng cực k\n               ỳ hấp dẫn <br>- Chế độ thăng tiến rõ ràng <br>- Được tham gia các khóa đào tạo về sản phẩm và kỹ năng. <br>- Bảo hiểm nhà nước + Bảo hiểm ca\n               o cấp dành cho Nhân viên và người thân FPT (FPT Care). <br>- Tham gia các hoạt động Phong trào (Hàng năm, chúng tôi có rất nhiều\n               hoạt động nhằm chăm lo đời sống văn hóa tinh thần cho CNBV công ty)<br>- Được xét mua Cổ phiếu theo chính sách công ty. Và nhiều quyền lợi k\n             hác.<br></div>','A','- Nam, Tốt nghiệp PTTH trở lên, làm việc toàn thời gian\n              <br>- Cần cù chịu khó, không ngại công việc phải ra ngoài thị trường\n              <br>- Đam mê kinh doanh\n              <br>- Khả năng giải quyết tình huống tốt\n              <br>- Ngoại hình dễ nhìn, nói chuyện lưu loát, trôi chảy\n              <br>- Chịu được công việc áp lực cao\n              <br>- Ưu tiên ứng viên có kinh nghiệm bán hàng, viễn thông…',1,1,1,0,NULL,'20 Phan Đình Giót, P. 2',NULL,'Ban Nhân sự','08 7300 2222 ( IP: 8350)','08 7300 8889',NULL,'[\"career1@careerlink.vn\",\"career2@careerlink.vn\"]','Ms. Ngọc Diễm','08 7300 2222 ( IP: 8275)',1,1,1,1,1,'2020-04-16',30,0,1,'N',1,0,'2020-04-15','2020-05-17','B','#8 nhan vien kinh doanh cac quan 5, 6, 8, binh tan, binh chanh company #8 cong ty co phan vien thong fpt telecom duoc danh gia la nha cung cap dich vu internet (isp) co chinh sach dich vu tot nhat tai viet nam. trong dung nhan tai va phat trien nguon nhan luc luon la muc tieu hang dau trong cac chien luoc phat trien cua chung toi. o fpt telecom ban se duoc lam viec trong moi truong an toan, thu nhap canh tranh va cac chuong trinh dao tao phat trien. - tim kiem thong tin, tiep can cac khach hang tiem nang. - tu van, giai thich cho khach hang ve dich vu internet bang rong (adsl), internet cap quang (ftth) do fpt telecom dang cung cap. - xuc tien viec ky ket hop dong, dam phan thuong luong, thuc hien ca c thu tuc ky ket hop dong voi khach hang. * quyen loi: - luong: co ban + hoa hong + doanh so + thuong cuc k y hap dan - che do thang tien ro rang - duoc tham gia cac khoa dao tao ve san pham va ky nang. - bao hiem nha nuoc + bao hiem ca o cap danh cho nhan vien va nguoi than fpt (fpt care). - tham gia cac hoat dong phong trao (hang nam, chung toi co rat nhieu hoat dong nham cham lo doi song van hoa tinh than cho cnbv cong ty) - duoc xet mua co phieu theo chinh sach cong ty. va nhieu quyen loi k hac. - nam, tot nghiep ptth tro len, lam viec toan thoi gian - can cu chiu kho, khong ngai cong viec phai ra ngoai thi truong - dam me kinh doanh - kha nang giai quyet tinh huong tot - ngoai hinh de nhin, noi chuyen luu loat, troi chay - chiu duoc cong viec ap luc cao - uu tien ung vien co kinh nghiem ban hang, vien thong… 20 phan dinh giot, p. 2 ho chi minh(vi) ho chi minh ho chi minh(ja) ho chi minh(kh) ho chi minh(th) ho chi minh(id) mysql mysql mysql mysql mysql joomla joomla joomla joomla joomla khach san hotel ホテル សណ្ឋាគារ โรงแรม','#8 nhân viên kinh doanh các quận 5, 6, 8, bình tân, bình chánh company #8 công ty cổ phần viễn thông fpt telecom được đánh giá là nhà cung cấp dịch vụ internet (isp) có chính sách dịch vụ tốt nhất tại việt nam. trọng dụng nhân tài và phát triển nguồn nhân lực luôn là mục tiêu hàng đầu trong các chiến lược phát triển của chúng tôi. ở fpt telecom bạn sẽ được làm việc trong môi trường an toàn, thu nhập cạnh tranh và các chương trình đào tạo phát triển. - tìm kiếm thông tin, tiếp cận các khách hàng tiềm năng. - tư vấn, giải thích cho khách hàng về dịch vụ internet băng rộng (adsl), internet cáp quang (ftth) do fpt telecom đang cung cấp. - xúc tiến việc ký kết hợp đồng, đàm phán thương lượng, thực hiện cá c thủ tục ký kết hợp đồng với khách hàng. * quyền lợi: - lương: cơ bản + hoa hồng + doanh số + thưởng cực k ỳ hấp dẫn - chế độ thăng tiến rõ ràng - được tham gia các khóa đào tạo về sản phẩm và kỹ năng. - bảo hiểm nhà nước + bảo hiểm ca o cấp dành cho nhân viên và người thân fpt (fpt care). - tham gia các hoạt động phong trào (hàng năm, chúng tôi có rất nhiều hoạt động nhằm chăm lo đời sống văn hóa tinh thần cho cnbv công ty) - được xét mua cổ phiếu theo chính sách công ty. và nhiều quyền lợi k hác. - nam, tốt nghiệp ptth trở lên, làm việc toàn thời gian - cần cù chịu khó, không ngại công việc phải ra ngoài thị trường - đam mê kinh doanh - khả năng giải quyết tình huống tốt - ngoại hình dễ nhìn, nói chuyện lưu loát, trôi chảy - chịu được công việc áp lực cao - ưu tiên ứng viên có kinh nghiệm bán hàng, viễn thông… 20 phan đình giót, p. 2 ho chi minh(vi) ho chi minh ho chi minh(ja) ho chi minh(kh) ho chi minh(th) ho chi minh(id) mysql mysql mysql mysql mysql joomla joomla joomla joomla joomla khách sạn hotel ホテル សណ្ឋាគារ โรงแรม','ban nhan su 08 7300 2222 ( ip: 8350) 08 7300 8889 career1@careerlink.vn career2@careerlink.vn ms. ngoc diem 08 7300 2222 ( ip: 8275)','ban nhân sự 08 7300 2222 ( ip: 8350) 08 7300 8889 career1@careerlink.vn career2@careerlink.vn ms. ngọc diễm 08 7300 2222 ( ip: 8275)','Company #8','2020-05-06 09:52:24','2020-05-06 09:52:24','C',1,1,'<div style=\"text-align: justify;\"><span style=\"font-weight: bold;\">Công ty Cổ phần Viễn thông FPT Telecom được đánh giá là nhà cung cấp dịch vụ Internet (ISP) có chính sách dịch vụ tốt nhất tại Việt Nam.  Trọng dụng nhân tài và phát triển nguồn nhân lực luôn là mục tiêu hàng đầu trong các chiến lược phát triển của chúng tôi. Ở FPT Telecom bạn sẽ được làm việc trong môi trường an toàn, thu nhập cạnh tranh và các chương trình đào tạo phát triển.</span></div>','A','www.careerlink.vn',0,'2020-04-16 09:52:23',0,1,2,NULL),(9,1,2,1,14,5,1,9,NULL,0,1,9,'A','#9 Nhân Viên Kinh Doanh Các Quận 5, 6, 8, Bình Tân, Bình Chánh',NULL,'A','S','I',5497015,7560185,18,NULL,'M','<div style=\"text-align: justify;\">- Tìm kiếm thông tin, tiếp cận các khách hàng tiềm năng. <br>-\n               Tư vấn, giải thích cho khách hàng về dịch vụ&nbsp;Internet băng rộng\n               (ADSL),&nbsp;Internet cáp quang (FTTH) do FPT Telecom đang cung cấp.<br>- Xúc tiến việc ký kết hợp đồng, đàm phán thương lượng, thực hiện cá\n               c thủ tục ký kết hợp đồng với khách hàng.\n               <br>* <span style=\"font-weight: bold; text-decoration: underline;\">Quyền lợi:</span><br>- Lương: cơ bản + hoa hồng + doanh số + thưởng cực k\n               ỳ hấp dẫn <br>- Chế độ thăng tiến rõ ràng <br>- Được tham gia các khóa đào tạo về sản phẩm và kỹ năng. <br>- Bảo hiểm nhà nước + Bảo hiểm ca\n               o cấp dành cho Nhân viên và người thân FPT (FPT Care). <br>- Tham gia các hoạt động Phong trào (Hàng năm, chúng tôi có rất nhiều\n               hoạt động nhằm chăm lo đời sống văn hóa tinh thần cho CNBV công ty)<br>- Được xét mua Cổ phiếu theo chính sách công ty. Và nhiều quyền lợi k\n             hác.<br></div>','A','- Nam, Tốt nghiệp PTTH trở lên, làm việc toàn thời gian\n              <br>- Cần cù chịu khó, không ngại công việc phải ra ngoài thị trường\n              <br>- Đam mê kinh doanh\n              <br>- Khả năng giải quyết tình huống tốt\n              <br>- Ngoại hình dễ nhìn, nói chuyện lưu loát, trôi chảy\n              <br>- Chịu được công việc áp lực cao\n              <br>- Ưu tiên ứng viên có kinh nghiệm bán hàng, viễn thông…',1,1,1,0,NULL,'20 Phan Đình Giót, P. 2',NULL,'Ban Nhân sự','08 7300 2222 ( IP: 8350)','08 7300 8889',NULL,'[\"career1@careerlink.vn\",\"career2@careerlink.vn\"]','Ms. Ngọc Diễm','08 7300 2222 ( IP: 8275)',1,1,1,1,1,'2020-04-19',30,0,0,'N',1,0,'2020-05-05','2020-05-27','B','#9 nhan vien kinh doanh cac quan 5, 6, 8, binh tan, binh chanh company #9 cong ty co phan vien thong fpt telecom duoc danh gia la nha cung cap dich vu internet (isp) co chinh sach dich vu tot nhat tai viet nam. trong dung nhan tai va phat trien nguon nhan luc luon la muc tieu hang dau trong cac chien luoc phat trien cua chung toi. o fpt telecom ban se duoc lam viec trong moi truong an toan, thu nhap canh tranh va cac chuong trinh dao tao phat trien. - tim kiem thong tin, tiep can cac khach hang tiem nang. - tu van, giai thich cho khach hang ve dich vu internet bang rong (adsl), internet cap quang (ftth) do fpt telecom dang cung cap. - xuc tien viec ky ket hop dong, dam phan thuong luong, thuc hien ca c thu tuc ky ket hop dong voi khach hang. * quyen loi: - luong: co ban + hoa hong + doanh so + thuong cuc k y hap dan - che do thang tien ro rang - duoc tham gia cac khoa dao tao ve san pham va ky nang. - bao hiem nha nuoc + bao hiem ca o cap danh cho nhan vien va nguoi than fpt (fpt care). - tham gia cac hoat dong phong trao (hang nam, chung toi co rat nhieu hoat dong nham cham lo doi song van hoa tinh than cho cnbv cong ty) - duoc xet mua co phieu theo chinh sach cong ty. va nhieu quyen loi k hac. - nam, tot nghiep ptth tro len, lam viec toan thoi gian - can cu chiu kho, khong ngai cong viec phai ra ngoai thi truong - dam me kinh doanh - kha nang giai quyet tinh huong tot - ngoai hinh de nhin, noi chuyen luu loat, troi chay - chiu duoc cong viec ap luc cao - uu tien ung vien co kinh nghiem ban hang, vien thong… 20 phan dinh giot, p. 2 ho chi minh(vi) ho chi minh ho chi minh(ja) ho chi minh(kh) ho chi minh(th) ho chi minh(id) tieng viet vietnamese ベトナム語 quan tan binh tan binh district tan binh区','#9 nhân viên kinh doanh các quận 5, 6, 8, bình tân, bình chánh company #9 công ty cổ phần viễn thông fpt telecom được đánh giá là nhà cung cấp dịch vụ internet (isp) có chính sách dịch vụ tốt nhất tại việt nam. trọng dụng nhân tài và phát triển nguồn nhân lực luôn là mục tiêu hàng đầu trong các chiến lược phát triển của chúng tôi. ở fpt telecom bạn sẽ được làm việc trong môi trường an toàn, thu nhập cạnh tranh và các chương trình đào tạo phát triển. - tìm kiếm thông tin, tiếp cận các khách hàng tiềm năng. - tư vấn, giải thích cho khách hàng về dịch vụ internet băng rộng (adsl), internet cáp quang (ftth) do fpt telecom đang cung cấp. - xúc tiến việc ký kết hợp đồng, đàm phán thương lượng, thực hiện cá c thủ tục ký kết hợp đồng với khách hàng. * quyền lợi: - lương: cơ bản + hoa hồng + doanh số + thưởng cực k ỳ hấp dẫn - chế độ thăng tiến rõ ràng - được tham gia các khóa đào tạo về sản phẩm và kỹ năng. - bảo hiểm nhà nước + bảo hiểm ca o cấp dành cho nhân viên và người thân fpt (fpt care). - tham gia các hoạt động phong trào (hàng năm, chúng tôi có rất nhiều hoạt động nhằm chăm lo đời sống văn hóa tinh thần cho cnbv công ty) - được xét mua cổ phiếu theo chính sách công ty. và nhiều quyền lợi k hác. - nam, tốt nghiệp ptth trở lên, làm việc toàn thời gian - cần cù chịu khó, không ngại công việc phải ra ngoài thị trường - đam mê kinh doanh - khả năng giải quyết tình huống tốt - ngoại hình dễ nhìn, nói chuyện lưu loát, trôi chảy - chịu được công việc áp lực cao - ưu tiên ứng viên có kinh nghiệm bán hàng, viễn thông… 20 phan đình giót, p. 2 ho chi minh(vi) ho chi minh ho chi minh(ja) ho chi minh(kh) ho chi minh(th) ho chi minh(id) tiếng việt vietnamese ベトナム語 quận tân bình tan binh district tan binh区','ban nhan su 08 7300 2222 ( ip: 8350) 08 7300 8889 career1@careerlink.vn career2@careerlink.vn ms. ngoc diem 08 7300 2222 ( ip: 8275)','ban nhân sự 08 7300 2222 ( ip: 8350) 08 7300 8889 career1@careerlink.vn career2@careerlink.vn ms. ngọc diễm 08 7300 2222 ( ip: 8275)','Company #9','2020-05-06 09:52:24','2020-05-06 09:52:24','C',1,1,'<div style=\"text-align: justify;\"><span style=\"font-weight: bold;\">Công ty Cổ phần Viễn thông FPT Telecom được đánh giá là nhà cung cấp dịch vụ Internet (ISP) có chính sách dịch vụ tốt nhất tại Việt Nam.  Trọng dụng nhân tài và phát triển nguồn nhân lực luôn là mục tiêu hàng đầu trong các chiến lược phát triển của chúng tôi. Ở FPT Telecom bạn sẽ được làm việc trong môi trường an toàn, thu nhập cạnh tranh và các chương trình đào tạo phát triển.</span></div>','A','www.careerlink.vn',0,'2020-04-19 09:52:23',0,1,2,2),(10,1,2,1,14,5,1,10,NULL,0,1,10,'A','#10 Nhân Viên Kinh Doanh Các Quận 5, 6, 8, Bình Tân, Bình Chánh',NULL,'A','N','N',NULL,NULL,18,NULL,'M','<div style=\"text-align: justify;\">- Tìm kiếm thông tin, tiếp cận các khách hàng tiềm năng. <br>-\n               Tư vấn, giải thích cho khách hàng về dịch vụ&nbsp;Internet băng rộng\n               (ADSL),&nbsp;Internet cáp quang (FTTH) do FPT Telecom đang cung cấp.<br>- Xúc tiến việc ký kết hợp đồng, đàm phán thương lượng, thực hiện cá\n               c thủ tục ký kết hợp đồng với khách hàng.\n               <br>* <span style=\"font-weight: bold; text-decoration: underline;\">Quyền lợi:</span><br>- Lương: cơ bản + hoa hồng + doanh số + thưởng cực k\n               ỳ hấp dẫn <br>- Chế độ thăng tiến rõ ràng <br>- Được tham gia các khóa đào tạo về sản phẩm và kỹ năng. <br>- Bảo hiểm nhà nước + Bảo hiểm ca\n               o cấp dành cho Nhân viên và người thân FPT (FPT Care). <br>- Tham gia các hoạt động Phong trào (Hàng năm, chúng tôi có rất nhiều\n               hoạt động nhằm chăm lo đời sống văn hóa tinh thần cho CNBV công ty)<br>- Được xét mua Cổ phiếu theo chính sách công ty. Và nhiều quyền lợi k\n             hác.<br></div>','A','- Nam, Tốt nghiệp PTTH trở lên, làm việc toàn thời gian\n              <br>- Cần cù chịu khó, không ngại công việc phải ra ngoài thị trường\n              <br>- Đam mê kinh doanh\n              <br>- Khả năng giải quyết tình huống tốt\n              <br>- Ngoại hình dễ nhìn, nói chuyện lưu loát, trôi chảy\n              <br>- Chịu được công việc áp lực cao\n              <br>- Ưu tiên ứng viên có kinh nghiệm bán hàng, viễn thông…',1,1,1,0,NULL,'20 Phan Đình Giót, P. 2',NULL,'Ban Nhân sự','08 7300 2222 ( IP: 8350)','08 7300 8889',NULL,'[\"career1@careerlink.vn\",\"career2@careerlink.vn\"]','Ms. Ngọc Diễm','08 7300 2222 ( IP: 8275)',1,1,1,1,1,'2020-04-21',30,0,1,'N',1,0,'2020-04-23','2020-05-11','B','#10 nhan vien kinh doanh cac quan 5, 6, 8, binh tan, binh chanh company #10 cong ty co phan vien thong fpt telecom duoc danh gia la nha cung cap dich vu internet (isp) co chinh sach dich vu tot nhat tai viet nam. trong dung nhan tai va phat trien nguon nhan luc luon la muc tieu hang dau trong cac chien luoc phat trien cua chung toi. o fpt telecom ban se duoc lam viec trong moi truong an toan, thu nhap canh tranh va cac chuong trinh dao tao phat trien. - tim kiem thong tin, tiep can cac khach hang tiem nang. - tu van, giai thich cho khach hang ve dich vu internet bang rong (adsl), internet cap quang (ftth) do fpt telecom dang cung cap. - xuc tien viec ky ket hop dong, dam phan thuong luong, thuc hien ca c thu tuc ky ket hop dong voi khach hang. * quyen loi: - luong: co ban + hoa hong + doanh so + thuong cuc k y hap dan - che do thang tien ro rang - duoc tham gia cac khoa dao tao ve san pham va ky nang. - bao hiem nha nuoc + bao hiem ca o cap danh cho nhan vien va nguoi than fpt (fpt care). - tham gia cac hoat dong phong trao (hang nam, chung toi co rat nhieu hoat dong nham cham lo doi song van hoa tinh than cho cnbv cong ty) - duoc xet mua co phieu theo chinh sach cong ty. va nhieu quyen loi k hac. - nam, tot nghiep ptth tro len, lam viec toan thoi gian - can cu chiu kho, khong ngai cong viec phai ra ngoai thi truong - dam me kinh doanh - kha nang giai quyet tinh huong tot - ngoai hinh de nhin, noi chuyen luu loat, troi chay - chiu duoc cong viec ap luc cao - uu tien ung vien co kinh nghiem ban hang, vien thong… 20 phan dinh giot, p. 2 ho chi minh(vi) ho chi minh ho chi minh(ja) ho chi minh(kh) ho chi minh(th) ho chi minh(id) du an project プロジェクト គម្រោង โครงการ java java java java java','#10 nhân viên kinh doanh các quận 5, 6, 8, bình tân, bình chánh company #10 công ty cổ phần viễn thông fpt telecom được đánh giá là nhà cung cấp dịch vụ internet (isp) có chính sách dịch vụ tốt nhất tại việt nam. trọng dụng nhân tài và phát triển nguồn nhân lực luôn là mục tiêu hàng đầu trong các chiến lược phát triển của chúng tôi. ở fpt telecom bạn sẽ được làm việc trong môi trường an toàn, thu nhập cạnh tranh và các chương trình đào tạo phát triển. - tìm kiếm thông tin, tiếp cận các khách hàng tiềm năng. - tư vấn, giải thích cho khách hàng về dịch vụ internet băng rộng (adsl), internet cáp quang (ftth) do fpt telecom đang cung cấp. - xúc tiến việc ký kết hợp đồng, đàm phán thương lượng, thực hiện cá c thủ tục ký kết hợp đồng với khách hàng. * quyền lợi: - lương: cơ bản + hoa hồng + doanh số + thưởng cực k ỳ hấp dẫn - chế độ thăng tiến rõ ràng - được tham gia các khóa đào tạo về sản phẩm và kỹ năng. - bảo hiểm nhà nước + bảo hiểm ca o cấp dành cho nhân viên và người thân fpt (fpt care). - tham gia các hoạt động phong trào (hàng năm, chúng tôi có rất nhiều hoạt động nhằm chăm lo đời sống văn hóa tinh thần cho cnbv công ty) - được xét mua cổ phiếu theo chính sách công ty. và nhiều quyền lợi k hác. - nam, tốt nghiệp ptth trở lên, làm việc toàn thời gian - cần cù chịu khó, không ngại công việc phải ra ngoài thị trường - đam mê kinh doanh - khả năng giải quyết tình huống tốt - ngoại hình dễ nhìn, nói chuyện lưu loát, trôi chảy - chịu được công việc áp lực cao - ưu tiên ứng viên có kinh nghiệm bán hàng, viễn thông… 20 phan đình giót, p. 2 ho chi minh(vi) ho chi minh ho chi minh(ja) ho chi minh(kh) ho chi minh(th) ho chi minh(id) dự án project プロジェクト គម្រោង โครงการ java java java java java','ban nhan su 08 7300 2222 ( ip: 8350) 08 7300 8889 career1@careerlink.vn career2@careerlink.vn ms. ngoc diem 08 7300 2222 ( ip: 8275)','ban nhân sự 08 7300 2222 ( ip: 8350) 08 7300 8889 career1@careerlink.vn career2@careerlink.vn ms. ngọc diễm 08 7300 2222 ( ip: 8275)','Company #10','2020-05-06 09:52:24','2020-05-06 09:52:24','C',1,1,'<div style=\"text-align: justify;\"><span style=\"font-weight: bold;\">Công ty Cổ phần Viễn thông FPT Telecom được đánh giá là nhà cung cấp dịch vụ Internet (ISP) có chính sách dịch vụ tốt nhất tại Việt Nam.  Trọng dụng nhân tài và phát triển nguồn nhân lực luôn là mục tiêu hàng đầu trong các chiến lược phát triển của chúng tôi. Ở FPT Telecom bạn sẽ được làm việc trong môi trường an toàn, thu nhập cạnh tranh và các chương trình đào tạo phát triển.</span></div>','A','www.careerlink.vn',0,'2020-04-21 09:52:23',0,1,NULL,NULL),(11,1,2,1,14,5,1,11,NULL,0,1,11,'A','#11 Nhân Viên Kinh Doanh Các Quận 5, 6, 8, Bình Tân, Bình Chánh',NULL,'A','I','I',1305356,9644137,18,NULL,'M','<div style=\"text-align: justify;\">- Tìm kiếm thông tin, tiếp cận các khách hàng tiềm năng. <br>-\n               Tư vấn, giải thích cho khách hàng về dịch vụ&nbsp;Internet băng rộng\n               (ADSL),&nbsp;Internet cáp quang (FTTH) do FPT Telecom đang cung cấp.<br>- Xúc tiến việc ký kết hợp đồng, đàm phán thương lượng, thực hiện cá\n               c thủ tục ký kết hợp đồng với khách hàng.\n               <br>* <span style=\"font-weight: bold; text-decoration: underline;\">Quyền lợi:</span><br>- Lương: cơ bản + hoa hồng + doanh số + thưởng cực k\n               ỳ hấp dẫn <br>- Chế độ thăng tiến rõ ràng <br>- Được tham gia các khóa đào tạo về sản phẩm và kỹ năng. <br>- Bảo hiểm nhà nước + Bảo hiểm ca\n               o cấp dành cho Nhân viên và người thân FPT (FPT Care). <br>- Tham gia các hoạt động Phong trào (Hàng năm, chúng tôi có rất nhiều\n               hoạt động nhằm chăm lo đời sống văn hóa tinh thần cho CNBV công ty)<br>- Được xét mua Cổ phiếu theo chính sách công ty. Và nhiều quyền lợi k\n             hác.<br></div>','A','- Nam, Tốt nghiệp PTTH trở lên, làm việc toàn thời gian\n              <br>- Cần cù chịu khó, không ngại công việc phải ra ngoài thị trường\n              <br>- Đam mê kinh doanh\n              <br>- Khả năng giải quyết tình huống tốt\n              <br>- Ngoại hình dễ nhìn, nói chuyện lưu loát, trôi chảy\n              <br>- Chịu được công việc áp lực cao\n              <br>- Ưu tiên ứng viên có kinh nghiệm bán hàng, viễn thông…',1,1,1,0,NULL,'20 Phan Đình Giót, P. 2',NULL,'Ban Nhân sự','08 7300 2222 ( IP: 8350)','08 7300 8889',NULL,'[\"career1@careerlink.vn\",\"career2@careerlink.vn\"]','Ms. Ngọc Diễm','08 7300 2222 ( IP: 8275)',1,1,1,1,1,'2020-04-21',30,0,0,'N',1,0,'2020-04-17','2020-05-12','B','#11 nhan vien kinh doanh cac quan 5, 6, 8, binh tan, binh chanh company #11 cong ty co phan vien thong fpt telecom duoc danh gia la nha cung cap dich vu internet (isp) co chinh sach dich vu tot nhat tai viet nam. trong dung nhan tai va phat trien nguon nhan luc luon la muc tieu hang dau trong cac chien luoc phat trien cua chung toi. o fpt telecom ban se duoc lam viec trong moi truong an toan, thu nhap canh tranh va cac chuong trinh dao tao phat trien. - tim kiem thong tin, tiep can cac khach hang tiem nang. - tu van, giai thich cho khach hang ve dich vu internet bang rong (adsl), internet cap quang (ftth) do fpt telecom dang cung cap. - xuc tien viec ky ket hop dong, dam phan thuong luong, thuc hien ca c thu tuc ky ket hop dong voi khach hang. * quyen loi: - luong: co ban + hoa hong + doanh so + thuong cuc k y hap dan - che do thang tien ro rang - duoc tham gia cac khoa dao tao ve san pham va ky nang. - bao hiem nha nuoc + bao hiem ca o cap danh cho nhan vien va nguoi than fpt (fpt care). - tham gia cac hoat dong phong trao (hang nam, chung toi co rat nhieu hoat dong nham cham lo doi song van hoa tinh than cho cnbv cong ty) - duoc xet mua co phieu theo chinh sach cong ty. va nhieu quyen loi k hac. - nam, tot nghiep ptth tro len, lam viec toan thoi gian - can cu chiu kho, khong ngai cong viec phai ra ngoai thi truong - dam me kinh doanh - kha nang giai quyet tinh huong tot - ngoai hinh de nhin, noi chuyen luu loat, troi chay - chiu duoc cong viec ap luc cao - uu tien ung vien co kinh nghiem ban hang, vien thong… 20 phan dinh giot, p. 2 ho chi minh(vi) ho chi minh ho chi minh(ja) ho chi minh(kh) ho chi minh(th) ho chi minh(id) css css css css css my pham cosmetics 化粧品 tieng viet vietnamese ベトナム語 quan tan binh tan binh district tan binh区 php php php php php','#11 nhân viên kinh doanh các quận 5, 6, 8, bình tân, bình chánh company #11 công ty cổ phần viễn thông fpt telecom được đánh giá là nhà cung cấp dịch vụ internet (isp) có chính sách dịch vụ tốt nhất tại việt nam. trọng dụng nhân tài và phát triển nguồn nhân lực luôn là mục tiêu hàng đầu trong các chiến lược phát triển của chúng tôi. ở fpt telecom bạn sẽ được làm việc trong môi trường an toàn, thu nhập cạnh tranh và các chương trình đào tạo phát triển. - tìm kiếm thông tin, tiếp cận các khách hàng tiềm năng. - tư vấn, giải thích cho khách hàng về dịch vụ internet băng rộng (adsl), internet cáp quang (ftth) do fpt telecom đang cung cấp. - xúc tiến việc ký kết hợp đồng, đàm phán thương lượng, thực hiện cá c thủ tục ký kết hợp đồng với khách hàng. * quyền lợi: - lương: cơ bản + hoa hồng + doanh số + thưởng cực k ỳ hấp dẫn - chế độ thăng tiến rõ ràng - được tham gia các khóa đào tạo về sản phẩm và kỹ năng. - bảo hiểm nhà nước + bảo hiểm ca o cấp dành cho nhân viên và người thân fpt (fpt care). - tham gia các hoạt động phong trào (hàng năm, chúng tôi có rất nhiều hoạt động nhằm chăm lo đời sống văn hóa tinh thần cho cnbv công ty) - được xét mua cổ phiếu theo chính sách công ty. và nhiều quyền lợi k hác. - nam, tốt nghiệp ptth trở lên, làm việc toàn thời gian - cần cù chịu khó, không ngại công việc phải ra ngoài thị trường - đam mê kinh doanh - khả năng giải quyết tình huống tốt - ngoại hình dễ nhìn, nói chuyện lưu loát, trôi chảy - chịu được công việc áp lực cao - ưu tiên ứng viên có kinh nghiệm bán hàng, viễn thông… 20 phan đình giót, p. 2 ho chi minh(vi) ho chi minh ho chi minh(ja) ho chi minh(kh) ho chi minh(th) ho chi minh(id) css css css css css mỹ phẩm cosmetics 化粧品 tiếng việt vietnamese ベトナム語 quận tân bình tan binh district tan binh区 php php php php php','ban nhan su 08 7300 2222 ( ip: 8350) 08 7300 8889 career1@careerlink.vn career2@careerlink.vn ms. ngoc diem 08 7300 2222 ( ip: 8275)','ban nhân sự 08 7300 2222 ( ip: 8350) 08 7300 8889 career1@careerlink.vn career2@careerlink.vn ms. ngọc diễm 08 7300 2222 ( ip: 8275)','Company #11','2020-05-06 09:52:24','2020-05-06 09:52:24','C',1,1,'<div style=\"text-align: justify;\"><span style=\"font-weight: bold;\">Công ty Cổ phần Viễn thông FPT Telecom được đánh giá là nhà cung cấp dịch vụ Internet (ISP) có chính sách dịch vụ tốt nhất tại Việt Nam.  Trọng dụng nhân tài và phát triển nguồn nhân lực luôn là mục tiêu hàng đầu trong các chiến lược phát triển của chúng tôi. Ở FPT Telecom bạn sẽ được làm việc trong môi trường an toàn, thu nhập cạnh tranh và các chương trình đào tạo phát triển.</span></div>','A','www.careerlink.vn',0,'2020-04-21 09:52:23',0,1,2,2),(12,1,2,1,14,5,1,12,NULL,0,1,12,'A','#12 Nhân Viên Kinh Doanh Các Quận 5, 6, 8, Bình Tân, Bình Chánh',NULL,'A','E','M',3283831,NULL,18,NULL,'M','<div style=\"text-align: justify;\">- Tìm kiếm thông tin, tiếp cận các khách hàng tiềm năng. <br>-\n               Tư vấn, giải thích cho khách hàng về dịch vụ&nbsp;Internet băng rộng\n               (ADSL),&nbsp;Internet cáp quang (FTTH) do FPT Telecom đang cung cấp.<br>- Xúc tiến việc ký kết hợp đồng, đàm phán thương lượng, thực hiện cá\n               c thủ tục ký kết hợp đồng với khách hàng.\n               <br>* <span style=\"font-weight: bold; text-decoration: underline;\">Quyền lợi:</span><br>- Lương: cơ bản + hoa hồng + doanh số + thưởng cực k\n               ỳ hấp dẫn <br>- Chế độ thăng tiến rõ ràng <br>- Được tham gia các khóa đào tạo về sản phẩm và kỹ năng. <br>- Bảo hiểm nhà nước + Bảo hiểm ca\n               o cấp dành cho Nhân viên và người thân FPT (FPT Care). <br>- Tham gia các hoạt động Phong trào (Hàng năm, chúng tôi có rất nhiều\n               hoạt động nhằm chăm lo đời sống văn hóa tinh thần cho CNBV công ty)<br>- Được xét mua Cổ phiếu theo chính sách công ty. Và nhiều quyền lợi k\n             hác.<br></div>','A','- Nam, Tốt nghiệp PTTH trở lên, làm việc toàn thời gian\n              <br>- Cần cù chịu khó, không ngại công việc phải ra ngoài thị trường\n              <br>- Đam mê kinh doanh\n              <br>- Khả năng giải quyết tình huống tốt\n              <br>- Ngoại hình dễ nhìn, nói chuyện lưu loát, trôi chảy\n              <br>- Chịu được công việc áp lực cao\n              <br>- Ưu tiên ứng viên có kinh nghiệm bán hàng, viễn thông…',1,1,1,0,NULL,'20 Phan Đình Giót, P. 2',NULL,'Ban Nhân sự','08 7300 2222 ( IP: 8350)','08 7300 8889',NULL,'[\"career1@careerlink.vn\",\"career2@careerlink.vn\"]','Ms. Ngọc Diễm','08 7300 2222 ( IP: 8275)',1,1,1,1,1,'2020-04-23',30,0,0,'N',1,0,'2020-04-22','2020-05-31','B','#12 nhan vien kinh doanh cac quan 5, 6, 8, binh tan, binh chanh company #12 cong ty co phan vien thong fpt telecom duoc danh gia la nha cung cap dich vu internet (isp) co chinh sach dich vu tot nhat tai viet nam. trong dung nhan tai va phat trien nguon nhan luc luon la muc tieu hang dau trong cac chien luoc phat trien cua chung toi. o fpt telecom ban se duoc lam viec trong moi truong an toan, thu nhap canh tranh va cac chuong trinh dao tao phat trien. - tim kiem thong tin, tiep can cac khach hang tiem nang. - tu van, giai thich cho khach hang ve dich vu internet bang rong (adsl), internet cap quang (ftth) do fpt telecom dang cung cap. - xuc tien viec ky ket hop dong, dam phan thuong luong, thuc hien ca c thu tuc ky ket hop dong voi khach hang. * quyen loi: - luong: co ban + hoa hong + doanh so + thuong cuc k y hap dan - che do thang tien ro rang - duoc tham gia cac khoa dao tao ve san pham va ky nang. - bao hiem nha nuoc + bao hiem ca o cap danh cho nhan vien va nguoi than fpt (fpt care). - tham gia cac hoat dong phong trao (hang nam, chung toi co rat nhieu hoat dong nham cham lo doi song van hoa tinh than cho cnbv cong ty) - duoc xet mua co phieu theo chinh sach cong ty. va nhieu quyen loi k hac. - nam, tot nghiep ptth tro len, lam viec toan thoi gian - can cu chiu kho, khong ngai cong viec phai ra ngoai thi truong - dam me kinh doanh - kha nang giai quyet tinh huong tot - ngoai hinh de nhin, noi chuyen luu loat, troi chay - chiu duoc cong viec ap luc cao - uu tien ung vien co kinh nghiem ban hang, vien thong… 20 phan dinh giot, p. 2 ho chi minh(vi) ho chi minh ho chi minh(ja) ho chi minh(kh) ho chi minh(th) ho chi minh(id) khach san hotel ホテル សណ្ឋាគារ โรงแรม','#12 nhân viên kinh doanh các quận 5, 6, 8, bình tân, bình chánh company #12 công ty cổ phần viễn thông fpt telecom được đánh giá là nhà cung cấp dịch vụ internet (isp) có chính sách dịch vụ tốt nhất tại việt nam. trọng dụng nhân tài và phát triển nguồn nhân lực luôn là mục tiêu hàng đầu trong các chiến lược phát triển của chúng tôi. ở fpt telecom bạn sẽ được làm việc trong môi trường an toàn, thu nhập cạnh tranh và các chương trình đào tạo phát triển. - tìm kiếm thông tin, tiếp cận các khách hàng tiềm năng. - tư vấn, giải thích cho khách hàng về dịch vụ internet băng rộng (adsl), internet cáp quang (ftth) do fpt telecom đang cung cấp. - xúc tiến việc ký kết hợp đồng, đàm phán thương lượng, thực hiện cá c thủ tục ký kết hợp đồng với khách hàng. * quyền lợi: - lương: cơ bản + hoa hồng + doanh số + thưởng cực k ỳ hấp dẫn - chế độ thăng tiến rõ ràng - được tham gia các khóa đào tạo về sản phẩm và kỹ năng. - bảo hiểm nhà nước + bảo hiểm ca o cấp dành cho nhân viên và người thân fpt (fpt care). - tham gia các hoạt động phong trào (hàng năm, chúng tôi có rất nhiều hoạt động nhằm chăm lo đời sống văn hóa tinh thần cho cnbv công ty) - được xét mua cổ phiếu theo chính sách công ty. và nhiều quyền lợi k hác. - nam, tốt nghiệp ptth trở lên, làm việc toàn thời gian - cần cù chịu khó, không ngại công việc phải ra ngoài thị trường - đam mê kinh doanh - khả năng giải quyết tình huống tốt - ngoại hình dễ nhìn, nói chuyện lưu loát, trôi chảy - chịu được công việc áp lực cao - ưu tiên ứng viên có kinh nghiệm bán hàng, viễn thông… 20 phan đình giót, p. 2 ho chi minh(vi) ho chi minh ho chi minh(ja) ho chi minh(kh) ho chi minh(th) ho chi minh(id) khách sạn hotel ホテル សណ្ឋាគារ โรงแรม','ban nhan su 08 7300 2222 ( ip: 8350) 08 7300 8889 career1@careerlink.vn career2@careerlink.vn ms. ngoc diem 08 7300 2222 ( ip: 8275)','ban nhân sự 08 7300 2222 ( ip: 8350) 08 7300 8889 career1@careerlink.vn career2@careerlink.vn ms. ngọc diễm 08 7300 2222 ( ip: 8275)','Company #12','2020-05-06 09:52:24','2020-05-06 09:52:24','C',1,1,'<div style=\"text-align: justify;\"><span style=\"font-weight: bold;\">Công ty Cổ phần Viễn thông FPT Telecom được đánh giá là nhà cung cấp dịch vụ Internet (ISP) có chính sách dịch vụ tốt nhất tại Việt Nam.  Trọng dụng nhân tài và phát triển nguồn nhân lực luôn là mục tiêu hàng đầu trong các chiến lược phát triển của chúng tôi. Ở FPT Telecom bạn sẽ được làm việc trong môi trường an toàn, thu nhập cạnh tranh và các chương trình đào tạo phát triển.</span></div>','A','www.careerlink.vn',0,'2020-04-23 09:52:23',0,1,2,NULL),(13,1,2,1,14,5,1,13,NULL,0,1,13,'A','#13 Nhân Viên Kinh Doanh Các Quận 5, 6, 8, Bình Tân, Bình Chánh',NULL,'A','P','M',2358053,NULL,18,NULL,'M','<div style=\"text-align: justify;\">- Tìm kiếm thông tin, tiếp cận các khách hàng tiềm năng. <br>-\n               Tư vấn, giải thích cho khách hàng về dịch vụ&nbsp;Internet băng rộng\n               (ADSL),&nbsp;Internet cáp quang (FTTH) do FPT Telecom đang cung cấp.<br>- Xúc tiến việc ký kết hợp đồng, đàm phán thương lượng, thực hiện cá\n               c thủ tục ký kết hợp đồng với khách hàng.\n               <br>* <span style=\"font-weight: bold; text-decoration: underline;\">Quyền lợi:</span><br>- Lương: cơ bản + hoa hồng + doanh số + thưởng cực k\n               ỳ hấp dẫn <br>- Chế độ thăng tiến rõ ràng <br>- Được tham gia các khóa đào tạo về sản phẩm và kỹ năng. <br>- Bảo hiểm nhà nước + Bảo hiểm ca\n               o cấp dành cho Nhân viên và người thân FPT (FPT Care). <br>- Tham gia các hoạt động Phong trào (Hàng năm, chúng tôi có rất nhiều\n               hoạt động nhằm chăm lo đời sống văn hóa tinh thần cho CNBV công ty)<br>- Được xét mua Cổ phiếu theo chính sách công ty. Và nhiều quyền lợi k\n             hác.<br></div>','A','- Nam, Tốt nghiệp PTTH trở lên, làm việc toàn thời gian\n              <br>- Cần cù chịu khó, không ngại công việc phải ra ngoài thị trường\n              <br>- Đam mê kinh doanh\n              <br>- Khả năng giải quyết tình huống tốt\n              <br>- Ngoại hình dễ nhìn, nói chuyện lưu loát, trôi chảy\n              <br>- Chịu được công việc áp lực cao\n              <br>- Ưu tiên ứng viên có kinh nghiệm bán hàng, viễn thông…',1,1,1,0,NULL,'20 Phan Đình Giót, P. 2',NULL,'Ban Nhân sự','08 7300 2222 ( IP: 8350)','08 7300 8889',NULL,'[\"career1@careerlink.vn\",\"career2@careerlink.vn\"]','Ms. Ngọc Diễm','08 7300 2222 ( IP: 8275)',1,1,1,1,1,'2020-04-24',30,0,0,'N',1,0,'2020-05-03','2020-05-27','B','#13 nhan vien kinh doanh cac quan 5, 6, 8, binh tan, binh chanh company #13 cong ty co phan vien thong fpt telecom duoc danh gia la nha cung cap dich vu internet (isp) co chinh sach dich vu tot nhat tai viet nam. trong dung nhan tai va phat trien nguon nhan luc luon la muc tieu hang dau trong cac chien luoc phat trien cua chung toi. o fpt telecom ban se duoc lam viec trong moi truong an toan, thu nhap canh tranh va cac chuong trinh dao tao phat trien. - tim kiem thong tin, tiep can cac khach hang tiem nang. - tu van, giai thich cho khach hang ve dich vu internet bang rong (adsl), internet cap quang (ftth) do fpt telecom dang cung cap. - xuc tien viec ky ket hop dong, dam phan thuong luong, thuc hien ca c thu tuc ky ket hop dong voi khach hang. * quyen loi: - luong: co ban + hoa hong + doanh so + thuong cuc k y hap dan - che do thang tien ro rang - duoc tham gia cac khoa dao tao ve san pham va ky nang. - bao hiem nha nuoc + bao hiem ca o cap danh cho nhan vien va nguoi than fpt (fpt care). - tham gia cac hoat dong phong trao (hang nam, chung toi co rat nhieu hoat dong nham cham lo doi song van hoa tinh than cho cnbv cong ty) - duoc xet mua co phieu theo chinh sach cong ty. va nhieu quyen loi k hac. - nam, tot nghiep ptth tro len, lam viec toan thoi gian - can cu chiu kho, khong ngai cong viec phai ra ngoai thi truong - dam me kinh doanh - kha nang giai quyet tinh huong tot - ngoai hinh de nhin, noi chuyen luu loat, troi chay - chiu duoc cong viec ap luc cao - uu tien ung vien co kinh nghiem ban hang, vien thong… 20 phan dinh giot, p. 2 ho chi minh(vi) ho chi minh ho chi minh(ja) ho chi minh(kh) ho chi minh(th) ho chi minh(id) .net .net .net .net .net','#13 nhân viên kinh doanh các quận 5, 6, 8, bình tân, bình chánh company #13 công ty cổ phần viễn thông fpt telecom được đánh giá là nhà cung cấp dịch vụ internet (isp) có chính sách dịch vụ tốt nhất tại việt nam. trọng dụng nhân tài và phát triển nguồn nhân lực luôn là mục tiêu hàng đầu trong các chiến lược phát triển của chúng tôi. ở fpt telecom bạn sẽ được làm việc trong môi trường an toàn, thu nhập cạnh tranh và các chương trình đào tạo phát triển. - tìm kiếm thông tin, tiếp cận các khách hàng tiềm năng. - tư vấn, giải thích cho khách hàng về dịch vụ internet băng rộng (adsl), internet cáp quang (ftth) do fpt telecom đang cung cấp. - xúc tiến việc ký kết hợp đồng, đàm phán thương lượng, thực hiện cá c thủ tục ký kết hợp đồng với khách hàng. * quyền lợi: - lương: cơ bản + hoa hồng + doanh số + thưởng cực k ỳ hấp dẫn - chế độ thăng tiến rõ ràng - được tham gia các khóa đào tạo về sản phẩm và kỹ năng. - bảo hiểm nhà nước + bảo hiểm ca o cấp dành cho nhân viên và người thân fpt (fpt care). - tham gia các hoạt động phong trào (hàng năm, chúng tôi có rất nhiều hoạt động nhằm chăm lo đời sống văn hóa tinh thần cho cnbv công ty) - được xét mua cổ phiếu theo chính sách công ty. và nhiều quyền lợi k hác. - nam, tốt nghiệp ptth trở lên, làm việc toàn thời gian - cần cù chịu khó, không ngại công việc phải ra ngoài thị trường - đam mê kinh doanh - khả năng giải quyết tình huống tốt - ngoại hình dễ nhìn, nói chuyện lưu loát, trôi chảy - chịu được công việc áp lực cao - ưu tiên ứng viên có kinh nghiệm bán hàng, viễn thông… 20 phan đình giót, p. 2 ho chi minh(vi) ho chi minh ho chi minh(ja) ho chi minh(kh) ho chi minh(th) ho chi minh(id) .net .net .net .net .net','ban nhan su 08 7300 2222 ( ip: 8350) 08 7300 8889 career1@careerlink.vn career2@careerlink.vn ms. ngoc diem 08 7300 2222 ( ip: 8275)','ban nhân sự 08 7300 2222 ( ip: 8350) 08 7300 8889 career1@careerlink.vn career2@careerlink.vn ms. ngọc diễm 08 7300 2222 ( ip: 8275)','Company #13','2020-05-06 09:52:24','2020-05-06 09:52:24','C',1,1,'<div style=\"text-align: justify;\"><span style=\"font-weight: bold;\">Công ty Cổ phần Viễn thông FPT Telecom được đánh giá là nhà cung cấp dịch vụ Internet (ISP) có chính sách dịch vụ tốt nhất tại Việt Nam.  Trọng dụng nhân tài và phát triển nguồn nhân lực luôn là mục tiêu hàng đầu trong các chiến lược phát triển của chúng tôi. Ở FPT Telecom bạn sẽ được làm việc trong môi trường an toàn, thu nhập cạnh tranh và các chương trình đào tạo phát triển.</span></div>','A','www.careerlink.vn',0,'2020-04-24 09:52:23',0,1,2,NULL),(14,1,2,1,14,5,1,14,NULL,0,1,14,'A','#14 Nhân Viên Kinh Doanh Các Quận 5, 6, 8, Bình Tân, Bình Chánh',NULL,'A','M','I',1101575,9767252,18,NULL,'M','<div style=\"text-align: justify;\">- Tìm kiếm thông tin, tiếp cận các khách hàng tiềm năng. <br>-\n               Tư vấn, giải thích cho khách hàng về dịch vụ&nbsp;Internet băng rộng\n               (ADSL),&nbsp;Internet cáp quang (FTTH) do FPT Telecom đang cung cấp.<br>- Xúc tiến việc ký kết hợp đồng, đàm phán thương lượng, thực hiện cá\n               c thủ tục ký kết hợp đồng với khách hàng.\n               <br>* <span style=\"font-weight: bold; text-decoration: underline;\">Quyền lợi:</span><br>- Lương: cơ bản + hoa hồng + doanh số + thưởng cực k\n               ỳ hấp dẫn <br>- Chế độ thăng tiến rõ ràng <br>- Được tham gia các khóa đào tạo về sản phẩm và kỹ năng. <br>- Bảo hiểm nhà nước + Bảo hiểm ca\n               o cấp dành cho Nhân viên và người thân FPT (FPT Care). <br>- Tham gia các hoạt động Phong trào (Hàng năm, chúng tôi có rất nhiều\n               hoạt động nhằm chăm lo đời sống văn hóa tinh thần cho CNBV công ty)<br>- Được xét mua Cổ phiếu theo chính sách công ty. Và nhiều quyền lợi k\n             hác.<br></div>','A','- Nam, Tốt nghiệp PTTH trở lên, làm việc toàn thời gian\n              <br>- Cần cù chịu khó, không ngại công việc phải ra ngoài thị trường\n              <br>- Đam mê kinh doanh\n              <br>- Khả năng giải quyết tình huống tốt\n              <br>- Ngoại hình dễ nhìn, nói chuyện lưu loát, trôi chảy\n              <br>- Chịu được công việc áp lực cao\n              <br>- Ưu tiên ứng viên có kinh nghiệm bán hàng, viễn thông…',1,1,1,0,NULL,'20 Phan Đình Giót, P. 2',NULL,'Ban Nhân sự','08 7300 2222 ( IP: 8350)','08 7300 8889',NULL,'[\"career1@careerlink.vn\",\"career2@careerlink.vn\"]','Ms. Ngọc Diễm','08 7300 2222 ( IP: 8275)',1,1,1,1,1,'2020-04-29',30,0,0,'N',1,0,'2020-05-06','2020-05-21','B','#14 nhan vien kinh doanh cac quan 5, 6, 8, binh tan, binh chanh company #14 cong ty co phan vien thong fpt telecom duoc danh gia la nha cung cap dich vu internet (isp) co chinh sach dich vu tot nhat tai viet nam. trong dung nhan tai va phat trien nguon nhan luc luon la muc tieu hang dau trong cac chien luoc phat trien cua chung toi. o fpt telecom ban se duoc lam viec trong moi truong an toan, thu nhap canh tranh va cac chuong trinh dao tao phat trien. - tim kiem thong tin, tiep can cac khach hang tiem nang. - tu van, giai thich cho khach hang ve dich vu internet bang rong (adsl), internet cap quang (ftth) do fpt telecom dang cung cap. - xuc tien viec ky ket hop dong, dam phan thuong luong, thuc hien ca c thu tuc ky ket hop dong voi khach hang. * quyen loi: - luong: co ban + hoa hong + doanh so + thuong cuc k y hap dan - che do thang tien ro rang - duoc tham gia cac khoa dao tao ve san pham va ky nang. - bao hiem nha nuoc + bao hiem ca o cap danh cho nhan vien va nguoi than fpt (fpt care). - tham gia cac hoat dong phong trao (hang nam, chung toi co rat nhieu hoat dong nham cham lo doi song van hoa tinh than cho cnbv cong ty) - duoc xet mua co phieu theo chinh sach cong ty. va nhieu quyen loi k hac. - nam, tot nghiep ptth tro len, lam viec toan thoi gian - can cu chiu kho, khong ngai cong viec phai ra ngoai thi truong - dam me kinh doanh - kha nang giai quyet tinh huong tot - ngoai hinh de nhin, noi chuyen luu loat, troi chay - chiu duoc cong viec ap luc cao - uu tien ung vien co kinh nghiem ban hang, vien thong… 20 phan dinh giot, p. 2 ho chi minh(vi) ho chi minh ho chi minh(ja) ho chi minh(kh) ho chi minh(th) ho chi minh(id) du an project プロジェクト គម្រោង โครงการ quan tan binh tan binh district tan binh区 css css css css css mysql mysql mysql mysql mysql my pham cosmetics 化粧品','#14 nhân viên kinh doanh các quận 5, 6, 8, bình tân, bình chánh company #14 công ty cổ phần viễn thông fpt telecom được đánh giá là nhà cung cấp dịch vụ internet (isp) có chính sách dịch vụ tốt nhất tại việt nam. trọng dụng nhân tài và phát triển nguồn nhân lực luôn là mục tiêu hàng đầu trong các chiến lược phát triển của chúng tôi. ở fpt telecom bạn sẽ được làm việc trong môi trường an toàn, thu nhập cạnh tranh và các chương trình đào tạo phát triển. - tìm kiếm thông tin, tiếp cận các khách hàng tiềm năng. - tư vấn, giải thích cho khách hàng về dịch vụ internet băng rộng (adsl), internet cáp quang (ftth) do fpt telecom đang cung cấp. - xúc tiến việc ký kết hợp đồng, đàm phán thương lượng, thực hiện cá c thủ tục ký kết hợp đồng với khách hàng. * quyền lợi: - lương: cơ bản + hoa hồng + doanh số + thưởng cực k ỳ hấp dẫn - chế độ thăng tiến rõ ràng - được tham gia các khóa đào tạo về sản phẩm và kỹ năng. - bảo hiểm nhà nước + bảo hiểm ca o cấp dành cho nhân viên và người thân fpt (fpt care). - tham gia các hoạt động phong trào (hàng năm, chúng tôi có rất nhiều hoạt động nhằm chăm lo đời sống văn hóa tinh thần cho cnbv công ty) - được xét mua cổ phiếu theo chính sách công ty. và nhiều quyền lợi k hác. - nam, tốt nghiệp ptth trở lên, làm việc toàn thời gian - cần cù chịu khó, không ngại công việc phải ra ngoài thị trường - đam mê kinh doanh - khả năng giải quyết tình huống tốt - ngoại hình dễ nhìn, nói chuyện lưu loát, trôi chảy - chịu được công việc áp lực cao - ưu tiên ứng viên có kinh nghiệm bán hàng, viễn thông… 20 phan đình giót, p. 2 ho chi minh(vi) ho chi minh ho chi minh(ja) ho chi minh(kh) ho chi minh(th) ho chi minh(id) dự án project プロジェクト គម្រោង โครงการ quận tân bình tan binh district tan binh区 css css css css css mysql mysql mysql mysql mysql mỹ phẩm cosmetics 化粧品','ban nhan su 08 7300 2222 ( ip: 8350) 08 7300 8889 career1@careerlink.vn career2@careerlink.vn ms. ngoc diem 08 7300 2222 ( ip: 8275)','ban nhân sự 08 7300 2222 ( ip: 8350) 08 7300 8889 career1@careerlink.vn career2@careerlink.vn ms. ngọc diễm 08 7300 2222 ( ip: 8275)','Company #14','2020-05-06 09:52:24','2020-05-06 09:52:24','C',1,1,'<div style=\"text-align: justify;\"><span style=\"font-weight: bold;\">Công ty Cổ phần Viễn thông FPT Telecom được đánh giá là nhà cung cấp dịch vụ Internet (ISP) có chính sách dịch vụ tốt nhất tại Việt Nam.  Trọng dụng nhân tài và phát triển nguồn nhân lực luôn là mục tiêu hàng đầu trong các chiến lược phát triển của chúng tôi. Ở FPT Telecom bạn sẽ được làm việc trong môi trường an toàn, thu nhập cạnh tranh và các chương trình đào tạo phát triển.</span></div>','A','www.careerlink.vn',0,'2020-04-29 09:52:23',0,1,2,2),(15,1,2,1,14,5,1,15,NULL,0,1,15,'A','#15 Nhân Viên Kinh Doanh Các Quận 5, 6, 8, Bình Tân, Bình Chánh',NULL,'A','E','N',NULL,NULL,18,NULL,'M','<div style=\"text-align: justify;\">- Tìm kiếm thông tin, tiếp cận các khách hàng tiềm năng. <br>-\n               Tư vấn, giải thích cho khách hàng về dịch vụ&nbsp;Internet băng rộng\n               (ADSL),&nbsp;Internet cáp quang (FTTH) do FPT Telecom đang cung cấp.<br>- Xúc tiến việc ký kết hợp đồng, đàm phán thương lượng, thực hiện cá\n               c thủ tục ký kết hợp đồng với khách hàng.\n               <br>* <span style=\"font-weight: bold; text-decoration: underline;\">Quyền lợi:</span><br>- Lương: cơ bản + hoa hồng + doanh số + thưởng cực k\n               ỳ hấp dẫn <br>- Chế độ thăng tiến rõ ràng <br>- Được tham gia các khóa đào tạo về sản phẩm và kỹ năng. <br>- Bảo hiểm nhà nước + Bảo hiểm ca\n               o cấp dành cho Nhân viên và người thân FPT (FPT Care). <br>- Tham gia các hoạt động Phong trào (Hàng năm, chúng tôi có rất nhiều\n               hoạt động nhằm chăm lo đời sống văn hóa tinh thần cho CNBV công ty)<br>- Được xét mua Cổ phiếu theo chính sách công ty. Và nhiều quyền lợi k\n             hác.<br></div>','A','- Nam, Tốt nghiệp PTTH trở lên, làm việc toàn thời gian\n              <br>- Cần cù chịu khó, không ngại công việc phải ra ngoài thị trường\n              <br>- Đam mê kinh doanh\n              <br>- Khả năng giải quyết tình huống tốt\n              <br>- Ngoại hình dễ nhìn, nói chuyện lưu loát, trôi chảy\n              <br>- Chịu được công việc áp lực cao\n              <br>- Ưu tiên ứng viên có kinh nghiệm bán hàng, viễn thông…',1,1,1,0,NULL,'20 Phan Đình Giót, P. 2',NULL,'Ban Nhân sự','08 7300 2222 ( IP: 8350)','08 7300 8889',NULL,'[\"career1@careerlink.vn\",\"career2@careerlink.vn\"]','Ms. Ngọc Diễm','08 7300 2222 ( IP: 8275)',1,1,1,1,1,'2020-04-30',30,0,0,'N',1,0,'2020-04-18','2020-05-22','B','#15 nhan vien kinh doanh cac quan 5, 6, 8, binh tan, binh chanh company #15 cong ty co phan vien thong fpt telecom duoc danh gia la nha cung cap dich vu internet (isp) co chinh sach dich vu tot nhat tai viet nam. trong dung nhan tai va phat trien nguon nhan luc luon la muc tieu hang dau trong cac chien luoc phat trien cua chung toi. o fpt telecom ban se duoc lam viec trong moi truong an toan, thu nhap canh tranh va cac chuong trinh dao tao phat trien. - tim kiem thong tin, tiep can cac khach hang tiem nang. - tu van, giai thich cho khach hang ve dich vu internet bang rong (adsl), internet cap quang (ftth) do fpt telecom dang cung cap. - xuc tien viec ky ket hop dong, dam phan thuong luong, thuc hien ca c thu tuc ky ket hop dong voi khach hang. * quyen loi: - luong: co ban + hoa hong + doanh so + thuong cuc k y hap dan - che do thang tien ro rang - duoc tham gia cac khoa dao tao ve san pham va ky nang. - bao hiem nha nuoc + bao hiem ca o cap danh cho nhan vien va nguoi than fpt (fpt care). - tham gia cac hoat dong phong trao (hang nam, chung toi co rat nhieu hoat dong nham cham lo doi song van hoa tinh than cho cnbv cong ty) - duoc xet mua co phieu theo chinh sach cong ty. va nhieu quyen loi k hac. - nam, tot nghiep ptth tro len, lam viec toan thoi gian - can cu chiu kho, khong ngai cong viec phai ra ngoai thi truong - dam me kinh doanh - kha nang giai quyet tinh huong tot - ngoai hinh de nhin, noi chuyen luu loat, troi chay - chiu duoc cong viec ap luc cao - uu tien ung vien co kinh nghiem ban hang, vien thong… 20 phan dinh giot, p. 2 ho chi minh(vi) ho chi minh ho chi minh(ja) ho chi minh(kh) ho chi minh(th) ho chi minh(id) joomla joomla joomla joomla joomla .net .net .net .net .net','#15 nhân viên kinh doanh các quận 5, 6, 8, bình tân, bình chánh company #15 công ty cổ phần viễn thông fpt telecom được đánh giá là nhà cung cấp dịch vụ internet (isp) có chính sách dịch vụ tốt nhất tại việt nam. trọng dụng nhân tài và phát triển nguồn nhân lực luôn là mục tiêu hàng đầu trong các chiến lược phát triển của chúng tôi. ở fpt telecom bạn sẽ được làm việc trong môi trường an toàn, thu nhập cạnh tranh và các chương trình đào tạo phát triển. - tìm kiếm thông tin, tiếp cận các khách hàng tiềm năng. - tư vấn, giải thích cho khách hàng về dịch vụ internet băng rộng (adsl), internet cáp quang (ftth) do fpt telecom đang cung cấp. - xúc tiến việc ký kết hợp đồng, đàm phán thương lượng, thực hiện cá c thủ tục ký kết hợp đồng với khách hàng. * quyền lợi: - lương: cơ bản + hoa hồng + doanh số + thưởng cực k ỳ hấp dẫn - chế độ thăng tiến rõ ràng - được tham gia các khóa đào tạo về sản phẩm và kỹ năng. - bảo hiểm nhà nước + bảo hiểm ca o cấp dành cho nhân viên và người thân fpt (fpt care). - tham gia các hoạt động phong trào (hàng năm, chúng tôi có rất nhiều hoạt động nhằm chăm lo đời sống văn hóa tinh thần cho cnbv công ty) - được xét mua cổ phiếu theo chính sách công ty. và nhiều quyền lợi k hác. - nam, tốt nghiệp ptth trở lên, làm việc toàn thời gian - cần cù chịu khó, không ngại công việc phải ra ngoài thị trường - đam mê kinh doanh - khả năng giải quyết tình huống tốt - ngoại hình dễ nhìn, nói chuyện lưu loát, trôi chảy - chịu được công việc áp lực cao - ưu tiên ứng viên có kinh nghiệm bán hàng, viễn thông… 20 phan đình giót, p. 2 ho chi minh(vi) ho chi minh ho chi minh(ja) ho chi minh(kh) ho chi minh(th) ho chi minh(id) joomla joomla joomla joomla joomla .net .net .net .net .net','ban nhan su 08 7300 2222 ( ip: 8350) 08 7300 8889 career1@careerlink.vn career2@careerlink.vn ms. ngoc diem 08 7300 2222 ( ip: 8275)','ban nhân sự 08 7300 2222 ( ip: 8350) 08 7300 8889 career1@careerlink.vn career2@careerlink.vn ms. ngọc diễm 08 7300 2222 ( ip: 8275)','Company #15','2020-05-06 09:52:24','2020-05-06 09:52:24','C',1,1,'<div style=\"text-align: justify;\"><span style=\"font-weight: bold;\">Công ty Cổ phần Viễn thông FPT Telecom được đánh giá là nhà cung cấp dịch vụ Internet (ISP) có chính sách dịch vụ tốt nhất tại Việt Nam.  Trọng dụng nhân tài và phát triển nguồn nhân lực luôn là mục tiêu hàng đầu trong các chiến lược phát triển của chúng tôi. Ở FPT Telecom bạn sẽ được làm việc trong môi trường an toàn, thu nhập cạnh tranh và các chương trình đào tạo phát triển.</span></div>','A','www.careerlink.vn',0,'2020-04-30 09:52:23',0,1,NULL,NULL),(16,1,2,1,14,5,1,16,NULL,0,1,16,'A','#16 Nhân Viên Kinh Doanh Các Quận 5, 6, 8, Bình Tân, Bình Chánh',NULL,'A','D','M',1226692,NULL,18,NULL,'M','<div style=\"text-align: justify;\">- Tìm kiếm thông tin, tiếp cận các khách hàng tiềm năng. <br>-\n               Tư vấn, giải thích cho khách hàng về dịch vụ&nbsp;Internet băng rộng\n               (ADSL),&nbsp;Internet cáp quang (FTTH) do FPT Telecom đang cung cấp.<br>- Xúc tiến việc ký kết hợp đồng, đàm phán thương lượng, thực hiện cá\n               c thủ tục ký kết hợp đồng với khách hàng.\n               <br>* <span style=\"font-weight: bold; text-decoration: underline;\">Quyền lợi:</span><br>- Lương: cơ bản + hoa hồng + doanh số + thưởng cực k\n               ỳ hấp dẫn <br>- Chế độ thăng tiến rõ ràng <br>- Được tham gia các khóa đào tạo về sản phẩm và kỹ năng. <br>- Bảo hiểm nhà nước + Bảo hiểm ca\n               o cấp dành cho Nhân viên và người thân FPT (FPT Care). <br>- Tham gia các hoạt động Phong trào (Hàng năm, chúng tôi có rất nhiều\n               hoạt động nhằm chăm lo đời sống văn hóa tinh thần cho CNBV công ty)<br>- Được xét mua Cổ phiếu theo chính sách công ty. Và nhiều quyền lợi k\n             hác.<br></div>','A','- Nam, Tốt nghiệp PTTH trở lên, làm việc toàn thời gian\n              <br>- Cần cù chịu khó, không ngại công việc phải ra ngoài thị trường\n              <br>- Đam mê kinh doanh\n              <br>- Khả năng giải quyết tình huống tốt\n              <br>- Ngoại hình dễ nhìn, nói chuyện lưu loát, trôi chảy\n              <br>- Chịu được công việc áp lực cao\n              <br>- Ưu tiên ứng viên có kinh nghiệm bán hàng, viễn thông…',1,1,1,0,NULL,'20 Phan Đình Giót, P. 2',NULL,'Ban Nhân sự','08 7300 2222 ( IP: 8350)','08 7300 8889',NULL,'[\"career1@careerlink.vn\",\"career2@careerlink.vn\"]','Ms. Ngọc Diễm','08 7300 2222 ( IP: 8275)',1,1,1,1,1,'2020-04-30',30,0,0,'N',1,0,'2020-05-02','2020-05-10','B','#16 nhan vien kinh doanh cac quan 5, 6, 8, binh tan, binh chanh company #16 cong ty co phan vien thong fpt telecom duoc danh gia la nha cung cap dich vu internet (isp) co chinh sach dich vu tot nhat tai viet nam. trong dung nhan tai va phat trien nguon nhan luc luon la muc tieu hang dau trong cac chien luoc phat trien cua chung toi. o fpt telecom ban se duoc lam viec trong moi truong an toan, thu nhap canh tranh va cac chuong trinh dao tao phat trien. - tim kiem thong tin, tiep can cac khach hang tiem nang. - tu van, giai thich cho khach hang ve dich vu internet bang rong (adsl), internet cap quang (ftth) do fpt telecom dang cung cap. - xuc tien viec ky ket hop dong, dam phan thuong luong, thuc hien ca c thu tuc ky ket hop dong voi khach hang. * quyen loi: - luong: co ban + hoa hong + doanh so + thuong cuc k y hap dan - che do thang tien ro rang - duoc tham gia cac khoa dao tao ve san pham va ky nang. - bao hiem nha nuoc + bao hiem ca o cap danh cho nhan vien va nguoi than fpt (fpt care). - tham gia cac hoat dong phong trao (hang nam, chung toi co rat nhieu hoat dong nham cham lo doi song van hoa tinh than cho cnbv cong ty) - duoc xet mua co phieu theo chinh sach cong ty. va nhieu quyen loi k hac. - nam, tot nghiep ptth tro len, lam viec toan thoi gian - can cu chiu kho, khong ngai cong viec phai ra ngoai thi truong - dam me kinh doanh - kha nang giai quyet tinh huong tot - ngoai hinh de nhin, noi chuyen luu loat, troi chay - chiu duoc cong viec ap luc cao - uu tien ung vien co kinh nghiem ban hang, vien thong… 20 phan dinh giot, p. 2 ho chi minh(vi) ho chi minh ho chi minh(ja) ho chi minh(kh) ho chi minh(th) ho chi minh(id) mysql mysql mysql mysql mysql .net .net .net .net .net du an project プロジェクト គម្រោង โครงการ php php php php php','#16 nhân viên kinh doanh các quận 5, 6, 8, bình tân, bình chánh company #16 công ty cổ phần viễn thông fpt telecom được đánh giá là nhà cung cấp dịch vụ internet (isp) có chính sách dịch vụ tốt nhất tại việt nam. trọng dụng nhân tài và phát triển nguồn nhân lực luôn là mục tiêu hàng đầu trong các chiến lược phát triển của chúng tôi. ở fpt telecom bạn sẽ được làm việc trong môi trường an toàn, thu nhập cạnh tranh và các chương trình đào tạo phát triển. - tìm kiếm thông tin, tiếp cận các khách hàng tiềm năng. - tư vấn, giải thích cho khách hàng về dịch vụ internet băng rộng (adsl), internet cáp quang (ftth) do fpt telecom đang cung cấp. - xúc tiến việc ký kết hợp đồng, đàm phán thương lượng, thực hiện cá c thủ tục ký kết hợp đồng với khách hàng. * quyền lợi: - lương: cơ bản + hoa hồng + doanh số + thưởng cực k ỳ hấp dẫn - chế độ thăng tiến rõ ràng - được tham gia các khóa đào tạo về sản phẩm và kỹ năng. - bảo hiểm nhà nước + bảo hiểm ca o cấp dành cho nhân viên và người thân fpt (fpt care). - tham gia các hoạt động phong trào (hàng năm, chúng tôi có rất nhiều hoạt động nhằm chăm lo đời sống văn hóa tinh thần cho cnbv công ty) - được xét mua cổ phiếu theo chính sách công ty. và nhiều quyền lợi k hác. - nam, tốt nghiệp ptth trở lên, làm việc toàn thời gian - cần cù chịu khó, không ngại công việc phải ra ngoài thị trường - đam mê kinh doanh - khả năng giải quyết tình huống tốt - ngoại hình dễ nhìn, nói chuyện lưu loát, trôi chảy - chịu được công việc áp lực cao - ưu tiên ứng viên có kinh nghiệm bán hàng, viễn thông… 20 phan đình giót, p. 2 ho chi minh(vi) ho chi minh ho chi minh(ja) ho chi minh(kh) ho chi minh(th) ho chi minh(id) mysql mysql mysql mysql mysql .net .net .net .net .net dự án project プロジェクト គម្រោង โครงการ php php php php php','ban nhan su 08 7300 2222 ( ip: 8350) 08 7300 8889 career1@careerlink.vn career2@careerlink.vn ms. ngoc diem 08 7300 2222 ( ip: 8275)','ban nhân sự 08 7300 2222 ( ip: 8350) 08 7300 8889 career1@careerlink.vn career2@careerlink.vn ms. ngọc diễm 08 7300 2222 ( ip: 8275)','Company #16','2020-05-06 09:52:24','2020-05-06 09:52:24','C',1,1,'<div style=\"text-align: justify;\"><span style=\"font-weight: bold;\">Công ty Cổ phần Viễn thông FPT Telecom được đánh giá là nhà cung cấp dịch vụ Internet (ISP) có chính sách dịch vụ tốt nhất tại Việt Nam.  Trọng dụng nhân tài và phát triển nguồn nhân lực luôn là mục tiêu hàng đầu trong các chiến lược phát triển của chúng tôi. Ở FPT Telecom bạn sẽ được làm việc trong môi trường an toàn, thu nhập cạnh tranh và các chương trình đào tạo phát triển.</span></div>','A','www.careerlink.vn',0,'2020-04-30 09:52:23',0,1,2,NULL),(17,1,2,1,14,5,1,17,NULL,0,1,17,'A','#17 Nhân Viên Kinh Doanh Các Quận 5, 6, 8, Bình Tân, Bình Chánh',NULL,'A','P','N',NULL,NULL,18,NULL,'M','<div style=\"text-align: justify;\">- Tìm kiếm thông tin, tiếp cận các khách hàng tiềm năng. <br>-\n               Tư vấn, giải thích cho khách hàng về dịch vụ&nbsp;Internet băng rộng\n               (ADSL),&nbsp;Internet cáp quang (FTTH) do FPT Telecom đang cung cấp.<br>- Xúc tiến việc ký kết hợp đồng, đàm phán thương lượng, thực hiện cá\n               c thủ tục ký kết hợp đồng với khách hàng.\n               <br>* <span style=\"font-weight: bold; text-decoration: underline;\">Quyền lợi:</span><br>- Lương: cơ bản + hoa hồng + doanh số + thưởng cực k\n               ỳ hấp dẫn <br>- Chế độ thăng tiến rõ ràng <br>- Được tham gia các khóa đào tạo về sản phẩm và kỹ năng. <br>- Bảo hiểm nhà nước + Bảo hiểm ca\n               o cấp dành cho Nhân viên và người thân FPT (FPT Care). <br>- Tham gia các hoạt động Phong trào (Hàng năm, chúng tôi có rất nhiều\n               hoạt động nhằm chăm lo đời sống văn hóa tinh thần cho CNBV công ty)<br>- Được xét mua Cổ phiếu theo chính sách công ty. Và nhiều quyền lợi k\n             hác.<br></div>','A','- Nam, Tốt nghiệp PTTH trở lên, làm việc toàn thời gian\n              <br>- Cần cù chịu khó, không ngại công việc phải ra ngoài thị trường\n              <br>- Đam mê kinh doanh\n              <br>- Khả năng giải quyết tình huống tốt\n              <br>- Ngoại hình dễ nhìn, nói chuyện lưu loát, trôi chảy\n              <br>- Chịu được công việc áp lực cao\n              <br>- Ưu tiên ứng viên có kinh nghiệm bán hàng, viễn thông…',1,1,1,0,NULL,'20 Phan Đình Giót, P. 2',NULL,'Ban Nhân sự','08 7300 2222 ( IP: 8350)','08 7300 8889',NULL,'[\"career1@careerlink.vn\",\"career2@careerlink.vn\"]','Ms. Ngọc Diễm','08 7300 2222 ( IP: 8275)',1,1,1,1,1,'2020-05-01',30,0,1,'N',1,0,'2020-04-17','2020-05-27','B','#17 nhan vien kinh doanh cac quan 5, 6, 8, binh tan, binh chanh company #17 cong ty co phan vien thong fpt telecom duoc danh gia la nha cung cap dich vu internet (isp) co chinh sach dich vu tot nhat tai viet nam. trong dung nhan tai va phat trien nguon nhan luc luon la muc tieu hang dau trong cac chien luoc phat trien cua chung toi. o fpt telecom ban se duoc lam viec trong moi truong an toan, thu nhap canh tranh va cac chuong trinh dao tao phat trien. - tim kiem thong tin, tiep can cac khach hang tiem nang. - tu van, giai thich cho khach hang ve dich vu internet bang rong (adsl), internet cap quang (ftth) do fpt telecom dang cung cap. - xuc tien viec ky ket hop dong, dam phan thuong luong, thuc hien ca c thu tuc ky ket hop dong voi khach hang. * quyen loi: - luong: co ban + hoa hong + doanh so + thuong cuc k y hap dan - che do thang tien ro rang - duoc tham gia cac khoa dao tao ve san pham va ky nang. - bao hiem nha nuoc + bao hiem ca o cap danh cho nhan vien va nguoi than fpt (fpt care). - tham gia cac hoat dong phong trao (hang nam, chung toi co rat nhieu hoat dong nham cham lo doi song van hoa tinh than cho cnbv cong ty) - duoc xet mua co phieu theo chinh sach cong ty. va nhieu quyen loi k hac. - nam, tot nghiep ptth tro len, lam viec toan thoi gian - can cu chiu kho, khong ngai cong viec phai ra ngoai thi truong - dam me kinh doanh - kha nang giai quyet tinh huong tot - ngoai hinh de nhin, noi chuyen luu loat, troi chay - chiu duoc cong viec ap luc cao - uu tien ung vien co kinh nghiem ban hang, vien thong… 20 phan dinh giot, p. 2 ho chi minh(vi) ho chi minh ho chi minh(ja) ho chi minh(kh) ho chi minh(th) ho chi minh(id) tieng viet vietnamese ベトナム語 khach san hotel ホテル សណ្ឋាគារ โรงแรม .net .net .net .net .net','#17 nhân viên kinh doanh các quận 5, 6, 8, bình tân, bình chánh company #17 công ty cổ phần viễn thông fpt telecom được đánh giá là nhà cung cấp dịch vụ internet (isp) có chính sách dịch vụ tốt nhất tại việt nam. trọng dụng nhân tài và phát triển nguồn nhân lực luôn là mục tiêu hàng đầu trong các chiến lược phát triển của chúng tôi. ở fpt telecom bạn sẽ được làm việc trong môi trường an toàn, thu nhập cạnh tranh và các chương trình đào tạo phát triển. - tìm kiếm thông tin, tiếp cận các khách hàng tiềm năng. - tư vấn, giải thích cho khách hàng về dịch vụ internet băng rộng (adsl), internet cáp quang (ftth) do fpt telecom đang cung cấp. - xúc tiến việc ký kết hợp đồng, đàm phán thương lượng, thực hiện cá c thủ tục ký kết hợp đồng với khách hàng. * quyền lợi: - lương: cơ bản + hoa hồng + doanh số + thưởng cực k ỳ hấp dẫn - chế độ thăng tiến rõ ràng - được tham gia các khóa đào tạo về sản phẩm và kỹ năng. - bảo hiểm nhà nước + bảo hiểm ca o cấp dành cho nhân viên và người thân fpt (fpt care). - tham gia các hoạt động phong trào (hàng năm, chúng tôi có rất nhiều hoạt động nhằm chăm lo đời sống văn hóa tinh thần cho cnbv công ty) - được xét mua cổ phiếu theo chính sách công ty. và nhiều quyền lợi k hác. - nam, tốt nghiệp ptth trở lên, làm việc toàn thời gian - cần cù chịu khó, không ngại công việc phải ra ngoài thị trường - đam mê kinh doanh - khả năng giải quyết tình huống tốt - ngoại hình dễ nhìn, nói chuyện lưu loát, trôi chảy - chịu được công việc áp lực cao - ưu tiên ứng viên có kinh nghiệm bán hàng, viễn thông… 20 phan đình giót, p. 2 ho chi minh(vi) ho chi minh ho chi minh(ja) ho chi minh(kh) ho chi minh(th) ho chi minh(id) tiếng việt vietnamese ベトナム語 khách sạn hotel ホテル សណ្ឋាគារ โรงแรม .net .net .net .net .net','ban nhan su 08 7300 2222 ( ip: 8350) 08 7300 8889 career1@careerlink.vn career2@careerlink.vn ms. ngoc diem 08 7300 2222 ( ip: 8275)','ban nhân sự 08 7300 2222 ( ip: 8350) 08 7300 8889 career1@careerlink.vn career2@careerlink.vn ms. ngọc diễm 08 7300 2222 ( ip: 8275)','Company #17','2020-05-06 09:52:24','2020-05-06 09:52:24','C',1,1,'<div style=\"text-align: justify;\"><span style=\"font-weight: bold;\">Công ty Cổ phần Viễn thông FPT Telecom được đánh giá là nhà cung cấp dịch vụ Internet (ISP) có chính sách dịch vụ tốt nhất tại Việt Nam.  Trọng dụng nhân tài và phát triển nguồn nhân lực luôn là mục tiêu hàng đầu trong các chiến lược phát triển của chúng tôi. Ở FPT Telecom bạn sẽ được làm việc trong môi trường an toàn, thu nhập cạnh tranh và các chương trình đào tạo phát triển.</span></div>','A','www.careerlink.vn',0,'2020-05-01 09:52:23',0,1,NULL,NULL),(18,1,2,1,14,5,1,18,NULL,0,1,18,'A','#18 Nhân Viên Kinh Doanh Các Quận 5, 6, 8, Bình Tân, Bình Chánh',NULL,'A','D','N',NULL,NULL,18,NULL,'M','<div style=\"text-align: justify;\">- Tìm kiếm thông tin, tiếp cận các khách hàng tiềm năng. <br>-\n               Tư vấn, giải thích cho khách hàng về dịch vụ&nbsp;Internet băng rộng\n               (ADSL),&nbsp;Internet cáp quang (FTTH) do FPT Telecom đang cung cấp.<br>- Xúc tiến việc ký kết hợp đồng, đàm phán thương lượng, thực hiện cá\n               c thủ tục ký kết hợp đồng với khách hàng.\n               <br>* <span style=\"font-weight: bold; text-decoration: underline;\">Quyền lợi:</span><br>- Lương: cơ bản + hoa hồng + doanh số + thưởng cực k\n               ỳ hấp dẫn <br>- Chế độ thăng tiến rõ ràng <br>- Được tham gia các khóa đào tạo về sản phẩm và kỹ năng. <br>- Bảo hiểm nhà nước + Bảo hiểm ca\n               o cấp dành cho Nhân viên và người thân FPT (FPT Care). <br>- Tham gia các hoạt động Phong trào (Hàng năm, chúng tôi có rất nhiều\n               hoạt động nhằm chăm lo đời sống văn hóa tinh thần cho CNBV công ty)<br>- Được xét mua Cổ phiếu theo chính sách công ty. Và nhiều quyền lợi k\n             hác.<br></div>','A','- Nam, Tốt nghiệp PTTH trở lên, làm việc toàn thời gian\n              <br>- Cần cù chịu khó, không ngại công việc phải ra ngoài thị trường\n              <br>- Đam mê kinh doanh\n              <br>- Khả năng giải quyết tình huống tốt\n              <br>- Ngoại hình dễ nhìn, nói chuyện lưu loát, trôi chảy\n              <br>- Chịu được công việc áp lực cao\n              <br>- Ưu tiên ứng viên có kinh nghiệm bán hàng, viễn thông…',1,1,1,0,NULL,'20 Phan Đình Giót, P. 2',NULL,'Ban Nhân sự','08 7300 2222 ( IP: 8350)','08 7300 8889',NULL,'[\"career1@careerlink.vn\",\"career2@careerlink.vn\"]','Ms. Ngọc Diễm','08 7300 2222 ( IP: 8275)',1,1,1,1,1,'2020-05-01',30,0,1,'N',1,0,'2020-05-03','2020-06-03','B','#18 nhan vien kinh doanh cac quan 5, 6, 8, binh tan, binh chanh company #18 cong ty co phan vien thong fpt telecom duoc danh gia la nha cung cap dich vu internet (isp) co chinh sach dich vu tot nhat tai viet nam. trong dung nhan tai va phat trien nguon nhan luc luon la muc tieu hang dau trong cac chien luoc phat trien cua chung toi. o fpt telecom ban se duoc lam viec trong moi truong an toan, thu nhap canh tranh va cac chuong trinh dao tao phat trien. - tim kiem thong tin, tiep can cac khach hang tiem nang. - tu van, giai thich cho khach hang ve dich vu internet bang rong (adsl), internet cap quang (ftth) do fpt telecom dang cung cap. - xuc tien viec ky ket hop dong, dam phan thuong luong, thuc hien ca c thu tuc ky ket hop dong voi khach hang. * quyen loi: - luong: co ban + hoa hong + doanh so + thuong cuc k y hap dan - che do thang tien ro rang - duoc tham gia cac khoa dao tao ve san pham va ky nang. - bao hiem nha nuoc + bao hiem ca o cap danh cho nhan vien va nguoi than fpt (fpt care). - tham gia cac hoat dong phong trao (hang nam, chung toi co rat nhieu hoat dong nham cham lo doi song van hoa tinh than cho cnbv cong ty) - duoc xet mua co phieu theo chinh sach cong ty. va nhieu quyen loi k hac. - nam, tot nghiep ptth tro len, lam viec toan thoi gian - can cu chiu kho, khong ngai cong viec phai ra ngoai thi truong - dam me kinh doanh - kha nang giai quyet tinh huong tot - ngoai hinh de nhin, noi chuyen luu loat, troi chay - chiu duoc cong viec ap luc cao - uu tien ung vien co kinh nghiem ban hang, vien thong… 20 phan dinh giot, p. 2 ho chi minh(vi) ho chi minh ho chi minh(ja) ho chi minh(kh) ho chi minh(th) ho chi minh(id) tieng viet vietnamese ベトナム語 joomla joomla joomla joomla joomla my pham cosmetics 化粧品','#18 nhân viên kinh doanh các quận 5, 6, 8, bình tân, bình chánh company #18 công ty cổ phần viễn thông fpt telecom được đánh giá là nhà cung cấp dịch vụ internet (isp) có chính sách dịch vụ tốt nhất tại việt nam. trọng dụng nhân tài và phát triển nguồn nhân lực luôn là mục tiêu hàng đầu trong các chiến lược phát triển của chúng tôi. ở fpt telecom bạn sẽ được làm việc trong môi trường an toàn, thu nhập cạnh tranh và các chương trình đào tạo phát triển. - tìm kiếm thông tin, tiếp cận các khách hàng tiềm năng. - tư vấn, giải thích cho khách hàng về dịch vụ internet băng rộng (adsl), internet cáp quang (ftth) do fpt telecom đang cung cấp. - xúc tiến việc ký kết hợp đồng, đàm phán thương lượng, thực hiện cá c thủ tục ký kết hợp đồng với khách hàng. * quyền lợi: - lương: cơ bản + hoa hồng + doanh số + thưởng cực k ỳ hấp dẫn - chế độ thăng tiến rõ ràng - được tham gia các khóa đào tạo về sản phẩm và kỹ năng. - bảo hiểm nhà nước + bảo hiểm ca o cấp dành cho nhân viên và người thân fpt (fpt care). - tham gia các hoạt động phong trào (hàng năm, chúng tôi có rất nhiều hoạt động nhằm chăm lo đời sống văn hóa tinh thần cho cnbv công ty) - được xét mua cổ phiếu theo chính sách công ty. và nhiều quyền lợi k hác. - nam, tốt nghiệp ptth trở lên, làm việc toàn thời gian - cần cù chịu khó, không ngại công việc phải ra ngoài thị trường - đam mê kinh doanh - khả năng giải quyết tình huống tốt - ngoại hình dễ nhìn, nói chuyện lưu loát, trôi chảy - chịu được công việc áp lực cao - ưu tiên ứng viên có kinh nghiệm bán hàng, viễn thông… 20 phan đình giót, p. 2 ho chi minh(vi) ho chi minh ho chi minh(ja) ho chi minh(kh) ho chi minh(th) ho chi minh(id) tiếng việt vietnamese ベトナム語 joomla joomla joomla joomla joomla mỹ phẩm cosmetics 化粧品','ban nhan su 08 7300 2222 ( ip: 8350) 08 7300 8889 career1@careerlink.vn career2@careerlink.vn ms. ngoc diem 08 7300 2222 ( ip: 8275)','ban nhân sự 08 7300 2222 ( ip: 8350) 08 7300 8889 career1@careerlink.vn career2@careerlink.vn ms. ngọc diễm 08 7300 2222 ( ip: 8275)','Company #18','2020-05-06 09:52:24','2020-05-06 09:52:24','C',1,1,'<div style=\"text-align: justify;\"><span style=\"font-weight: bold;\">Công ty Cổ phần Viễn thông FPT Telecom được đánh giá là nhà cung cấp dịch vụ Internet (ISP) có chính sách dịch vụ tốt nhất tại Việt Nam.  Trọng dụng nhân tài và phát triển nguồn nhân lực luôn là mục tiêu hàng đầu trong các chiến lược phát triển của chúng tôi. Ở FPT Telecom bạn sẽ được làm việc trong môi trường an toàn, thu nhập cạnh tranh và các chương trình đào tạo phát triển.</span></div>','A','www.careerlink.vn',0,'2020-05-01 09:52:23',0,1,NULL,NULL),(19,1,2,1,14,5,1,19,NULL,0,1,19,'A','#19 Nhân Viên Kinh Doanh Các Quận 5, 6, 8, Bình Tân, Bình Chánh',NULL,'A','M','N',NULL,NULL,18,NULL,'M','<div style=\"text-align: justify;\">- Tìm kiếm thông tin, tiếp cận các khách hàng tiềm năng. <br>-\n               Tư vấn, giải thích cho khách hàng về dịch vụ&nbsp;Internet băng rộng\n               (ADSL),&nbsp;Internet cáp quang (FTTH) do FPT Telecom đang cung cấp.<br>- Xúc tiến việc ký kết hợp đồng, đàm phán thương lượng, thực hiện cá\n               c thủ tục ký kết hợp đồng với khách hàng.\n               <br>* <span style=\"font-weight: bold; text-decoration: underline;\">Quyền lợi:</span><br>- Lương: cơ bản + hoa hồng + doanh số + thưởng cực k\n               ỳ hấp dẫn <br>- Chế độ thăng tiến rõ ràng <br>- Được tham gia các khóa đào tạo về sản phẩm và kỹ năng. <br>- Bảo hiểm nhà nước + Bảo hiểm ca\n               o cấp dành cho Nhân viên và người thân FPT (FPT Care). <br>- Tham gia các hoạt động Phong trào (Hàng năm, chúng tôi có rất nhiều\n               hoạt động nhằm chăm lo đời sống văn hóa tinh thần cho CNBV công ty)<br>- Được xét mua Cổ phiếu theo chính sách công ty. Và nhiều quyền lợi k\n             hác.<br></div>','A','- Nam, Tốt nghiệp PTTH trở lên, làm việc toàn thời gian\n              <br>- Cần cù chịu khó, không ngại công việc phải ra ngoài thị trường\n              <br>- Đam mê kinh doanh\n              <br>- Khả năng giải quyết tình huống tốt\n              <br>- Ngoại hình dễ nhìn, nói chuyện lưu loát, trôi chảy\n              <br>- Chịu được công việc áp lực cao\n              <br>- Ưu tiên ứng viên có kinh nghiệm bán hàng, viễn thông…',1,1,1,0,NULL,'20 Phan Đình Giót, P. 2',NULL,'Ban Nhân sự','08 7300 2222 ( IP: 8350)','08 7300 8889',NULL,'[\"career1@careerlink.vn\",\"career2@careerlink.vn\"]','Ms. Ngọc Diễm','08 7300 2222 ( IP: 8275)',1,1,1,1,1,'2020-05-03',30,0,0,'N',1,0,'2020-04-21','2020-05-21','B','#19 nhan vien kinh doanh cac quan 5, 6, 8, binh tan, binh chanh company #19 cong ty co phan vien thong fpt telecom duoc danh gia la nha cung cap dich vu internet (isp) co chinh sach dich vu tot nhat tai viet nam. trong dung nhan tai va phat trien nguon nhan luc luon la muc tieu hang dau trong cac chien luoc phat trien cua chung toi. o fpt telecom ban se duoc lam viec trong moi truong an toan, thu nhap canh tranh va cac chuong trinh dao tao phat trien. - tim kiem thong tin, tiep can cac khach hang tiem nang. - tu van, giai thich cho khach hang ve dich vu internet bang rong (adsl), internet cap quang (ftth) do fpt telecom dang cung cap. - xuc tien viec ky ket hop dong, dam phan thuong luong, thuc hien ca c thu tuc ky ket hop dong voi khach hang. * quyen loi: - luong: co ban + hoa hong + doanh so + thuong cuc k y hap dan - che do thang tien ro rang - duoc tham gia cac khoa dao tao ve san pham va ky nang. - bao hiem nha nuoc + bao hiem ca o cap danh cho nhan vien va nguoi than fpt (fpt care). - tham gia cac hoat dong phong trao (hang nam, chung toi co rat nhieu hoat dong nham cham lo doi song van hoa tinh than cho cnbv cong ty) - duoc xet mua co phieu theo chinh sach cong ty. va nhieu quyen loi k hac. - nam, tot nghiep ptth tro len, lam viec toan thoi gian - can cu chiu kho, khong ngai cong viec phai ra ngoai thi truong - dam me kinh doanh - kha nang giai quyet tinh huong tot - ngoai hinh de nhin, noi chuyen luu loat, troi chay - chiu duoc cong viec ap luc cao - uu tien ung vien co kinh nghiem ban hang, vien thong… 20 phan dinh giot, p. 2 ho chi minh(vi) ho chi minh ho chi minh(ja) ho chi minh(kh) ho chi minh(th) ho chi minh(id) tieng viet vietnamese ベトナム語 java java java java java css css css css css quan tan binh tan binh district tan binh区','#19 nhân viên kinh doanh các quận 5, 6, 8, bình tân, bình chánh company #19 công ty cổ phần viễn thông fpt telecom được đánh giá là nhà cung cấp dịch vụ internet (isp) có chính sách dịch vụ tốt nhất tại việt nam. trọng dụng nhân tài và phát triển nguồn nhân lực luôn là mục tiêu hàng đầu trong các chiến lược phát triển của chúng tôi. ở fpt telecom bạn sẽ được làm việc trong môi trường an toàn, thu nhập cạnh tranh và các chương trình đào tạo phát triển. - tìm kiếm thông tin, tiếp cận các khách hàng tiềm năng. - tư vấn, giải thích cho khách hàng về dịch vụ internet băng rộng (adsl), internet cáp quang (ftth) do fpt telecom đang cung cấp. - xúc tiến việc ký kết hợp đồng, đàm phán thương lượng, thực hiện cá c thủ tục ký kết hợp đồng với khách hàng. * quyền lợi: - lương: cơ bản + hoa hồng + doanh số + thưởng cực k ỳ hấp dẫn - chế độ thăng tiến rõ ràng - được tham gia các khóa đào tạo về sản phẩm và kỹ năng. - bảo hiểm nhà nước + bảo hiểm ca o cấp dành cho nhân viên và người thân fpt (fpt care). - tham gia các hoạt động phong trào (hàng năm, chúng tôi có rất nhiều hoạt động nhằm chăm lo đời sống văn hóa tinh thần cho cnbv công ty) - được xét mua cổ phiếu theo chính sách công ty. và nhiều quyền lợi k hác. - nam, tốt nghiệp ptth trở lên, làm việc toàn thời gian - cần cù chịu khó, không ngại công việc phải ra ngoài thị trường - đam mê kinh doanh - khả năng giải quyết tình huống tốt - ngoại hình dễ nhìn, nói chuyện lưu loát, trôi chảy - chịu được công việc áp lực cao - ưu tiên ứng viên có kinh nghiệm bán hàng, viễn thông… 20 phan đình giót, p. 2 ho chi minh(vi) ho chi minh ho chi minh(ja) ho chi minh(kh) ho chi minh(th) ho chi minh(id) tiếng việt vietnamese ベトナム語 java java java java java css css css css css quận tân bình tan binh district tan binh区','ban nhan su 08 7300 2222 ( ip: 8350) 08 7300 8889 career1@careerlink.vn career2@careerlink.vn ms. ngoc diem 08 7300 2222 ( ip: 8275)','ban nhân sự 08 7300 2222 ( ip: 8350) 08 7300 8889 career1@careerlink.vn career2@careerlink.vn ms. ngọc diễm 08 7300 2222 ( ip: 8275)','Company #19','2020-05-06 09:52:24','2020-05-06 09:52:24','C',1,1,'<div style=\"text-align: justify;\"><span style=\"font-weight: bold;\">Công ty Cổ phần Viễn thông FPT Telecom được đánh giá là nhà cung cấp dịch vụ Internet (ISP) có chính sách dịch vụ tốt nhất tại Việt Nam.  Trọng dụng nhân tài và phát triển nguồn nhân lực luôn là mục tiêu hàng đầu trong các chiến lược phát triển của chúng tôi. Ở FPT Telecom bạn sẽ được làm việc trong môi trường an toàn, thu nhập cạnh tranh và các chương trình đào tạo phát triển.</span></div>','A','www.careerlink.vn',0,'2020-05-03 09:52:23',0,1,NULL,NULL),(20,1,2,1,14,5,1,20,NULL,0,1,20,'A','#20 Nhân Viên Kinh Doanh Các Quận 5, 6, 8, Bình Tân, Bình Chánh',NULL,'A','E','N',NULL,NULL,18,NULL,'M','<div style=\"text-align: justify;\">- Tìm kiếm thông tin, tiếp cận các khách hàng tiềm năng. <br>-\n               Tư vấn, giải thích cho khách hàng về dịch vụ&nbsp;Internet băng rộng\n               (ADSL),&nbsp;Internet cáp quang (FTTH) do FPT Telecom đang cung cấp.<br>- Xúc tiến việc ký kết hợp đồng, đàm phán thương lượng, thực hiện cá\n               c thủ tục ký kết hợp đồng với khách hàng.\n               <br>* <span style=\"font-weight: bold; text-decoration: underline;\">Quyền lợi:</span><br>- Lương: cơ bản + hoa hồng + doanh số + thưởng cực k\n               ỳ hấp dẫn <br>- Chế độ thăng tiến rõ ràng <br>- Được tham gia các khóa đào tạo về sản phẩm và kỹ năng. <br>- Bảo hiểm nhà nước + Bảo hiểm ca\n               o cấp dành cho Nhân viên và người thân FPT (FPT Care). <br>- Tham gia các hoạt động Phong trào (Hàng năm, chúng tôi có rất nhiều\n               hoạt động nhằm chăm lo đời sống văn hóa tinh thần cho CNBV công ty)<br>- Được xét mua Cổ phiếu theo chính sách công ty. Và nhiều quyền lợi k\n             hác.<br></div>','A','- Nam, Tốt nghiệp PTTH trở lên, làm việc toàn thời gian\n              <br>- Cần cù chịu khó, không ngại công việc phải ra ngoài thị trường\n              <br>- Đam mê kinh doanh\n              <br>- Khả năng giải quyết tình huống tốt\n              <br>- Ngoại hình dễ nhìn, nói chuyện lưu loát, trôi chảy\n              <br>- Chịu được công việc áp lực cao\n              <br>- Ưu tiên ứng viên có kinh nghiệm bán hàng, viễn thông…',1,1,1,0,NULL,'20 Phan Đình Giót, P. 2',NULL,'Ban Nhân sự','08 7300 2222 ( IP: 8350)','08 7300 8889',NULL,'[\"career1@careerlink.vn\",\"career2@careerlink.vn\"]','Ms. Ngọc Diễm','08 7300 2222 ( IP: 8275)',1,1,1,1,1,'2020-05-03',30,0,1,'N',1,0,'2020-04-16','2020-05-25','B','#20 nhan vien kinh doanh cac quan 5, 6, 8, binh tan, binh chanh company #20 cong ty co phan vien thong fpt telecom duoc danh gia la nha cung cap dich vu internet (isp) co chinh sach dich vu tot nhat tai viet nam. trong dung nhan tai va phat trien nguon nhan luc luon la muc tieu hang dau trong cac chien luoc phat trien cua chung toi. o fpt telecom ban se duoc lam viec trong moi truong an toan, thu nhap canh tranh va cac chuong trinh dao tao phat trien. - tim kiem thong tin, tiep can cac khach hang tiem nang. - tu van, giai thich cho khach hang ve dich vu internet bang rong (adsl), internet cap quang (ftth) do fpt telecom dang cung cap. - xuc tien viec ky ket hop dong, dam phan thuong luong, thuc hien ca c thu tuc ky ket hop dong voi khach hang. * quyen loi: - luong: co ban + hoa hong + doanh so + thuong cuc k y hap dan - che do thang tien ro rang - duoc tham gia cac khoa dao tao ve san pham va ky nang. - bao hiem nha nuoc + bao hiem ca o cap danh cho nhan vien va nguoi than fpt (fpt care). - tham gia cac hoat dong phong trao (hang nam, chung toi co rat nhieu hoat dong nham cham lo doi song van hoa tinh than cho cnbv cong ty) - duoc xet mua co phieu theo chinh sach cong ty. va nhieu quyen loi k hac. - nam, tot nghiep ptth tro len, lam viec toan thoi gian - can cu chiu kho, khong ngai cong viec phai ra ngoai thi truong - dam me kinh doanh - kha nang giai quyet tinh huong tot - ngoai hinh de nhin, noi chuyen luu loat, troi chay - chiu duoc cong viec ap luc cao - uu tien ung vien co kinh nghiem ban hang, vien thong… 20 phan dinh giot, p. 2 ho chi minh(vi) ho chi minh ho chi minh(ja) ho chi minh(kh) ho chi minh(th) ho chi minh(id) mysql mysql mysql mysql mysql','#20 nhân viên kinh doanh các quận 5, 6, 8, bình tân, bình chánh company #20 công ty cổ phần viễn thông fpt telecom được đánh giá là nhà cung cấp dịch vụ internet (isp) có chính sách dịch vụ tốt nhất tại việt nam. trọng dụng nhân tài và phát triển nguồn nhân lực luôn là mục tiêu hàng đầu trong các chiến lược phát triển của chúng tôi. ở fpt telecom bạn sẽ được làm việc trong môi trường an toàn, thu nhập cạnh tranh và các chương trình đào tạo phát triển. - tìm kiếm thông tin, tiếp cận các khách hàng tiềm năng. - tư vấn, giải thích cho khách hàng về dịch vụ internet băng rộng (adsl), internet cáp quang (ftth) do fpt telecom đang cung cấp. - xúc tiến việc ký kết hợp đồng, đàm phán thương lượng, thực hiện cá c thủ tục ký kết hợp đồng với khách hàng. * quyền lợi: - lương: cơ bản + hoa hồng + doanh số + thưởng cực k ỳ hấp dẫn - chế độ thăng tiến rõ ràng - được tham gia các khóa đào tạo về sản phẩm và kỹ năng. - bảo hiểm nhà nước + bảo hiểm ca o cấp dành cho nhân viên và người thân fpt (fpt care). - tham gia các hoạt động phong trào (hàng năm, chúng tôi có rất nhiều hoạt động nhằm chăm lo đời sống văn hóa tinh thần cho cnbv công ty) - được xét mua cổ phiếu theo chính sách công ty. và nhiều quyền lợi k hác. - nam, tốt nghiệp ptth trở lên, làm việc toàn thời gian - cần cù chịu khó, không ngại công việc phải ra ngoài thị trường - đam mê kinh doanh - khả năng giải quyết tình huống tốt - ngoại hình dễ nhìn, nói chuyện lưu loát, trôi chảy - chịu được công việc áp lực cao - ưu tiên ứng viên có kinh nghiệm bán hàng, viễn thông… 20 phan đình giót, p. 2 ho chi minh(vi) ho chi minh ho chi minh(ja) ho chi minh(kh) ho chi minh(th) ho chi minh(id) mysql mysql mysql mysql mysql','ban nhan su 08 7300 2222 ( ip: 8350) 08 7300 8889 career1@careerlink.vn career2@careerlink.vn ms. ngoc diem 08 7300 2222 ( ip: 8275)','ban nhân sự 08 7300 2222 ( ip: 8350) 08 7300 8889 career1@careerlink.vn career2@careerlink.vn ms. ngọc diễm 08 7300 2222 ( ip: 8275)','Company #20','2020-05-06 09:52:24','2020-05-06 09:52:24','C',1,1,'<div style=\"text-align: justify;\"><span style=\"font-weight: bold;\">Công ty Cổ phần Viễn thông FPT Telecom được đánh giá là nhà cung cấp dịch vụ Internet (ISP) có chính sách dịch vụ tốt nhất tại Việt Nam.  Trọng dụng nhân tài và phát triển nguồn nhân lực luôn là mục tiêu hàng đầu trong các chiến lược phát triển của chúng tôi. Ở FPT Telecom bạn sẽ được làm việc trong môi trường an toàn, thu nhập cạnh tranh và các chương trình đào tạo phát triển.</span></div>','A','www.careerlink.vn',0,'2020-05-03 09:52:23',0,1,NULL,NULL),(21,1,2,1,14,5,1,21,NULL,0,1,21,'A','#21 Nhân Viên Kinh Doanh Các Quận 5, 6, 8, Bình Tân, Bình Chánh',NULL,'A','T','I',3531102,6420542,18,NULL,'M','<div style=\"text-align: justify;\">- Tìm kiếm thông tin, tiếp cận các khách hàng tiềm năng. <br>-\n               Tư vấn, giải thích cho khách hàng về dịch vụ&nbsp;Internet băng rộng\n               (ADSL),&nbsp;Internet cáp quang (FTTH) do FPT Telecom đang cung cấp.<br>- Xúc tiến việc ký kết hợp đồng, đàm phán thương lượng, thực hiện cá\n               c thủ tục ký kết hợp đồng với khách hàng.\n               <br>* <span style=\"font-weight: bold; text-decoration: underline;\">Quyền lợi:</span><br>- Lương: cơ bản + hoa hồng + doanh số + thưởng cực k\n               ỳ hấp dẫn <br>- Chế độ thăng tiến rõ ràng <br>- Được tham gia các khóa đào tạo về sản phẩm và kỹ năng. <br>- Bảo hiểm nhà nước + Bảo hiểm ca\n               o cấp dành cho Nhân viên và người thân FPT (FPT Care). <br>- Tham gia các hoạt động Phong trào (Hàng năm, chúng tôi có rất nhiều\n               hoạt động nhằm chăm lo đời sống văn hóa tinh thần cho CNBV công ty)<br>- Được xét mua Cổ phiếu theo chính sách công ty. Và nhiều quyền lợi k\n             hác.<br></div>','A','- Nam, Tốt nghiệp PTTH trở lên, làm việc toàn thời gian\n              <br>- Cần cù chịu khó, không ngại công việc phải ra ngoài thị trường\n              <br>- Đam mê kinh doanh\n              <br>- Khả năng giải quyết tình huống tốt\n              <br>- Ngoại hình dễ nhìn, nói chuyện lưu loát, trôi chảy\n              <br>- Chịu được công việc áp lực cao\n              <br>- Ưu tiên ứng viên có kinh nghiệm bán hàng, viễn thông…',1,1,1,0,NULL,'20 Phan Đình Giót, P. 2',NULL,'Ban Nhân sự','08 7300 2222 ( IP: 8350)','08 7300 8889',NULL,'[\"career1@careerlink.vn\",\"career2@careerlink.vn\"]','Ms. Ngọc Diễm','08 7300 2222 ( IP: 8275)',1,1,1,1,1,'2020-05-03',30,0,0,'N',1,0,'2020-04-27','2020-05-30','B','#21 nhan vien kinh doanh cac quan 5, 6, 8, binh tan, binh chanh company #21 cong ty co phan vien thong fpt telecom duoc danh gia la nha cung cap dich vu internet (isp) co chinh sach dich vu tot nhat tai viet nam. trong dung nhan tai va phat trien nguon nhan luc luon la muc tieu hang dau trong cac chien luoc phat trien cua chung toi. o fpt telecom ban se duoc lam viec trong moi truong an toan, thu nhap canh tranh va cac chuong trinh dao tao phat trien. - tim kiem thong tin, tiep can cac khach hang tiem nang. - tu van, giai thich cho khach hang ve dich vu internet bang rong (adsl), internet cap quang (ftth) do fpt telecom dang cung cap. - xuc tien viec ky ket hop dong, dam phan thuong luong, thuc hien ca c thu tuc ky ket hop dong voi khach hang. * quyen loi: - luong: co ban + hoa hong + doanh so + thuong cuc k y hap dan - che do thang tien ro rang - duoc tham gia cac khoa dao tao ve san pham va ky nang. - bao hiem nha nuoc + bao hiem ca o cap danh cho nhan vien va nguoi than fpt (fpt care). - tham gia cac hoat dong phong trao (hang nam, chung toi co rat nhieu hoat dong nham cham lo doi song van hoa tinh than cho cnbv cong ty) - duoc xet mua co phieu theo chinh sach cong ty. va nhieu quyen loi k hac. - nam, tot nghiep ptth tro len, lam viec toan thoi gian - can cu chiu kho, khong ngai cong viec phai ra ngoai thi truong - dam me kinh doanh - kha nang giai quyet tinh huong tot - ngoai hinh de nhin, noi chuyen luu loat, troi chay - chiu duoc cong viec ap luc cao - uu tien ung vien co kinh nghiem ban hang, vien thong… 20 phan dinh giot, p. 2 ho chi minh(vi) ho chi minh ho chi minh(ja) ho chi minh(kh) ho chi minh(th) ho chi minh(id) joomla joomla joomla joomla joomla quan tan binh tan binh district tan binh区 java java java java java css css css css css khach san hotel ホテル សណ្ឋាគារ โรงแรม','#21 nhân viên kinh doanh các quận 5, 6, 8, bình tân, bình chánh company #21 công ty cổ phần viễn thông fpt telecom được đánh giá là nhà cung cấp dịch vụ internet (isp) có chính sách dịch vụ tốt nhất tại việt nam. trọng dụng nhân tài và phát triển nguồn nhân lực luôn là mục tiêu hàng đầu trong các chiến lược phát triển của chúng tôi. ở fpt telecom bạn sẽ được làm việc trong môi trường an toàn, thu nhập cạnh tranh và các chương trình đào tạo phát triển. - tìm kiếm thông tin, tiếp cận các khách hàng tiềm năng. - tư vấn, giải thích cho khách hàng về dịch vụ internet băng rộng (adsl), internet cáp quang (ftth) do fpt telecom đang cung cấp. - xúc tiến việc ký kết hợp đồng, đàm phán thương lượng, thực hiện cá c thủ tục ký kết hợp đồng với khách hàng. * quyền lợi: - lương: cơ bản + hoa hồng + doanh số + thưởng cực k ỳ hấp dẫn - chế độ thăng tiến rõ ràng - được tham gia các khóa đào tạo về sản phẩm và kỹ năng. - bảo hiểm nhà nước + bảo hiểm ca o cấp dành cho nhân viên và người thân fpt (fpt care). - tham gia các hoạt động phong trào (hàng năm, chúng tôi có rất nhiều hoạt động nhằm chăm lo đời sống văn hóa tinh thần cho cnbv công ty) - được xét mua cổ phiếu theo chính sách công ty. và nhiều quyền lợi k hác. - nam, tốt nghiệp ptth trở lên, làm việc toàn thời gian - cần cù chịu khó, không ngại công việc phải ra ngoài thị trường - đam mê kinh doanh - khả năng giải quyết tình huống tốt - ngoại hình dễ nhìn, nói chuyện lưu loát, trôi chảy - chịu được công việc áp lực cao - ưu tiên ứng viên có kinh nghiệm bán hàng, viễn thông… 20 phan đình giót, p. 2 ho chi minh(vi) ho chi minh ho chi minh(ja) ho chi minh(kh) ho chi minh(th) ho chi minh(id) joomla joomla joomla joomla joomla quận tân bình tan binh district tan binh区 java java java java java css css css css css khách sạn hotel ホテル សណ្ឋាគារ โรงแรม','ban nhan su 08 7300 2222 ( ip: 8350) 08 7300 8889 career1@careerlink.vn career2@careerlink.vn ms. ngoc diem 08 7300 2222 ( ip: 8275)','ban nhân sự 08 7300 2222 ( ip: 8350) 08 7300 8889 career1@careerlink.vn career2@careerlink.vn ms. ngọc diễm 08 7300 2222 ( ip: 8275)','Company #21','2020-05-06 09:52:24','2020-05-06 09:52:24','C',1,1,'<div style=\"text-align: justify;\"><span style=\"font-weight: bold;\">Công ty Cổ phần Viễn thông FPT Telecom được đánh giá là nhà cung cấp dịch vụ Internet (ISP) có chính sách dịch vụ tốt nhất tại Việt Nam.  Trọng dụng nhân tài và phát triển nguồn nhân lực luôn là mục tiêu hàng đầu trong các chiến lược phát triển của chúng tôi. Ở FPT Telecom bạn sẽ được làm việc trong môi trường an toàn, thu nhập cạnh tranh và các chương trình đào tạo phát triển.</span></div>','A','www.careerlink.vn',0,'2020-05-03 09:52:23',0,1,2,2),(22,1,2,1,14,5,1,22,NULL,0,1,22,'A','#22 Nhân Viên Kinh Doanh Các Quận 5, 6, 8, Bình Tân, Bình Chánh',NULL,'A','S','N',NULL,NULL,18,NULL,'M','<div style=\"text-align: justify;\">- Tìm kiếm thông tin, tiếp cận các khách hàng tiềm năng. <br>-\n               Tư vấn, giải thích cho khách hàng về dịch vụ&nbsp;Internet băng rộng\n               (ADSL),&nbsp;Internet cáp quang (FTTH) do FPT Telecom đang cung cấp.<br>- Xúc tiến việc ký kết hợp đồng, đàm phán thương lượng, thực hiện cá\n               c thủ tục ký kết hợp đồng với khách hàng.\n               <br>* <span style=\"font-weight: bold; text-decoration: underline;\">Quyền lợi:</span><br>- Lương: cơ bản + hoa hồng + doanh số + thưởng cực k\n               ỳ hấp dẫn <br>- Chế độ thăng tiến rõ ràng <br>- Được tham gia các khóa đào tạo về sản phẩm và kỹ năng. <br>- Bảo hiểm nhà nước + Bảo hiểm ca\n               o cấp dành cho Nhân viên và người thân FPT (FPT Care). <br>- Tham gia các hoạt động Phong trào (Hàng năm, chúng tôi có rất nhiều\n               hoạt động nhằm chăm lo đời sống văn hóa tinh thần cho CNBV công ty)<br>- Được xét mua Cổ phiếu theo chính sách công ty. Và nhiều quyền lợi k\n             hác.<br></div>','A','- Nam, Tốt nghiệp PTTH trở lên, làm việc toàn thời gian\n              <br>- Cần cù chịu khó, không ngại công việc phải ra ngoài thị trường\n              <br>- Đam mê kinh doanh\n              <br>- Khả năng giải quyết tình huống tốt\n              <br>- Ngoại hình dễ nhìn, nói chuyện lưu loát, trôi chảy\n              <br>- Chịu được công việc áp lực cao\n              <br>- Ưu tiên ứng viên có kinh nghiệm bán hàng, viễn thông…',1,1,1,0,NULL,'20 Phan Đình Giót, P. 2',NULL,'Ban Nhân sự','08 7300 2222 ( IP: 8350)','08 7300 8889',NULL,'[\"career1@careerlink.vn\",\"career2@careerlink.vn\"]','Ms. Ngọc Diễm','08 7300 2222 ( IP: 8275)',1,1,1,1,1,'2020-05-05',30,0,1,'N',1,0,'2020-05-05','2020-05-08','B','#22 nhan vien kinh doanh cac quan 5, 6, 8, binh tan, binh chanh company #22 cong ty co phan vien thong fpt telecom duoc danh gia la nha cung cap dich vu internet (isp) co chinh sach dich vu tot nhat tai viet nam. trong dung nhan tai va phat trien nguon nhan luc luon la muc tieu hang dau trong cac chien luoc phat trien cua chung toi. o fpt telecom ban se duoc lam viec trong moi truong an toan, thu nhap canh tranh va cac chuong trinh dao tao phat trien. - tim kiem thong tin, tiep can cac khach hang tiem nang. - tu van, giai thich cho khach hang ve dich vu internet bang rong (adsl), internet cap quang (ftth) do fpt telecom dang cung cap. - xuc tien viec ky ket hop dong, dam phan thuong luong, thuc hien ca c thu tuc ky ket hop dong voi khach hang. * quyen loi: - luong: co ban + hoa hong + doanh so + thuong cuc k y hap dan - che do thang tien ro rang - duoc tham gia cac khoa dao tao ve san pham va ky nang. - bao hiem nha nuoc + bao hiem ca o cap danh cho nhan vien va nguoi than fpt (fpt care). - tham gia cac hoat dong phong trao (hang nam, chung toi co rat nhieu hoat dong nham cham lo doi song van hoa tinh than cho cnbv cong ty) - duoc xet mua co phieu theo chinh sach cong ty. va nhieu quyen loi k hac. - nam, tot nghiep ptth tro len, lam viec toan thoi gian - can cu chiu kho, khong ngai cong viec phai ra ngoai thi truong - dam me kinh doanh - kha nang giai quyet tinh huong tot - ngoai hinh de nhin, noi chuyen luu loat, troi chay - chiu duoc cong viec ap luc cao - uu tien ung vien co kinh nghiem ban hang, vien thong… 20 phan dinh giot, p. 2 ho chi minh(vi) ho chi minh ho chi minh(ja) ho chi minh(kh) ho chi minh(th) ho chi minh(id) css css css css css php php php php php tieng viet vietnamese ベトナム語','#22 nhân viên kinh doanh các quận 5, 6, 8, bình tân, bình chánh company #22 công ty cổ phần viễn thông fpt telecom được đánh giá là nhà cung cấp dịch vụ internet (isp) có chính sách dịch vụ tốt nhất tại việt nam. trọng dụng nhân tài và phát triển nguồn nhân lực luôn là mục tiêu hàng đầu trong các chiến lược phát triển của chúng tôi. ở fpt telecom bạn sẽ được làm việc trong môi trường an toàn, thu nhập cạnh tranh và các chương trình đào tạo phát triển. - tìm kiếm thông tin, tiếp cận các khách hàng tiềm năng. - tư vấn, giải thích cho khách hàng về dịch vụ internet băng rộng (adsl), internet cáp quang (ftth) do fpt telecom đang cung cấp. - xúc tiến việc ký kết hợp đồng, đàm phán thương lượng, thực hiện cá c thủ tục ký kết hợp đồng với khách hàng. * quyền lợi: - lương: cơ bản + hoa hồng + doanh số + thưởng cực k ỳ hấp dẫn - chế độ thăng tiến rõ ràng - được tham gia các khóa đào tạo về sản phẩm và kỹ năng. - bảo hiểm nhà nước + bảo hiểm ca o cấp dành cho nhân viên và người thân fpt (fpt care). - tham gia các hoạt động phong trào (hàng năm, chúng tôi có rất nhiều hoạt động nhằm chăm lo đời sống văn hóa tinh thần cho cnbv công ty) - được xét mua cổ phiếu theo chính sách công ty. và nhiều quyền lợi k hác. - nam, tốt nghiệp ptth trở lên, làm việc toàn thời gian - cần cù chịu khó, không ngại công việc phải ra ngoài thị trường - đam mê kinh doanh - khả năng giải quyết tình huống tốt - ngoại hình dễ nhìn, nói chuyện lưu loát, trôi chảy - chịu được công việc áp lực cao - ưu tiên ứng viên có kinh nghiệm bán hàng, viễn thông… 20 phan đình giót, p. 2 ho chi minh(vi) ho chi minh ho chi minh(ja) ho chi minh(kh) ho chi minh(th) ho chi minh(id) css css css css css php php php php php tiếng việt vietnamese ベトナム語','ban nhan su 08 7300 2222 ( ip: 8350) 08 7300 8889 career1@careerlink.vn career2@careerlink.vn ms. ngoc diem 08 7300 2222 ( ip: 8275)','ban nhân sự 08 7300 2222 ( ip: 8350) 08 7300 8889 career1@careerlink.vn career2@careerlink.vn ms. ngọc diễm 08 7300 2222 ( ip: 8275)','Company #22','2020-05-06 09:52:24','2020-05-06 09:52:24','C',1,1,'<div style=\"text-align: justify;\"><span style=\"font-weight: bold;\">Công ty Cổ phần Viễn thông FPT Telecom được đánh giá là nhà cung cấp dịch vụ Internet (ISP) có chính sách dịch vụ tốt nhất tại Việt Nam.  Trọng dụng nhân tài và phát triển nguồn nhân lực luôn là mục tiêu hàng đầu trong các chiến lược phát triển của chúng tôi. Ở FPT Telecom bạn sẽ được làm việc trong môi trường an toàn, thu nhập cạnh tranh và các chương trình đào tạo phát triển.</span></div>','A','www.careerlink.vn',0,'2020-05-05 09:52:23',0,1,NULL,NULL),(23,1,2,1,14,5,1,23,NULL,0,1,23,'A','#23 Nhân Viên Kinh Doanh Các Quận 5, 6, 8, Bình Tân, Bình Chánh',NULL,'A','L','M',2434446,NULL,18,NULL,'M','<div style=\"text-align: justify;\">- Tìm kiếm thông tin, tiếp cận các khách hàng tiềm năng. <br>-\n               Tư vấn, giải thích cho khách hàng về dịch vụ&nbsp;Internet băng rộng\n               (ADSL),&nbsp;Internet cáp quang (FTTH) do FPT Telecom đang cung cấp.<br>- Xúc tiến việc ký kết hợp đồng, đàm phán thương lượng, thực hiện cá\n               c thủ tục ký kết hợp đồng với khách hàng.\n               <br>* <span style=\"font-weight: bold; text-decoration: underline;\">Quyền lợi:</span><br>- Lương: cơ bản + hoa hồng + doanh số + thưởng cực k\n               ỳ hấp dẫn <br>- Chế độ thăng tiến rõ ràng <br>- Được tham gia các khóa đào tạo về sản phẩm và kỹ năng. <br>- Bảo hiểm nhà nước + Bảo hiểm ca\n               o cấp dành cho Nhân viên và người thân FPT (FPT Care). <br>- Tham gia các hoạt động Phong trào (Hàng năm, chúng tôi có rất nhiều\n               hoạt động nhằm chăm lo đời sống văn hóa tinh thần cho CNBV công ty)<br>- Được xét mua Cổ phiếu theo chính sách công ty. Và nhiều quyền lợi k\n             hác.<br></div>','A','- Nam, Tốt nghiệp PTTH trở lên, làm việc toàn thời gian\n              <br>- Cần cù chịu khó, không ngại công việc phải ra ngoài thị trường\n              <br>- Đam mê kinh doanh\n              <br>- Khả năng giải quyết tình huống tốt\n              <br>- Ngoại hình dễ nhìn, nói chuyện lưu loát, trôi chảy\n              <br>- Chịu được công việc áp lực cao\n              <br>- Ưu tiên ứng viên có kinh nghiệm bán hàng, viễn thông…',1,1,1,0,NULL,'20 Phan Đình Giót, P. 2',NULL,'Ban Nhân sự','08 7300 2222 ( IP: 8350)','08 7300 8889',NULL,'[\"career1@careerlink.vn\",\"career2@careerlink.vn\"]','Ms. Ngọc Diễm','08 7300 2222 ( IP: 8275)',1,1,1,1,1,'2020-05-05',30,0,1,'N',1,0,'2020-05-02','2020-05-18','B','#23 nhan vien kinh doanh cac quan 5, 6, 8, binh tan, binh chanh company #23 cong ty co phan vien thong fpt telecom duoc danh gia la nha cung cap dich vu internet (isp) co chinh sach dich vu tot nhat tai viet nam. trong dung nhan tai va phat trien nguon nhan luc luon la muc tieu hang dau trong cac chien luoc phat trien cua chung toi. o fpt telecom ban se duoc lam viec trong moi truong an toan, thu nhap canh tranh va cac chuong trinh dao tao phat trien. - tim kiem thong tin, tiep can cac khach hang tiem nang. - tu van, giai thich cho khach hang ve dich vu internet bang rong (adsl), internet cap quang (ftth) do fpt telecom dang cung cap. - xuc tien viec ky ket hop dong, dam phan thuong luong, thuc hien ca c thu tuc ky ket hop dong voi khach hang. * quyen loi: - luong: co ban + hoa hong + doanh so + thuong cuc k y hap dan - che do thang tien ro rang - duoc tham gia cac khoa dao tao ve san pham va ky nang. - bao hiem nha nuoc + bao hiem ca o cap danh cho nhan vien va nguoi than fpt (fpt care). - tham gia cac hoat dong phong trao (hang nam, chung toi co rat nhieu hoat dong nham cham lo doi song van hoa tinh than cho cnbv cong ty) - duoc xet mua co phieu theo chinh sach cong ty. va nhieu quyen loi k hac. - nam, tot nghiep ptth tro len, lam viec toan thoi gian - can cu chiu kho, khong ngai cong viec phai ra ngoai thi truong - dam me kinh doanh - kha nang giai quyet tinh huong tot - ngoai hinh de nhin, noi chuyen luu loat, troi chay - chiu duoc cong viec ap luc cao - uu tien ung vien co kinh nghiem ban hang, vien thong… 20 phan dinh giot, p. 2 ho chi minh(vi) ho chi minh ho chi minh(ja) ho chi minh(kh) ho chi minh(th) ho chi minh(id) khach san hotel ホテル សណ្ឋាគារ โรงแรม quan tan binh tan binh district tan binh区','#23 nhân viên kinh doanh các quận 5, 6, 8, bình tân, bình chánh company #23 công ty cổ phần viễn thông fpt telecom được đánh giá là nhà cung cấp dịch vụ internet (isp) có chính sách dịch vụ tốt nhất tại việt nam. trọng dụng nhân tài và phát triển nguồn nhân lực luôn là mục tiêu hàng đầu trong các chiến lược phát triển của chúng tôi. ở fpt telecom bạn sẽ được làm việc trong môi trường an toàn, thu nhập cạnh tranh và các chương trình đào tạo phát triển. - tìm kiếm thông tin, tiếp cận các khách hàng tiềm năng. - tư vấn, giải thích cho khách hàng về dịch vụ internet băng rộng (adsl), internet cáp quang (ftth) do fpt telecom đang cung cấp. - xúc tiến việc ký kết hợp đồng, đàm phán thương lượng, thực hiện cá c thủ tục ký kết hợp đồng với khách hàng. * quyền lợi: - lương: cơ bản + hoa hồng + doanh số + thưởng cực k ỳ hấp dẫn - chế độ thăng tiến rõ ràng - được tham gia các khóa đào tạo về sản phẩm và kỹ năng. - bảo hiểm nhà nước + bảo hiểm ca o cấp dành cho nhân viên và người thân fpt (fpt care). - tham gia các hoạt động phong trào (hàng năm, chúng tôi có rất nhiều hoạt động nhằm chăm lo đời sống văn hóa tinh thần cho cnbv công ty) - được xét mua cổ phiếu theo chính sách công ty. và nhiều quyền lợi k hác. - nam, tốt nghiệp ptth trở lên, làm việc toàn thời gian - cần cù chịu khó, không ngại công việc phải ra ngoài thị trường - đam mê kinh doanh - khả năng giải quyết tình huống tốt - ngoại hình dễ nhìn, nói chuyện lưu loát, trôi chảy - chịu được công việc áp lực cao - ưu tiên ứng viên có kinh nghiệm bán hàng, viễn thông… 20 phan đình giót, p. 2 ho chi minh(vi) ho chi minh ho chi minh(ja) ho chi minh(kh) ho chi minh(th) ho chi minh(id) khách sạn hotel ホテル សណ្ឋាគារ โรงแรม quận tân bình tan binh district tan binh区','ban nhan su 08 7300 2222 ( ip: 8350) 08 7300 8889 career1@careerlink.vn career2@careerlink.vn ms. ngoc diem 08 7300 2222 ( ip: 8275)','ban nhân sự 08 7300 2222 ( ip: 8350) 08 7300 8889 career1@careerlink.vn career2@careerlink.vn ms. ngọc diễm 08 7300 2222 ( ip: 8275)','Company #23','2020-05-06 09:52:24','2020-05-06 09:52:24','C',1,1,'<div style=\"text-align: justify;\"><span style=\"font-weight: bold;\">Công ty Cổ phần Viễn thông FPT Telecom được đánh giá là nhà cung cấp dịch vụ Internet (ISP) có chính sách dịch vụ tốt nhất tại Việt Nam.  Trọng dụng nhân tài và phát triển nguồn nhân lực luôn là mục tiêu hàng đầu trong các chiến lược phát triển của chúng tôi. Ở FPT Telecom bạn sẽ được làm việc trong môi trường an toàn, thu nhập cạnh tranh và các chương trình đào tạo phát triển.</span></div>','A','www.careerlink.vn',0,'2020-05-05 10:16:08',0,1,2,NULL),(24,1,2,1,14,5,1,24,NULL,0,1,24,'A','#24 Nhân Viên Kinh Doanh Các Quận 5, 6, 8, Bình Tân, Bình Chánh',NULL,'A','L','M',1520265,NULL,18,NULL,'M','<div style=\"text-align: justify;\">- Tìm kiếm thông tin, tiếp cận các khách hàng tiềm năng. <br>-\n               Tư vấn, giải thích cho khách hàng về dịch vụ&nbsp;Internet băng rộng\n               (ADSL),&nbsp;Internet cáp quang (FTTH) do FPT Telecom đang cung cấp.<br>- Xúc tiến việc ký kết hợp đồng, đàm phán thương lượng, thực hiện cá\n               c thủ tục ký kết hợp đồng với khách hàng.\n               <br>* <span style=\"font-weight: bold; text-decoration: underline;\">Quyền lợi:</span><br>- Lương: cơ bản + hoa hồng + doanh số + thưởng cực k\n               ỳ hấp dẫn <br>- Chế độ thăng tiến rõ ràng <br>- Được tham gia các khóa đào tạo về sản phẩm và kỹ năng. <br>- Bảo hiểm nhà nước + Bảo hiểm ca\n               o cấp dành cho Nhân viên và người thân FPT (FPT Care). <br>- Tham gia các hoạt động Phong trào (Hàng năm, chúng tôi có rất nhiều\n               hoạt động nhằm chăm lo đời sống văn hóa tinh thần cho CNBV công ty)<br>- Được xét mua Cổ phiếu theo chính sách công ty. Và nhiều quyền lợi k\n             hác.<br></div>','A','- Nam, Tốt nghiệp PTTH trở lên, làm việc toàn thời gian\n              <br>- Cần cù chịu khó, không ngại công việc phải ra ngoài thị trường\n              <br>- Đam mê kinh doanh\n              <br>- Khả năng giải quyết tình huống tốt\n              <br>- Ngoại hình dễ nhìn, nói chuyện lưu loát, trôi chảy\n              <br>- Chịu được công việc áp lực cao\n              <br>- Ưu tiên ứng viên có kinh nghiệm bán hàng, viễn thông…',1,1,1,0,NULL,'20 Phan Đình Giót, P. 2',NULL,'Ban Nhân sự','08 7300 2222 ( IP: 8350)','08 7300 8889',NULL,'[\"career1@careerlink.vn\",\"career2@careerlink.vn\"]','Ms. Ngọc Diễm','08 7300 2222 ( IP: 8275)',1,1,1,1,1,'2020-05-05',30,0,1,'N',1,0,'2020-04-20','2020-05-07','B','#24 nhan vien kinh doanh cac quan 5, 6, 8, binh tan, binh chanh company #24 cong ty co phan vien thong fpt telecom duoc danh gia la nha cung cap dich vu internet (isp) co chinh sach dich vu tot nhat tai viet nam. trong dung nhan tai va phat trien nguon nhan luc luon la muc tieu hang dau trong cac chien luoc phat trien cua chung toi. o fpt telecom ban se duoc lam viec trong moi truong an toan, thu nhap canh tranh va cac chuong trinh dao tao phat trien. - tim kiem thong tin, tiep can cac khach hang tiem nang. - tu van, giai thich cho khach hang ve dich vu internet bang rong (adsl), internet cap quang (ftth) do fpt telecom dang cung cap. - xuc tien viec ky ket hop dong, dam phan thuong luong, thuc hien ca c thu tuc ky ket hop dong voi khach hang. * quyen loi: - luong: co ban + hoa hong + doanh so + thuong cuc k y hap dan - che do thang tien ro rang - duoc tham gia cac khoa dao tao ve san pham va ky nang. - bao hiem nha nuoc + bao hiem ca o cap danh cho nhan vien va nguoi than fpt (fpt care). - tham gia cac hoat dong phong trao (hang nam, chung toi co rat nhieu hoat dong nham cham lo doi song van hoa tinh than cho cnbv cong ty) - duoc xet mua co phieu theo chinh sach cong ty. va nhieu quyen loi k hac. - nam, tot nghiep ptth tro len, lam viec toan thoi gian - can cu chiu kho, khong ngai cong viec phai ra ngoai thi truong - dam me kinh doanh - kha nang giai quyet tinh huong tot - ngoai hinh de nhin, noi chuyen luu loat, troi chay - chiu duoc cong viec ap luc cao - uu tien ung vien co kinh nghiem ban hang, vien thong… 20 phan dinh giot, p. 2 ho chi minh(vi) ho chi minh ho chi minh(ja) ho chi minh(kh) ho chi minh(th) ho chi minh(id) du an project プロジェクト គម្រោង โครงการ','#24 nhân viên kinh doanh các quận 5, 6, 8, bình tân, bình chánh company #24 công ty cổ phần viễn thông fpt telecom được đánh giá là nhà cung cấp dịch vụ internet (isp) có chính sách dịch vụ tốt nhất tại việt nam. trọng dụng nhân tài và phát triển nguồn nhân lực luôn là mục tiêu hàng đầu trong các chiến lược phát triển của chúng tôi. ở fpt telecom bạn sẽ được làm việc trong môi trường an toàn, thu nhập cạnh tranh và các chương trình đào tạo phát triển. - tìm kiếm thông tin, tiếp cận các khách hàng tiềm năng. - tư vấn, giải thích cho khách hàng về dịch vụ internet băng rộng (adsl), internet cáp quang (ftth) do fpt telecom đang cung cấp. - xúc tiến việc ký kết hợp đồng, đàm phán thương lượng, thực hiện cá c thủ tục ký kết hợp đồng với khách hàng. * quyền lợi: - lương: cơ bản + hoa hồng + doanh số + thưởng cực k ỳ hấp dẫn - chế độ thăng tiến rõ ràng - được tham gia các khóa đào tạo về sản phẩm và kỹ năng. - bảo hiểm nhà nước + bảo hiểm ca o cấp dành cho nhân viên và người thân fpt (fpt care). - tham gia các hoạt động phong trào (hàng năm, chúng tôi có rất nhiều hoạt động nhằm chăm lo đời sống văn hóa tinh thần cho cnbv công ty) - được xét mua cổ phiếu theo chính sách công ty. và nhiều quyền lợi k hác. - nam, tốt nghiệp ptth trở lên, làm việc toàn thời gian - cần cù chịu khó, không ngại công việc phải ra ngoài thị trường - đam mê kinh doanh - khả năng giải quyết tình huống tốt - ngoại hình dễ nhìn, nói chuyện lưu loát, trôi chảy - chịu được công việc áp lực cao - ưu tiên ứng viên có kinh nghiệm bán hàng, viễn thông… 20 phan đình giót, p. 2 ho chi minh(vi) ho chi minh ho chi minh(ja) ho chi minh(kh) ho chi minh(th) ho chi minh(id) dự án project プロジェクト គម្រោង โครงการ','ban nhan su 08 7300 2222 ( ip: 8350) 08 7300 8889 career1@careerlink.vn career2@careerlink.vn ms. ngoc diem 08 7300 2222 ( ip: 8275)','ban nhân sự 08 7300 2222 ( ip: 8350) 08 7300 8889 career1@careerlink.vn career2@careerlink.vn ms. ngọc diễm 08 7300 2222 ( ip: 8275)','Company #24','2020-05-06 09:52:24','2020-05-06 09:52:24','C',1,1,'<div style=\"text-align: justify;\"><span style=\"font-weight: bold;\">Công ty Cổ phần Viễn thông FPT Telecom được đánh giá là nhà cung cấp dịch vụ Internet (ISP) có chính sách dịch vụ tốt nhất tại Việt Nam.  Trọng dụng nhân tài và phát triển nguồn nhân lực luôn là mục tiêu hàng đầu trong các chiến lược phát triển của chúng tôi. Ở FPT Telecom bạn sẽ được làm việc trong môi trường an toàn, thu nhập cạnh tranh và các chương trình đào tạo phát triển.</span></div>','A','www.careerlink.vn',0,'2020-05-05 11:44:48',0,1,2,NULL),(25,1,2,1,14,5,1,25,NULL,0,1,25,'A','#25 Nhân Viên Kinh Doanh Các Quận 5, 6, 8, Bình Tân, Bình Chánh',NULL,'A','E','I',3059867,9305536,18,NULL,'M','<div style=\"text-align: justify;\">- Tìm kiếm thông tin, tiếp cận các khách hàng tiềm năng. <br>-\n               Tư vấn, giải thích cho khách hàng về dịch vụ&nbsp;Internet băng rộng\n               (ADSL),&nbsp;Internet cáp quang (FTTH) do FPT Telecom đang cung cấp.<br>- Xúc tiến việc ký kết hợp đồng, đàm phán thương lượng, thực hiện cá\n               c thủ tục ký kết hợp đồng với khách hàng.\n               <br>* <span style=\"font-weight: bold; text-decoration: underline;\">Quyền lợi:</span><br>- Lương: cơ bản + hoa hồng + doanh số + thưởng cực k\n               ỳ hấp dẫn <br>- Chế độ thăng tiến rõ ràng <br>- Được tham gia các khóa đào tạo về sản phẩm và kỹ năng. <br>- Bảo hiểm nhà nước + Bảo hiểm ca\n               o cấp dành cho Nhân viên và người thân FPT (FPT Care). <br>- Tham gia các hoạt động Phong trào (Hàng năm, chúng tôi có rất nhiều\n               hoạt động nhằm chăm lo đời sống văn hóa tinh thần cho CNBV công ty)<br>- Được xét mua Cổ phiếu theo chính sách công ty. Và nhiều quyền lợi k\n             hác.<br></div>','A','- Nam, Tốt nghiệp PTTH trở lên, làm việc toàn thời gian\n              <br>- Cần cù chịu khó, không ngại công việc phải ra ngoài thị trường\n              <br>- Đam mê kinh doanh\n              <br>- Khả năng giải quyết tình huống tốt\n              <br>- Ngoại hình dễ nhìn, nói chuyện lưu loát, trôi chảy\n              <br>- Chịu được công việc áp lực cao\n              <br>- Ưu tiên ứng viên có kinh nghiệm bán hàng, viễn thông…',1,1,1,0,NULL,'20 Phan Đình Giót, P. 2',NULL,'Ban Nhân sự','08 7300 2222 ( IP: 8350)','08 7300 8889',NULL,'[\"career1@careerlink.vn\",\"career2@careerlink.vn\"]','Ms. Ngọc Diễm','08 7300 2222 ( IP: 8275)',1,1,1,1,1,'2020-05-05',30,0,1,'N',1,0,'2020-05-05','2020-05-08','B','#25 nhan vien kinh doanh cac quan 5, 6, 8, binh tan, binh chanh company #25 cong ty co phan vien thong fpt telecom duoc danh gia la nha cung cap dich vu internet (isp) co chinh sach dich vu tot nhat tai viet nam. trong dung nhan tai va phat trien nguon nhan luc luon la muc tieu hang dau trong cac chien luoc phat trien cua chung toi. o fpt telecom ban se duoc lam viec trong moi truong an toan, thu nhap canh tranh va cac chuong trinh dao tao phat trien. - tim kiem thong tin, tiep can cac khach hang tiem nang. - tu van, giai thich cho khach hang ve dich vu internet bang rong (adsl), internet cap quang (ftth) do fpt telecom dang cung cap. - xuc tien viec ky ket hop dong, dam phan thuong luong, thuc hien ca c thu tuc ky ket hop dong voi khach hang. * quyen loi: - luong: co ban + hoa hong + doanh so + thuong cuc k y hap dan - che do thang tien ro rang - duoc tham gia cac khoa dao tao ve san pham va ky nang. - bao hiem nha nuoc + bao hiem ca o cap danh cho nhan vien va nguoi than fpt (fpt care). - tham gia cac hoat dong phong trao (hang nam, chung toi co rat nhieu hoat dong nham cham lo doi song van hoa tinh than cho cnbv cong ty) - duoc xet mua co phieu theo chinh sach cong ty. va nhieu quyen loi k hac. - nam, tot nghiep ptth tro len, lam viec toan thoi gian - can cu chiu kho, khong ngai cong viec phai ra ngoai thi truong - dam me kinh doanh - kha nang giai quyet tinh huong tot - ngoai hinh de nhin, noi chuyen luu loat, troi chay - chiu duoc cong viec ap luc cao - uu tien ung vien co kinh nghiem ban hang, vien thong… 20 phan dinh giot, p. 2 ho chi minh(vi) ho chi minh ho chi minh(ja) ho chi minh(kh) ho chi minh(th) ho chi minh(id) java java java java java php php php php php','#25 nhân viên kinh doanh các quận 5, 6, 8, bình tân, bình chánh company #25 công ty cổ phần viễn thông fpt telecom được đánh giá là nhà cung cấp dịch vụ internet (isp) có chính sách dịch vụ tốt nhất tại việt nam. trọng dụng nhân tài và phát triển nguồn nhân lực luôn là mục tiêu hàng đầu trong các chiến lược phát triển của chúng tôi. ở fpt telecom bạn sẽ được làm việc trong môi trường an toàn, thu nhập cạnh tranh và các chương trình đào tạo phát triển. - tìm kiếm thông tin, tiếp cận các khách hàng tiềm năng. - tư vấn, giải thích cho khách hàng về dịch vụ internet băng rộng (adsl), internet cáp quang (ftth) do fpt telecom đang cung cấp. - xúc tiến việc ký kết hợp đồng, đàm phán thương lượng, thực hiện cá c thủ tục ký kết hợp đồng với khách hàng. * quyền lợi: - lương: cơ bản + hoa hồng + doanh số + thưởng cực k ỳ hấp dẫn - chế độ thăng tiến rõ ràng - được tham gia các khóa đào tạo về sản phẩm và kỹ năng. - bảo hiểm nhà nước + bảo hiểm ca o cấp dành cho nhân viên và người thân fpt (fpt care). - tham gia các hoạt động phong trào (hàng năm, chúng tôi có rất nhiều hoạt động nhằm chăm lo đời sống văn hóa tinh thần cho cnbv công ty) - được xét mua cổ phiếu theo chính sách công ty. và nhiều quyền lợi k hác. - nam, tốt nghiệp ptth trở lên, làm việc toàn thời gian - cần cù chịu khó, không ngại công việc phải ra ngoài thị trường - đam mê kinh doanh - khả năng giải quyết tình huống tốt - ngoại hình dễ nhìn, nói chuyện lưu loát, trôi chảy - chịu được công việc áp lực cao - ưu tiên ứng viên có kinh nghiệm bán hàng, viễn thông… 20 phan đình giót, p. 2 ho chi minh(vi) ho chi minh ho chi minh(ja) ho chi minh(kh) ho chi minh(th) ho chi minh(id) java java java java java php php php php php','ban nhan su 08 7300 2222 ( ip: 8350) 08 7300 8889 career1@careerlink.vn career2@careerlink.vn ms. ngoc diem 08 7300 2222 ( ip: 8275)','ban nhân sự 08 7300 2222 ( ip: 8350) 08 7300 8889 career1@careerlink.vn career2@careerlink.vn ms. ngọc diễm 08 7300 2222 ( ip: 8275)','Company #25','2020-05-06 09:52:24','2020-05-06 09:52:24','C',1,1,'<div style=\"text-align: justify;\"><span style=\"font-weight: bold;\">Công ty Cổ phần Viễn thông FPT Telecom được đánh giá là nhà cung cấp dịch vụ Internet (ISP) có chính sách dịch vụ tốt nhất tại Việt Nam.  Trọng dụng nhân tài và phát triển nguồn nhân lực luôn là mục tiêu hàng đầu trong các chiến lược phát triển của chúng tôi. Ở FPT Telecom bạn sẽ được làm việc trong môi trường an toàn, thu nhập cạnh tranh và các chương trình đào tạo phát triển.</span></div>','A','www.careerlink.vn',0,'2020-05-05 11:47:33',0,1,2,2),(26,1,2,1,14,5,1,26,NULL,0,1,26,'A','#26 Nhân Viên Kinh Doanh Các Quận 5, 6, 8, Bình Tân, Bình Chánh',NULL,'A','P','N',NULL,NULL,18,NULL,'M','<div style=\"text-align: justify;\">- Tìm kiếm thông tin, tiếp cận các khách hàng tiềm năng. <br>-\n               Tư vấn, giải thích cho khách hàng về dịch vụ&nbsp;Internet băng rộng\n               (ADSL),&nbsp;Internet cáp quang (FTTH) do FPT Telecom đang cung cấp.<br>- Xúc tiến việc ký kết hợp đồng, đàm phán thương lượng, thực hiện cá\n               c thủ tục ký kết hợp đồng với khách hàng.\n               <br>* <span style=\"font-weight: bold; text-decoration: underline;\">Quyền lợi:</span><br>- Lương: cơ bản + hoa hồng + doanh số + thưởng cực k\n               ỳ hấp dẫn <br>- Chế độ thăng tiến rõ ràng <br>- Được tham gia các khóa đào tạo về sản phẩm và kỹ năng. <br>- Bảo hiểm nhà nước + Bảo hiểm ca\n               o cấp dành cho Nhân viên và người thân FPT (FPT Care). <br>- Tham gia các hoạt động Phong trào (Hàng năm, chúng tôi có rất nhiều\n               hoạt động nhằm chăm lo đời sống văn hóa tinh thần cho CNBV công ty)<br>- Được xét mua Cổ phiếu theo chính sách công ty. Và nhiều quyền lợi k\n             hác.<br></div>','A','- Nam, Tốt nghiệp PTTH trở lên, làm việc toàn thời gian\n              <br>- Cần cù chịu khó, không ngại công việc phải ra ngoài thị trường\n              <br>- Đam mê kinh doanh\n              <br>- Khả năng giải quyết tình huống tốt\n              <br>- Ngoại hình dễ nhìn, nói chuyện lưu loát, trôi chảy\n              <br>- Chịu được công việc áp lực cao\n              <br>- Ưu tiên ứng viên có kinh nghiệm bán hàng, viễn thông…',1,1,1,0,NULL,'20 Phan Đình Giót, P. 2',NULL,'Ban Nhân sự','08 7300 2222 ( IP: 8350)','08 7300 8889',NULL,'[\"career1@careerlink.vn\",\"career2@careerlink.vn\"]','Ms. Ngọc Diễm','08 7300 2222 ( IP: 8275)',1,1,1,1,1,'2020-05-05',30,0,1,'N',1,0,'2020-04-12','2020-05-17','B','#26 nhan vien kinh doanh cac quan 5, 6, 8, binh tan, binh chanh company #26 cong ty co phan vien thong fpt telecom duoc danh gia la nha cung cap dich vu internet (isp) co chinh sach dich vu tot nhat tai viet nam. trong dung nhan tai va phat trien nguon nhan luc luon la muc tieu hang dau trong cac chien luoc phat trien cua chung toi. o fpt telecom ban se duoc lam viec trong moi truong an toan, thu nhap canh tranh va cac chuong trinh dao tao phat trien. - tim kiem thong tin, tiep can cac khach hang tiem nang. - tu van, giai thich cho khach hang ve dich vu internet bang rong (adsl), internet cap quang (ftth) do fpt telecom dang cung cap. - xuc tien viec ky ket hop dong, dam phan thuong luong, thuc hien ca c thu tuc ky ket hop dong voi khach hang. * quyen loi: - luong: co ban + hoa hong + doanh so + thuong cuc k y hap dan - che do thang tien ro rang - duoc tham gia cac khoa dao tao ve san pham va ky nang. - bao hiem nha nuoc + bao hiem ca o cap danh cho nhan vien va nguoi than fpt (fpt care). - tham gia cac hoat dong phong trao (hang nam, chung toi co rat nhieu hoat dong nham cham lo doi song van hoa tinh than cho cnbv cong ty) - duoc xet mua co phieu theo chinh sach cong ty. va nhieu quyen loi k hac. - nam, tot nghiep ptth tro len, lam viec toan thoi gian - can cu chiu kho, khong ngai cong viec phai ra ngoai thi truong - dam me kinh doanh - kha nang giai quyet tinh huong tot - ngoai hinh de nhin, noi chuyen luu loat, troi chay - chiu duoc cong viec ap luc cao - uu tien ung vien co kinh nghiem ban hang, vien thong… 20 phan dinh giot, p. 2 ho chi minh(vi) ho chi minh ho chi minh(ja) ho chi minh(kh) ho chi minh(th) ho chi minh(id) du an project プロジェクト គម្រោង โครงการ quan tan binh tan binh district tan binh区','#26 nhân viên kinh doanh các quận 5, 6, 8, bình tân, bình chánh company #26 công ty cổ phần viễn thông fpt telecom được đánh giá là nhà cung cấp dịch vụ internet (isp) có chính sách dịch vụ tốt nhất tại việt nam. trọng dụng nhân tài và phát triển nguồn nhân lực luôn là mục tiêu hàng đầu trong các chiến lược phát triển của chúng tôi. ở fpt telecom bạn sẽ được làm việc trong môi trường an toàn, thu nhập cạnh tranh và các chương trình đào tạo phát triển. - tìm kiếm thông tin, tiếp cận các khách hàng tiềm năng. - tư vấn, giải thích cho khách hàng về dịch vụ internet băng rộng (adsl), internet cáp quang (ftth) do fpt telecom đang cung cấp. - xúc tiến việc ký kết hợp đồng, đàm phán thương lượng, thực hiện cá c thủ tục ký kết hợp đồng với khách hàng. * quyền lợi: - lương: cơ bản + hoa hồng + doanh số + thưởng cực k ỳ hấp dẫn - chế độ thăng tiến rõ ràng - được tham gia các khóa đào tạo về sản phẩm và kỹ năng. - bảo hiểm nhà nước + bảo hiểm ca o cấp dành cho nhân viên và người thân fpt (fpt care). - tham gia các hoạt động phong trào (hàng năm, chúng tôi có rất nhiều hoạt động nhằm chăm lo đời sống văn hóa tinh thần cho cnbv công ty) - được xét mua cổ phiếu theo chính sách công ty. và nhiều quyền lợi k hác. - nam, tốt nghiệp ptth trở lên, làm việc toàn thời gian - cần cù chịu khó, không ngại công việc phải ra ngoài thị trường - đam mê kinh doanh - khả năng giải quyết tình huống tốt - ngoại hình dễ nhìn, nói chuyện lưu loát, trôi chảy - chịu được công việc áp lực cao - ưu tiên ứng viên có kinh nghiệm bán hàng, viễn thông… 20 phan đình giót, p. 2 ho chi minh(vi) ho chi minh ho chi minh(ja) ho chi minh(kh) ho chi minh(th) ho chi minh(id) dự án project プロジェクト គម្រោង โครงการ quận tân bình tan binh district tan binh区','ban nhan su 08 7300 2222 ( ip: 8350) 08 7300 8889 career1@careerlink.vn career2@careerlink.vn ms. ngoc diem 08 7300 2222 ( ip: 8275)','ban nhân sự 08 7300 2222 ( ip: 8350) 08 7300 8889 career1@careerlink.vn career2@careerlink.vn ms. ngọc diễm 08 7300 2222 ( ip: 8275)','Company #26','2020-05-06 09:52:24','2020-05-06 09:52:24','C',1,1,'<div style=\"text-align: justify;\"><span style=\"font-weight: bold;\">Công ty Cổ phần Viễn thông FPT Telecom được đánh giá là nhà cung cấp dịch vụ Internet (ISP) có chính sách dịch vụ tốt nhất tại Việt Nam.  Trọng dụng nhân tài và phát triển nguồn nhân lực luôn là mục tiêu hàng đầu trong các chiến lược phát triển của chúng tôi. Ở FPT Telecom bạn sẽ được làm việc trong môi trường an toàn, thu nhập cạnh tranh và các chương trình đào tạo phát triển.</span></div>','A','www.careerlink.vn',0,'2020-05-05 11:51:47',0,1,NULL,NULL),(27,1,2,1,14,5,1,27,NULL,0,1,27,'A','#27 Nhân Viên Kinh Doanh Các Quận 5, 6, 8, Bình Tân, Bình Chánh',NULL,'A','D','M',4866469,NULL,18,NULL,'M','<div style=\"text-align: justify;\">- Tìm kiếm thông tin, tiếp cận các khách hàng tiềm năng. <br>-\n               Tư vấn, giải thích cho khách hàng về dịch vụ&nbsp;Internet băng rộng\n               (ADSL),&nbsp;Internet cáp quang (FTTH) do FPT Telecom đang cung cấp.<br>- Xúc tiến việc ký kết hợp đồng, đàm phán thương lượng, thực hiện cá\n               c thủ tục ký kết hợp đồng với khách hàng.\n               <br>* <span style=\"font-weight: bold; text-decoration: underline;\">Quyền lợi:</span><br>- Lương: cơ bản + hoa hồng + doanh số + thưởng cực k\n               ỳ hấp dẫn <br>- Chế độ thăng tiến rõ ràng <br>- Được tham gia các khóa đào tạo về sản phẩm và kỹ năng. <br>- Bảo hiểm nhà nước + Bảo hiểm ca\n               o cấp dành cho Nhân viên và người thân FPT (FPT Care). <br>- Tham gia các hoạt động Phong trào (Hàng năm, chúng tôi có rất nhiều\n               hoạt động nhằm chăm lo đời sống văn hóa tinh thần cho CNBV công ty)<br>- Được xét mua Cổ phiếu theo chính sách công ty. Và nhiều quyền lợi k\n             hác.<br></div>','A','- Nam, Tốt nghiệp PTTH trở lên, làm việc toàn thời gian\n              <br>- Cần cù chịu khó, không ngại công việc phải ra ngoài thị trường\n              <br>- Đam mê kinh doanh\n              <br>- Khả năng giải quyết tình huống tốt\n              <br>- Ngoại hình dễ nhìn, nói chuyện lưu loát, trôi chảy\n              <br>- Chịu được công việc áp lực cao\n              <br>- Ưu tiên ứng viên có kinh nghiệm bán hàng, viễn thông…',1,1,1,0,NULL,'20 Phan Đình Giót, P. 2',NULL,'Ban Nhân sự','08 7300 2222 ( IP: 8350)','08 7300 8889',NULL,'[\"career1@careerlink.vn\",\"career2@careerlink.vn\"]','Ms. Ngọc Diễm','08 7300 2222 ( IP: 8275)',1,1,1,1,1,'2020-05-05',30,0,0,'N',1,0,'2020-05-03','2020-05-25','B','#27 nhan vien kinh doanh cac quan 5, 6, 8, binh tan, binh chanh company #27 cong ty co phan vien thong fpt telecom duoc danh gia la nha cung cap dich vu internet (isp) co chinh sach dich vu tot nhat tai viet nam. trong dung nhan tai va phat trien nguon nhan luc luon la muc tieu hang dau trong cac chien luoc phat trien cua chung toi. o fpt telecom ban se duoc lam viec trong moi truong an toan, thu nhap canh tranh va cac chuong trinh dao tao phat trien. - tim kiem thong tin, tiep can cac khach hang tiem nang. - tu van, giai thich cho khach hang ve dich vu internet bang rong (adsl), internet cap quang (ftth) do fpt telecom dang cung cap. - xuc tien viec ky ket hop dong, dam phan thuong luong, thuc hien ca c thu tuc ky ket hop dong voi khach hang. * quyen loi: - luong: co ban + hoa hong + doanh so + thuong cuc k y hap dan - che do thang tien ro rang - duoc tham gia cac khoa dao tao ve san pham va ky nang. - bao hiem nha nuoc + bao hiem ca o cap danh cho nhan vien va nguoi than fpt (fpt care). - tham gia cac hoat dong phong trao (hang nam, chung toi co rat nhieu hoat dong nham cham lo doi song van hoa tinh than cho cnbv cong ty) - duoc xet mua co phieu theo chinh sach cong ty. va nhieu quyen loi k hac. - nam, tot nghiep ptth tro len, lam viec toan thoi gian - can cu chiu kho, khong ngai cong viec phai ra ngoai thi truong - dam me kinh doanh - kha nang giai quyet tinh huong tot - ngoai hinh de nhin, noi chuyen luu loat, troi chay - chiu duoc cong viec ap luc cao - uu tien ung vien co kinh nghiem ban hang, vien thong… 20 phan dinh giot, p. 2 ho chi minh(vi) ho chi minh ho chi minh(ja) ho chi minh(kh) ho chi minh(th) ho chi minh(id) du an project プロジェクト គម្រោង โครงการ php php php php php css css css css css','#27 nhân viên kinh doanh các quận 5, 6, 8, bình tân, bình chánh company #27 công ty cổ phần viễn thông fpt telecom được đánh giá là nhà cung cấp dịch vụ internet (isp) có chính sách dịch vụ tốt nhất tại việt nam. trọng dụng nhân tài và phát triển nguồn nhân lực luôn là mục tiêu hàng đầu trong các chiến lược phát triển của chúng tôi. ở fpt telecom bạn sẽ được làm việc trong môi trường an toàn, thu nhập cạnh tranh và các chương trình đào tạo phát triển. - tìm kiếm thông tin, tiếp cận các khách hàng tiềm năng. - tư vấn, giải thích cho khách hàng về dịch vụ internet băng rộng (adsl), internet cáp quang (ftth) do fpt telecom đang cung cấp. - xúc tiến việc ký kết hợp đồng, đàm phán thương lượng, thực hiện cá c thủ tục ký kết hợp đồng với khách hàng. * quyền lợi: - lương: cơ bản + hoa hồng + doanh số + thưởng cực k ỳ hấp dẫn - chế độ thăng tiến rõ ràng - được tham gia các khóa đào tạo về sản phẩm và kỹ năng. - bảo hiểm nhà nước + bảo hiểm ca o cấp dành cho nhân viên và người thân fpt (fpt care). - tham gia các hoạt động phong trào (hàng năm, chúng tôi có rất nhiều hoạt động nhằm chăm lo đời sống văn hóa tinh thần cho cnbv công ty) - được xét mua cổ phiếu theo chính sách công ty. và nhiều quyền lợi k hác. - nam, tốt nghiệp ptth trở lên, làm việc toàn thời gian - cần cù chịu khó, không ngại công việc phải ra ngoài thị trường - đam mê kinh doanh - khả năng giải quyết tình huống tốt - ngoại hình dễ nhìn, nói chuyện lưu loát, trôi chảy - chịu được công việc áp lực cao - ưu tiên ứng viên có kinh nghiệm bán hàng, viễn thông… 20 phan đình giót, p. 2 ho chi minh(vi) ho chi minh ho chi minh(ja) ho chi minh(kh) ho chi minh(th) ho chi minh(id) dự án project プロジェクト គម្រោង โครงการ php php php php php css css css css css','ban nhan su 08 7300 2222 ( ip: 8350) 08 7300 8889 career1@careerlink.vn career2@careerlink.vn ms. ngoc diem 08 7300 2222 ( ip: 8275)','ban nhân sự 08 7300 2222 ( ip: 8350) 08 7300 8889 career1@careerlink.vn career2@careerlink.vn ms. ngọc diễm 08 7300 2222 ( ip: 8275)','Company #27','2020-05-06 09:52:24','2020-05-06 09:52:24','C',1,1,'<div style=\"text-align: justify;\"><span style=\"font-weight: bold;\">Công ty Cổ phần Viễn thông FPT Telecom được đánh giá là nhà cung cấp dịch vụ Internet (ISP) có chính sách dịch vụ tốt nhất tại Việt Nam.  Trọng dụng nhân tài và phát triển nguồn nhân lực luôn là mục tiêu hàng đầu trong các chiến lược phát triển của chúng tôi. Ở FPT Telecom bạn sẽ được làm việc trong môi trường an toàn, thu nhập cạnh tranh và các chương trình đào tạo phát triển.</span></div>','A','www.careerlink.vn',0,'2020-05-05 12:00:27',0,1,2,NULL),(28,1,2,1,14,5,1,28,NULL,0,1,28,'A','#28 Nhân Viên Kinh Doanh Các Quận 5, 6, 8, Bình Tân, Bình Chánh',NULL,'A','N','N',NULL,NULL,18,NULL,'M','<div style=\"text-align: justify;\">- Tìm kiếm thông tin, tiếp cận các khách hàng tiềm năng. <br>-\n               Tư vấn, giải thích cho khách hàng về dịch vụ&nbsp;Internet băng rộng\n               (ADSL),&nbsp;Internet cáp quang (FTTH) do FPT Telecom đang cung cấp.<br>- Xúc tiến việc ký kết hợp đồng, đàm phán thương lượng, thực hiện cá\n               c thủ tục ký kết hợp đồng với khách hàng.\n               <br>* <span style=\"font-weight: bold; text-decoration: underline;\">Quyền lợi:</span><br>- Lương: cơ bản + hoa hồng + doanh số + thưởng cực k\n               ỳ hấp dẫn <br>- Chế độ thăng tiến rõ ràng <br>- Được tham gia các khóa đào tạo về sản phẩm và kỹ năng. <br>- Bảo hiểm nhà nước + Bảo hiểm ca\n               o cấp dành cho Nhân viên và người thân FPT (FPT Care). <br>- Tham gia các hoạt động Phong trào (Hàng năm, chúng tôi có rất nhiều\n               hoạt động nhằm chăm lo đời sống văn hóa tinh thần cho CNBV công ty)<br>- Được xét mua Cổ phiếu theo chính sách công ty. Và nhiều quyền lợi k\n             hác.<br></div>','A','- Nam, Tốt nghiệp PTTH trở lên, làm việc toàn thời gian\n              <br>- Cần cù chịu khó, không ngại công việc phải ra ngoài thị trường\n              <br>- Đam mê kinh doanh\n              <br>- Khả năng giải quyết tình huống tốt\n              <br>- Ngoại hình dễ nhìn, nói chuyện lưu loát, trôi chảy\n              <br>- Chịu được công việc áp lực cao\n              <br>- Ưu tiên ứng viên có kinh nghiệm bán hàng, viễn thông…',1,1,1,0,NULL,'20 Phan Đình Giót, P. 2',NULL,'Ban Nhân sự','08 7300 2222 ( IP: 8350)','08 7300 8889',NULL,'[\"career1@careerlink.vn\",\"career2@careerlink.vn\"]','Ms. Ngọc Diễm','08 7300 2222 ( IP: 8275)',1,1,1,1,1,'2020-05-05',30,0,0,'N',1,0,'2020-04-14','2020-05-29','B','#28 nhan vien kinh doanh cac quan 5, 6, 8, binh tan, binh chanh company #28 cong ty co phan vien thong fpt telecom duoc danh gia la nha cung cap dich vu internet (isp) co chinh sach dich vu tot nhat tai viet nam. trong dung nhan tai va phat trien nguon nhan luc luon la muc tieu hang dau trong cac chien luoc phat trien cua chung toi. o fpt telecom ban se duoc lam viec trong moi truong an toan, thu nhap canh tranh va cac chuong trinh dao tao phat trien. - tim kiem thong tin, tiep can cac khach hang tiem nang. - tu van, giai thich cho khach hang ve dich vu internet bang rong (adsl), internet cap quang (ftth) do fpt telecom dang cung cap. - xuc tien viec ky ket hop dong, dam phan thuong luong, thuc hien ca c thu tuc ky ket hop dong voi khach hang. * quyen loi: - luong: co ban + hoa hong + doanh so + thuong cuc k y hap dan - che do thang tien ro rang - duoc tham gia cac khoa dao tao ve san pham va ky nang. - bao hiem nha nuoc + bao hiem ca o cap danh cho nhan vien va nguoi than fpt (fpt care). - tham gia cac hoat dong phong trao (hang nam, chung toi co rat nhieu hoat dong nham cham lo doi song van hoa tinh than cho cnbv cong ty) - duoc xet mua co phieu theo chinh sach cong ty. va nhieu quyen loi k hac. - nam, tot nghiep ptth tro len, lam viec toan thoi gian - can cu chiu kho, khong ngai cong viec phai ra ngoai thi truong - dam me kinh doanh - kha nang giai quyet tinh huong tot - ngoai hinh de nhin, noi chuyen luu loat, troi chay - chiu duoc cong viec ap luc cao - uu tien ung vien co kinh nghiem ban hang, vien thong… 20 phan dinh giot, p. 2 ho chi minh(vi) ho chi minh ho chi minh(ja) ho chi minh(kh) ho chi minh(th) ho chi minh(id) tieng viet vietnamese ベトナム語 quan tan binh tan binh district tan binh区 du an project プロジェクト គម្រោង โครงการ','#28 nhân viên kinh doanh các quận 5, 6, 8, bình tân, bình chánh company #28 công ty cổ phần viễn thông fpt telecom được đánh giá là nhà cung cấp dịch vụ internet (isp) có chính sách dịch vụ tốt nhất tại việt nam. trọng dụng nhân tài và phát triển nguồn nhân lực luôn là mục tiêu hàng đầu trong các chiến lược phát triển của chúng tôi. ở fpt telecom bạn sẽ được làm việc trong môi trường an toàn, thu nhập cạnh tranh và các chương trình đào tạo phát triển. - tìm kiếm thông tin, tiếp cận các khách hàng tiềm năng. - tư vấn, giải thích cho khách hàng về dịch vụ internet băng rộng (adsl), internet cáp quang (ftth) do fpt telecom đang cung cấp. - xúc tiến việc ký kết hợp đồng, đàm phán thương lượng, thực hiện cá c thủ tục ký kết hợp đồng với khách hàng. * quyền lợi: - lương: cơ bản + hoa hồng + doanh số + thưởng cực k ỳ hấp dẫn - chế độ thăng tiến rõ ràng - được tham gia các khóa đào tạo về sản phẩm và kỹ năng. - bảo hiểm nhà nước + bảo hiểm ca o cấp dành cho nhân viên và người thân fpt (fpt care). - tham gia các hoạt động phong trào (hàng năm, chúng tôi có rất nhiều hoạt động nhằm chăm lo đời sống văn hóa tinh thần cho cnbv công ty) - được xét mua cổ phiếu theo chính sách công ty. và nhiều quyền lợi k hác. - nam, tốt nghiệp ptth trở lên, làm việc toàn thời gian - cần cù chịu khó, không ngại công việc phải ra ngoài thị trường - đam mê kinh doanh - khả năng giải quyết tình huống tốt - ngoại hình dễ nhìn, nói chuyện lưu loát, trôi chảy - chịu được công việc áp lực cao - ưu tiên ứng viên có kinh nghiệm bán hàng, viễn thông… 20 phan đình giót, p. 2 ho chi minh(vi) ho chi minh ho chi minh(ja) ho chi minh(kh) ho chi minh(th) ho chi minh(id) tiếng việt vietnamese ベトナム語 quận tân bình tan binh district tan binh区 dự án project プロジェクト គម្រោង โครงการ','ban nhan su 08 7300 2222 ( ip: 8350) 08 7300 8889 career1@careerlink.vn career2@careerlink.vn ms. ngoc diem 08 7300 2222 ( ip: 8275)','ban nhân sự 08 7300 2222 ( ip: 8350) 08 7300 8889 career1@careerlink.vn career2@careerlink.vn ms. ngọc diễm 08 7300 2222 ( ip: 8275)','Company #28','2020-05-06 09:52:24','2020-05-06 09:52:24','C',1,1,'<div style=\"text-align: justify;\"><span style=\"font-weight: bold;\">Công ty Cổ phần Viễn thông FPT Telecom được đánh giá là nhà cung cấp dịch vụ Internet (ISP) có chính sách dịch vụ tốt nhất tại Việt Nam.  Trọng dụng nhân tài và phát triển nguồn nhân lực luôn là mục tiêu hàng đầu trong các chiến lược phát triển của chúng tôi. Ở FPT Telecom bạn sẽ được làm việc trong môi trường an toàn, thu nhập cạnh tranh và các chương trình đào tạo phát triển.</span></div>','A','www.careerlink.vn',0,'2020-05-05 12:11:55',0,1,NULL,NULL),(29,1,2,1,14,5,1,29,NULL,0,1,29,'A','#29 Nhân Viên Kinh Doanh Các Quận 5, 6, 8, Bình Tân, Bình Chánh',NULL,'A','I','I',4642801,9050882,18,NULL,'M','<div style=\"text-align: justify;\">- Tìm kiếm thông tin, tiếp cận các khách hàng tiềm năng. <br>-\n               Tư vấn, giải thích cho khách hàng về dịch vụ&nbsp;Internet băng rộng\n               (ADSL),&nbsp;Internet cáp quang (FTTH) do FPT Telecom đang cung cấp.<br>- Xúc tiến việc ký kết hợp đồng, đàm phán thương lượng, thực hiện cá\n               c thủ tục ký kết hợp đồng với khách hàng.\n               <br>* <span style=\"font-weight: bold; text-decoration: underline;\">Quyền lợi:</span><br>- Lương: cơ bản + hoa hồng + doanh số + thưởng cực k\n               ỳ hấp dẫn <br>- Chế độ thăng tiến rõ ràng <br>- Được tham gia các khóa đào tạo về sản phẩm và kỹ năng. <br>- Bảo hiểm nhà nước + Bảo hiểm ca\n               o cấp dành cho Nhân viên và người thân FPT (FPT Care). <br>- Tham gia các hoạt động Phong trào (Hàng năm, chúng tôi có rất nhiều\n               hoạt động nhằm chăm lo đời sống văn hóa tinh thần cho CNBV công ty)<br>- Được xét mua Cổ phiếu theo chính sách công ty. Và nhiều quyền lợi k\n             hác.<br></div>','A','- Nam, Tốt nghiệp PTTH trở lên, làm việc toàn thời gian\n              <br>- Cần cù chịu khó, không ngại công việc phải ra ngoài thị trường\n              <br>- Đam mê kinh doanh\n              <br>- Khả năng giải quyết tình huống tốt\n              <br>- Ngoại hình dễ nhìn, nói chuyện lưu loát, trôi chảy\n              <br>- Chịu được công việc áp lực cao\n              <br>- Ưu tiên ứng viên có kinh nghiệm bán hàng, viễn thông…',1,1,1,0,NULL,'20 Phan Đình Giót, P. 2',NULL,'Ban Nhân sự','08 7300 2222 ( IP: 8350)','08 7300 8889',NULL,'[\"career1@careerlink.vn\",\"career2@careerlink.vn\"]','Ms. Ngọc Diễm','08 7300 2222 ( IP: 8275)',1,1,1,1,1,'2020-05-05',30,0,0,'N',1,0,'2020-04-11','2020-05-13','B','#29 nhan vien kinh doanh cac quan 5, 6, 8, binh tan, binh chanh company #29 cong ty co phan vien thong fpt telecom duoc danh gia la nha cung cap dich vu internet (isp) co chinh sach dich vu tot nhat tai viet nam. trong dung nhan tai va phat trien nguon nhan luc luon la muc tieu hang dau trong cac chien luoc phat trien cua chung toi. o fpt telecom ban se duoc lam viec trong moi truong an toan, thu nhap canh tranh va cac chuong trinh dao tao phat trien. - tim kiem thong tin, tiep can cac khach hang tiem nang. - tu van, giai thich cho khach hang ve dich vu internet bang rong (adsl), internet cap quang (ftth) do fpt telecom dang cung cap. - xuc tien viec ky ket hop dong, dam phan thuong luong, thuc hien ca c thu tuc ky ket hop dong voi khach hang. * quyen loi: - luong: co ban + hoa hong + doanh so + thuong cuc k y hap dan - che do thang tien ro rang - duoc tham gia cac khoa dao tao ve san pham va ky nang. - bao hiem nha nuoc + bao hiem ca o cap danh cho nhan vien va nguoi than fpt (fpt care). - tham gia cac hoat dong phong trao (hang nam, chung toi co rat nhieu hoat dong nham cham lo doi song van hoa tinh than cho cnbv cong ty) - duoc xet mua co phieu theo chinh sach cong ty. va nhieu quyen loi k hac. - nam, tot nghiep ptth tro len, lam viec toan thoi gian - can cu chiu kho, khong ngai cong viec phai ra ngoai thi truong - dam me kinh doanh - kha nang giai quyet tinh huong tot - ngoai hinh de nhin, noi chuyen luu loat, troi chay - chiu duoc cong viec ap luc cao - uu tien ung vien co kinh nghiem ban hang, vien thong… 20 phan dinh giot, p. 2 ho chi minh(vi) ho chi minh ho chi minh(ja) ho chi minh(kh) ho chi minh(th) ho chi minh(id) php php php php php','#29 nhân viên kinh doanh các quận 5, 6, 8, bình tân, bình chánh company #29 công ty cổ phần viễn thông fpt telecom được đánh giá là nhà cung cấp dịch vụ internet (isp) có chính sách dịch vụ tốt nhất tại việt nam. trọng dụng nhân tài và phát triển nguồn nhân lực luôn là mục tiêu hàng đầu trong các chiến lược phát triển của chúng tôi. ở fpt telecom bạn sẽ được làm việc trong môi trường an toàn, thu nhập cạnh tranh và các chương trình đào tạo phát triển. - tìm kiếm thông tin, tiếp cận các khách hàng tiềm năng. - tư vấn, giải thích cho khách hàng về dịch vụ internet băng rộng (adsl), internet cáp quang (ftth) do fpt telecom đang cung cấp. - xúc tiến việc ký kết hợp đồng, đàm phán thương lượng, thực hiện cá c thủ tục ký kết hợp đồng với khách hàng. * quyền lợi: - lương: cơ bản + hoa hồng + doanh số + thưởng cực k ỳ hấp dẫn - chế độ thăng tiến rõ ràng - được tham gia các khóa đào tạo về sản phẩm và kỹ năng. - bảo hiểm nhà nước + bảo hiểm ca o cấp dành cho nhân viên và người thân fpt (fpt care). - tham gia các hoạt động phong trào (hàng năm, chúng tôi có rất nhiều hoạt động nhằm chăm lo đời sống văn hóa tinh thần cho cnbv công ty) - được xét mua cổ phiếu theo chính sách công ty. và nhiều quyền lợi k hác. - nam, tốt nghiệp ptth trở lên, làm việc toàn thời gian - cần cù chịu khó, không ngại công việc phải ra ngoài thị trường - đam mê kinh doanh - khả năng giải quyết tình huống tốt - ngoại hình dễ nhìn, nói chuyện lưu loát, trôi chảy - chịu được công việc áp lực cao - ưu tiên ứng viên có kinh nghiệm bán hàng, viễn thông… 20 phan đình giót, p. 2 ho chi minh(vi) ho chi minh ho chi minh(ja) ho chi minh(kh) ho chi minh(th) ho chi minh(id) php php php php php','ban nhan su 08 7300 2222 ( ip: 8350) 08 7300 8889 career1@careerlink.vn career2@careerlink.vn ms. ngoc diem 08 7300 2222 ( ip: 8275)','ban nhân sự 08 7300 2222 ( ip: 8350) 08 7300 8889 career1@careerlink.vn career2@careerlink.vn ms. ngọc diễm 08 7300 2222 ( ip: 8275)','Company #29','2020-05-06 09:52:24','2020-05-06 09:52:24','C',1,1,'<div style=\"text-align: justify;\"><span style=\"font-weight: bold;\">Công ty Cổ phần Viễn thông FPT Telecom được đánh giá là nhà cung cấp dịch vụ Internet (ISP) có chính sách dịch vụ tốt nhất tại Việt Nam.  Trọng dụng nhân tài và phát triển nguồn nhân lực luôn là mục tiêu hàng đầu trong các chiến lược phát triển của chúng tôi. Ở FPT Telecom bạn sẽ được làm việc trong môi trường an toàn, thu nhập cạnh tranh và các chương trình đào tạo phát triển.</span></div>','A','www.careerlink.vn',0,'2020-05-05 12:19:25',0,1,2,2),(30,1,2,1,14,5,1,30,NULL,0,1,30,'A','#30 Nhân Viên Kinh Doanh Các Quận 5, 6, 8, Bình Tân, Bình Chánh',NULL,'A','I','N',NULL,NULL,18,NULL,'M','<div style=\"text-align: justify;\">- Tìm kiếm thông tin, tiếp cận các khách hàng tiềm năng. <br>-\n               Tư vấn, giải thích cho khách hàng về dịch vụ&nbsp;Internet băng rộng\n               (ADSL),&nbsp;Internet cáp quang (FTTH) do FPT Telecom đang cung cấp.<br>- Xúc tiến việc ký kết hợp đồng, đàm phán thương lượng, thực hiện cá\n               c thủ tục ký kết hợp đồng với khách hàng.\n               <br>* <span style=\"font-weight: bold; text-decoration: underline;\">Quyền lợi:</span><br>- Lương: cơ bản + hoa hồng + doanh số + thưởng cực k\n               ỳ hấp dẫn <br>- Chế độ thăng tiến rõ ràng <br>- Được tham gia các khóa đào tạo về sản phẩm và kỹ năng. <br>- Bảo hiểm nhà nước + Bảo hiểm ca\n               o cấp dành cho Nhân viên và người thân FPT (FPT Care). <br>- Tham gia các hoạt động Phong trào (Hàng năm, chúng tôi có rất nhiều\n               hoạt động nhằm chăm lo đời sống văn hóa tinh thần cho CNBV công ty)<br>- Được xét mua Cổ phiếu theo chính sách công ty. Và nhiều quyền lợi k\n             hác.<br></div>','A','- Nam, Tốt nghiệp PTTH trở lên, làm việc toàn thời gian\n              <br>- Cần cù chịu khó, không ngại công việc phải ra ngoài thị trường\n              <br>- Đam mê kinh doanh\n              <br>- Khả năng giải quyết tình huống tốt\n              <br>- Ngoại hình dễ nhìn, nói chuyện lưu loát, trôi chảy\n              <br>- Chịu được công việc áp lực cao\n              <br>- Ưu tiên ứng viên có kinh nghiệm bán hàng, viễn thông…',1,1,1,0,NULL,'20 Phan Đình Giót, P. 2',NULL,'Ban Nhân sự','08 7300 2222 ( IP: 8350)','08 7300 8889',NULL,'[\"career1@careerlink.vn\",\"career2@careerlink.vn\"]','Ms. Ngọc Diễm','08 7300 2222 ( IP: 8275)',1,1,1,1,1,'2020-05-05',30,0,0,'N',1,0,'2020-04-17','2020-05-31','B','#30 nhan vien kinh doanh cac quan 5, 6, 8, binh tan, binh chanh company #30 cong ty co phan vien thong fpt telecom duoc danh gia la nha cung cap dich vu internet (isp) co chinh sach dich vu tot nhat tai viet nam. trong dung nhan tai va phat trien nguon nhan luc luon la muc tieu hang dau trong cac chien luoc phat trien cua chung toi. o fpt telecom ban se duoc lam viec trong moi truong an toan, thu nhap canh tranh va cac chuong trinh dao tao phat trien. - tim kiem thong tin, tiep can cac khach hang tiem nang. - tu van, giai thich cho khach hang ve dich vu internet bang rong (adsl), internet cap quang (ftth) do fpt telecom dang cung cap. - xuc tien viec ky ket hop dong, dam phan thuong luong, thuc hien ca c thu tuc ky ket hop dong voi khach hang. * quyen loi: - luong: co ban + hoa hong + doanh so + thuong cuc k y hap dan - che do thang tien ro rang - duoc tham gia cac khoa dao tao ve san pham va ky nang. - bao hiem nha nuoc + bao hiem ca o cap danh cho nhan vien va nguoi than fpt (fpt care). - tham gia cac hoat dong phong trao (hang nam, chung toi co rat nhieu hoat dong nham cham lo doi song van hoa tinh than cho cnbv cong ty) - duoc xet mua co phieu theo chinh sach cong ty. va nhieu quyen loi k hac. - nam, tot nghiep ptth tro len, lam viec toan thoi gian - can cu chiu kho, khong ngai cong viec phai ra ngoai thi truong - dam me kinh doanh - kha nang giai quyet tinh huong tot - ngoai hinh de nhin, noi chuyen luu loat, troi chay - chiu duoc cong viec ap luc cao - uu tien ung vien co kinh nghiem ban hang, vien thong… 20 phan dinh giot, p. 2 ho chi minh(vi) ho chi minh ho chi minh(ja) ho chi minh(kh) ho chi minh(th) ho chi minh(id) php php php php php du an project プロジェクト គម្រោង โครงการ','#30 nhân viên kinh doanh các quận 5, 6, 8, bình tân, bình chánh company #30 công ty cổ phần viễn thông fpt telecom được đánh giá là nhà cung cấp dịch vụ internet (isp) có chính sách dịch vụ tốt nhất tại việt nam. trọng dụng nhân tài và phát triển nguồn nhân lực luôn là mục tiêu hàng đầu trong các chiến lược phát triển của chúng tôi. ở fpt telecom bạn sẽ được làm việc trong môi trường an toàn, thu nhập cạnh tranh và các chương trình đào tạo phát triển. - tìm kiếm thông tin, tiếp cận các khách hàng tiềm năng. - tư vấn, giải thích cho khách hàng về dịch vụ internet băng rộng (adsl), internet cáp quang (ftth) do fpt telecom đang cung cấp. - xúc tiến việc ký kết hợp đồng, đàm phán thương lượng, thực hiện cá c thủ tục ký kết hợp đồng với khách hàng. * quyền lợi: - lương: cơ bản + hoa hồng + doanh số + thưởng cực k ỳ hấp dẫn - chế độ thăng tiến rõ ràng - được tham gia các khóa đào tạo về sản phẩm và kỹ năng. - bảo hiểm nhà nước + bảo hiểm ca o cấp dành cho nhân viên và người thân fpt (fpt care). - tham gia các hoạt động phong trào (hàng năm, chúng tôi có rất nhiều hoạt động nhằm chăm lo đời sống văn hóa tinh thần cho cnbv công ty) - được xét mua cổ phiếu theo chính sách công ty. và nhiều quyền lợi k hác. - nam, tốt nghiệp ptth trở lên, làm việc toàn thời gian - cần cù chịu khó, không ngại công việc phải ra ngoài thị trường - đam mê kinh doanh - khả năng giải quyết tình huống tốt - ngoại hình dễ nhìn, nói chuyện lưu loát, trôi chảy - chịu được công việc áp lực cao - ưu tiên ứng viên có kinh nghiệm bán hàng, viễn thông… 20 phan đình giót, p. 2 ho chi minh(vi) ho chi minh ho chi minh(ja) ho chi minh(kh) ho chi minh(th) ho chi minh(id) php php php php php dự án project プロジェクト គម្រោង โครงการ','ban nhan su 08 7300 2222 ( ip: 8350) 08 7300 8889 career1@careerlink.vn career2@careerlink.vn ms. ngoc diem 08 7300 2222 ( ip: 8275)','ban nhân sự 08 7300 2222 ( ip: 8350) 08 7300 8889 career1@careerlink.vn career2@careerlink.vn ms. ngọc diễm 08 7300 2222 ( ip: 8275)','Company #30','2020-05-06 09:52:24','2020-05-06 09:52:24','C',1,1,'<div style=\"text-align: justify;\"><span style=\"font-weight: bold;\">Công ty Cổ phần Viễn thông FPT Telecom được đánh giá là nhà cung cấp dịch vụ Internet (ISP) có chính sách dịch vụ tốt nhất tại Việt Nam.  Trọng dụng nhân tài và phát triển nguồn nhân lực luôn là mục tiêu hàng đầu trong các chiến lược phát triển của chúng tôi. Ở FPT Telecom bạn sẽ được làm việc trong môi trường an toàn, thu nhập cạnh tranh và các chương trình đào tạo phát triển.</span></div>','A','www.careerlink.vn',0,'2020-05-05 13:24:30',0,1,NULL,NULL),(31,1,2,1,14,5,1,31,NULL,0,1,31,'A','#31 Nhân Viên Kinh Doanh Các Quận 5, 6, 8, Bình Tân, Bình Chánh',NULL,'A','P','N',NULL,NULL,18,NULL,'M','<div style=\"text-align: justify;\">- Tìm kiếm thông tin, tiếp cận các khách hàng tiềm năng. <br>-\n               Tư vấn, giải thích cho khách hàng về dịch vụ&nbsp;Internet băng rộng\n               (ADSL),&nbsp;Internet cáp quang (FTTH) do FPT Telecom đang cung cấp.<br>- Xúc tiến việc ký kết hợp đồng, đàm phán thương lượng, thực hiện cá\n               c thủ tục ký kết hợp đồng với khách hàng.\n               <br>* <span style=\"font-weight: bold; text-decoration: underline;\">Quyền lợi:</span><br>- Lương: cơ bản + hoa hồng + doanh số + thưởng cực k\n               ỳ hấp dẫn <br>- Chế độ thăng tiến rõ ràng <br>- Được tham gia các khóa đào tạo về sản phẩm và kỹ năng. <br>- Bảo hiểm nhà nước + Bảo hiểm ca\n               o cấp dành cho Nhân viên và người thân FPT (FPT Care). <br>- Tham gia các hoạt động Phong trào (Hàng năm, chúng tôi có rất nhiều\n               hoạt động nhằm chăm lo đời sống văn hóa tinh thần cho CNBV công ty)<br>- Được xét mua Cổ phiếu theo chính sách công ty. Và nhiều quyền lợi k\n             hác.<br></div>','A','- Nam, Tốt nghiệp PTTH trở lên, làm việc toàn thời gian\n              <br>- Cần cù chịu khó, không ngại công việc phải ra ngoài thị trường\n              <br>- Đam mê kinh doanh\n              <br>- Khả năng giải quyết tình huống tốt\n              <br>- Ngoại hình dễ nhìn, nói chuyện lưu loát, trôi chảy\n              <br>- Chịu được công việc áp lực cao\n              <br>- Ưu tiên ứng viên có kinh nghiệm bán hàng, viễn thông…',1,1,1,0,NULL,'20 Phan Đình Giót, P. 2',NULL,'Ban Nhân sự','08 7300 2222 ( IP: 8350)','08 7300 8889',NULL,'[\"career1@careerlink.vn\",\"career2@careerlink.vn\"]','Ms. Ngọc Diễm','08 7300 2222 ( IP: 8275)',1,1,1,1,1,'2020-05-05',30,0,0,'N',1,0,'2020-04-07','2020-05-21','B','#31 nhan vien kinh doanh cac quan 5, 6, 8, binh tan, binh chanh company #31 cong ty co phan vien thong fpt telecom duoc danh gia la nha cung cap dich vu internet (isp) co chinh sach dich vu tot nhat tai viet nam. trong dung nhan tai va phat trien nguon nhan luc luon la muc tieu hang dau trong cac chien luoc phat trien cua chung toi. o fpt telecom ban se duoc lam viec trong moi truong an toan, thu nhap canh tranh va cac chuong trinh dao tao phat trien. - tim kiem thong tin, tiep can cac khach hang tiem nang. - tu van, giai thich cho khach hang ve dich vu internet bang rong (adsl), internet cap quang (ftth) do fpt telecom dang cung cap. - xuc tien viec ky ket hop dong, dam phan thuong luong, thuc hien ca c thu tuc ky ket hop dong voi khach hang. * quyen loi: - luong: co ban + hoa hong + doanh so + thuong cuc k y hap dan - che do thang tien ro rang - duoc tham gia cac khoa dao tao ve san pham va ky nang. - bao hiem nha nuoc + bao hiem ca o cap danh cho nhan vien va nguoi than fpt (fpt care). - tham gia cac hoat dong phong trao (hang nam, chung toi co rat nhieu hoat dong nham cham lo doi song van hoa tinh than cho cnbv cong ty) - duoc xet mua co phieu theo chinh sach cong ty. va nhieu quyen loi k hac. - nam, tot nghiep ptth tro len, lam viec toan thoi gian - can cu chiu kho, khong ngai cong viec phai ra ngoai thi truong - dam me kinh doanh - kha nang giai quyet tinh huong tot - ngoai hinh de nhin, noi chuyen luu loat, troi chay - chiu duoc cong viec ap luc cao - uu tien ung vien co kinh nghiem ban hang, vien thong… 20 phan dinh giot, p. 2 ho chi minh(vi) ho chi minh ho chi minh(ja) ho chi minh(kh) ho chi minh(th) ho chi minh(id) .net .net .net .net .net','#31 nhân viên kinh doanh các quận 5, 6, 8, bình tân, bình chánh company #31 công ty cổ phần viễn thông fpt telecom được đánh giá là nhà cung cấp dịch vụ internet (isp) có chính sách dịch vụ tốt nhất tại việt nam. trọng dụng nhân tài và phát triển nguồn nhân lực luôn là mục tiêu hàng đầu trong các chiến lược phát triển của chúng tôi. ở fpt telecom bạn sẽ được làm việc trong môi trường an toàn, thu nhập cạnh tranh và các chương trình đào tạo phát triển. - tìm kiếm thông tin, tiếp cận các khách hàng tiềm năng. - tư vấn, giải thích cho khách hàng về dịch vụ internet băng rộng (adsl), internet cáp quang (ftth) do fpt telecom đang cung cấp. - xúc tiến việc ký kết hợp đồng, đàm phán thương lượng, thực hiện cá c thủ tục ký kết hợp đồng với khách hàng. * quyền lợi: - lương: cơ bản + hoa hồng + doanh số + thưởng cực k ỳ hấp dẫn - chế độ thăng tiến rõ ràng - được tham gia các khóa đào tạo về sản phẩm và kỹ năng. - bảo hiểm nhà nước + bảo hiểm ca o cấp dành cho nhân viên và người thân fpt (fpt care). - tham gia các hoạt động phong trào (hàng năm, chúng tôi có rất nhiều hoạt động nhằm chăm lo đời sống văn hóa tinh thần cho cnbv công ty) - được xét mua cổ phiếu theo chính sách công ty. và nhiều quyền lợi k hác. - nam, tốt nghiệp ptth trở lên, làm việc toàn thời gian - cần cù chịu khó, không ngại công việc phải ra ngoài thị trường - đam mê kinh doanh - khả năng giải quyết tình huống tốt - ngoại hình dễ nhìn, nói chuyện lưu loát, trôi chảy - chịu được công việc áp lực cao - ưu tiên ứng viên có kinh nghiệm bán hàng, viễn thông… 20 phan đình giót, p. 2 ho chi minh(vi) ho chi minh ho chi minh(ja) ho chi minh(kh) ho chi minh(th) ho chi minh(id) .net .net .net .net .net','ban nhan su 08 7300 2222 ( ip: 8350) 08 7300 8889 career1@careerlink.vn career2@careerlink.vn ms. ngoc diem 08 7300 2222 ( ip: 8275)','ban nhân sự 08 7300 2222 ( ip: 8350) 08 7300 8889 career1@careerlink.vn career2@careerlink.vn ms. ngọc diễm 08 7300 2222 ( ip: 8275)','Company #31','2020-05-06 09:52:24','2020-05-06 09:52:24','C',1,1,'<div style=\"text-align: justify;\"><span style=\"font-weight: bold;\">Công ty Cổ phần Viễn thông FPT Telecom được đánh giá là nhà cung cấp dịch vụ Internet (ISP) có chính sách dịch vụ tốt nhất tại Việt Nam.  Trọng dụng nhân tài và phát triển nguồn nhân lực luôn là mục tiêu hàng đầu trong các chiến lược phát triển của chúng tôi. Ở FPT Telecom bạn sẽ được làm việc trong môi trường an toàn, thu nhập cạnh tranh và các chương trình đào tạo phát triển.</span></div>','A','www.careerlink.vn',0,'2020-05-05 13:42:28',0,1,NULL,NULL),(32,1,2,1,14,5,1,32,NULL,0,1,32,'A','#32 Nhân Viên Kinh Doanh Các Quận 5, 6, 8, Bình Tân, Bình Chánh',NULL,'A','D','N',NULL,NULL,18,NULL,'M','<div style=\"text-align: justify;\">- Tìm kiếm thông tin, tiếp cận các khách hàng tiềm năng. <br>-\n               Tư vấn, giải thích cho khách hàng về dịch vụ&nbsp;Internet băng rộng\n               (ADSL),&nbsp;Internet cáp quang (FTTH) do FPT Telecom đang cung cấp.<br>- Xúc tiến việc ký kết hợp đồng, đàm phán thương lượng, thực hiện cá\n               c thủ tục ký kết hợp đồng với khách hàng.\n               <br>* <span style=\"font-weight: bold; text-decoration: underline;\">Quyền lợi:</span><br>- Lương: cơ bản + hoa hồng + doanh số + thưởng cực k\n               ỳ hấp dẫn <br>- Chế độ thăng tiến rõ ràng <br>- Được tham gia các khóa đào tạo về sản phẩm và kỹ năng. <br>- Bảo hiểm nhà nước + Bảo hiểm ca\n               o cấp dành cho Nhân viên và người thân FPT (FPT Care). <br>- Tham gia các hoạt động Phong trào (Hàng năm, chúng tôi có rất nhiều\n               hoạt động nhằm chăm lo đời sống văn hóa tinh thần cho CNBV công ty)<br>- Được xét mua Cổ phiếu theo chính sách công ty. Và nhiều quyền lợi k\n             hác.<br></div>','A','- Nam, Tốt nghiệp PTTH trở lên, làm việc toàn thời gian\n              <br>- Cần cù chịu khó, không ngại công việc phải ra ngoài thị trường\n              <br>- Đam mê kinh doanh\n              <br>- Khả năng giải quyết tình huống tốt\n              <br>- Ngoại hình dễ nhìn, nói chuyện lưu loát, trôi chảy\n              <br>- Chịu được công việc áp lực cao\n              <br>- Ưu tiên ứng viên có kinh nghiệm bán hàng, viễn thông…',1,1,1,0,NULL,'20 Phan Đình Giót, P. 2',NULL,'Ban Nhân sự','08 7300 2222 ( IP: 8350)','08 7300 8889',NULL,'[\"career1@careerlink.vn\",\"career2@careerlink.vn\"]','Ms. Ngọc Diễm','08 7300 2222 ( IP: 8275)',1,1,1,1,1,'2020-05-05',30,0,1,'N',1,0,'2020-04-19','2020-06-01','B','#32 nhan vien kinh doanh cac quan 5, 6, 8, binh tan, binh chanh company #32 cong ty co phan vien thong fpt telecom duoc danh gia la nha cung cap dich vu internet (isp) co chinh sach dich vu tot nhat tai viet nam. trong dung nhan tai va phat trien nguon nhan luc luon la muc tieu hang dau trong cac chien luoc phat trien cua chung toi. o fpt telecom ban se duoc lam viec trong moi truong an toan, thu nhap canh tranh va cac chuong trinh dao tao phat trien. - tim kiem thong tin, tiep can cac khach hang tiem nang. - tu van, giai thich cho khach hang ve dich vu internet bang rong (adsl), internet cap quang (ftth) do fpt telecom dang cung cap. - xuc tien viec ky ket hop dong, dam phan thuong luong, thuc hien ca c thu tuc ky ket hop dong voi khach hang. * quyen loi: - luong: co ban + hoa hong + doanh so + thuong cuc k y hap dan - che do thang tien ro rang - duoc tham gia cac khoa dao tao ve san pham va ky nang. - bao hiem nha nuoc + bao hiem ca o cap danh cho nhan vien va nguoi than fpt (fpt care). - tham gia cac hoat dong phong trao (hang nam, chung toi co rat nhieu hoat dong nham cham lo doi song van hoa tinh than cho cnbv cong ty) - duoc xet mua co phieu theo chinh sach cong ty. va nhieu quyen loi k hac. - nam, tot nghiep ptth tro len, lam viec toan thoi gian - can cu chiu kho, khong ngai cong viec phai ra ngoai thi truong - dam me kinh doanh - kha nang giai quyet tinh huong tot - ngoai hinh de nhin, noi chuyen luu loat, troi chay - chiu duoc cong viec ap luc cao - uu tien ung vien co kinh nghiem ban hang, vien thong… 20 phan dinh giot, p. 2 ho chi minh(vi) ho chi minh ho chi minh(ja) ho chi minh(kh) ho chi minh(th) ho chi minh(id) mysql mysql mysql mysql mysql joomla joomla joomla joomla joomla .net .net .net .net .net tieng viet vietnamese ベトナム語','#32 nhân viên kinh doanh các quận 5, 6, 8, bình tân, bình chánh company #32 công ty cổ phần viễn thông fpt telecom được đánh giá là nhà cung cấp dịch vụ internet (isp) có chính sách dịch vụ tốt nhất tại việt nam. trọng dụng nhân tài và phát triển nguồn nhân lực luôn là mục tiêu hàng đầu trong các chiến lược phát triển của chúng tôi. ở fpt telecom bạn sẽ được làm việc trong môi trường an toàn, thu nhập cạnh tranh và các chương trình đào tạo phát triển. - tìm kiếm thông tin, tiếp cận các khách hàng tiềm năng. - tư vấn, giải thích cho khách hàng về dịch vụ internet băng rộng (adsl), internet cáp quang (ftth) do fpt telecom đang cung cấp. - xúc tiến việc ký kết hợp đồng, đàm phán thương lượng, thực hiện cá c thủ tục ký kết hợp đồng với khách hàng. * quyền lợi: - lương: cơ bản + hoa hồng + doanh số + thưởng cực k ỳ hấp dẫn - chế độ thăng tiến rõ ràng - được tham gia các khóa đào tạo về sản phẩm và kỹ năng. - bảo hiểm nhà nước + bảo hiểm ca o cấp dành cho nhân viên và người thân fpt (fpt care). - tham gia các hoạt động phong trào (hàng năm, chúng tôi có rất nhiều hoạt động nhằm chăm lo đời sống văn hóa tinh thần cho cnbv công ty) - được xét mua cổ phiếu theo chính sách công ty. và nhiều quyền lợi k hác. - nam, tốt nghiệp ptth trở lên, làm việc toàn thời gian - cần cù chịu khó, không ngại công việc phải ra ngoài thị trường - đam mê kinh doanh - khả năng giải quyết tình huống tốt - ngoại hình dễ nhìn, nói chuyện lưu loát, trôi chảy - chịu được công việc áp lực cao - ưu tiên ứng viên có kinh nghiệm bán hàng, viễn thông… 20 phan đình giót, p. 2 ho chi minh(vi) ho chi minh ho chi minh(ja) ho chi minh(kh) ho chi minh(th) ho chi minh(id) mysql mysql mysql mysql mysql joomla joomla joomla joomla joomla .net .net .net .net .net tiếng việt vietnamese ベトナム語','ban nhan su 08 7300 2222 ( ip: 8350) 08 7300 8889 career1@careerlink.vn career2@careerlink.vn ms. ngoc diem 08 7300 2222 ( ip: 8275)','ban nhân sự 08 7300 2222 ( ip: 8350) 08 7300 8889 career1@careerlink.vn career2@careerlink.vn ms. ngọc diễm 08 7300 2222 ( ip: 8275)','Company #32','2020-05-06 09:52:24','2020-05-06 09:52:24','C',1,1,'<div style=\"text-align: justify;\"><span style=\"font-weight: bold;\">Công ty Cổ phần Viễn thông FPT Telecom được đánh giá là nhà cung cấp dịch vụ Internet (ISP) có chính sách dịch vụ tốt nhất tại Việt Nam.  Trọng dụng nhân tài và phát triển nguồn nhân lực luôn là mục tiêu hàng đầu trong các chiến lược phát triển của chúng tôi. Ở FPT Telecom bạn sẽ được làm việc trong môi trường an toàn, thu nhập cạnh tranh và các chương trình đào tạo phát triển.</span></div>','A','www.careerlink.vn',0,'2020-05-05 14:43:28',0,1,NULL,NULL),(33,1,2,1,14,5,1,33,NULL,0,1,33,'A','#33 Nhân Viên Kinh Doanh Các Quận 5, 6, 8, Bình Tân, Bình Chánh',NULL,'A','L','I',2286415,3861891,18,NULL,'M','<div style=\"text-align: justify;\">- Tìm kiếm thông tin, tiếp cận các khách hàng tiềm năng. <br>-\n               Tư vấn, giải thích cho khách hàng về dịch vụ&nbsp;Internet băng rộng\n               (ADSL),&nbsp;Internet cáp quang (FTTH) do FPT Telecom đang cung cấp.<br>- Xúc tiến việc ký kết hợp đồng, đàm phán thương lượng, thực hiện cá\n               c thủ tục ký kết hợp đồng với khách hàng.\n               <br>* <span style=\"font-weight: bold; text-decoration: underline;\">Quyền lợi:</span><br>- Lương: cơ bản + hoa hồng + doanh số + thưởng cực k\n               ỳ hấp dẫn <br>- Chế độ thăng tiến rõ ràng <br>- Được tham gia các khóa đào tạo về sản phẩm và kỹ năng. <br>- Bảo hiểm nhà nước + Bảo hiểm ca\n               o cấp dành cho Nhân viên và người thân FPT (FPT Care). <br>- Tham gia các hoạt động Phong trào (Hàng năm, chúng tôi có rất nhiều\n               hoạt động nhằm chăm lo đời sống văn hóa tinh thần cho CNBV công ty)<br>- Được xét mua Cổ phiếu theo chính sách công ty. Và nhiều quyền lợi k\n             hác.<br></div>','A','- Nam, Tốt nghiệp PTTH trở lên, làm việc toàn thời gian\n              <br>- Cần cù chịu khó, không ngại công việc phải ra ngoài thị trường\n              <br>- Đam mê kinh doanh\n              <br>- Khả năng giải quyết tình huống tốt\n              <br>- Ngoại hình dễ nhìn, nói chuyện lưu loát, trôi chảy\n              <br>- Chịu được công việc áp lực cao\n              <br>- Ưu tiên ứng viên có kinh nghiệm bán hàng, viễn thông…',1,1,1,0,NULL,'20 Phan Đình Giót, P. 2',NULL,'Ban Nhân sự','08 7300 2222 ( IP: 8350)','08 7300 8889',NULL,'[\"career1@careerlink.vn\",\"career2@careerlink.vn\"]','Ms. Ngọc Diễm','08 7300 2222 ( IP: 8275)',1,1,1,1,1,'2020-05-05',30,0,1,'N',1,0,'2020-04-23','2020-05-15','B','#33 nhan vien kinh doanh cac quan 5, 6, 8, binh tan, binh chanh company #33 cong ty co phan vien thong fpt telecom duoc danh gia la nha cung cap dich vu internet (isp) co chinh sach dich vu tot nhat tai viet nam. trong dung nhan tai va phat trien nguon nhan luc luon la muc tieu hang dau trong cac chien luoc phat trien cua chung toi. o fpt telecom ban se duoc lam viec trong moi truong an toan, thu nhap canh tranh va cac chuong trinh dao tao phat trien. - tim kiem thong tin, tiep can cac khach hang tiem nang. - tu van, giai thich cho khach hang ve dich vu internet bang rong (adsl), internet cap quang (ftth) do fpt telecom dang cung cap. - xuc tien viec ky ket hop dong, dam phan thuong luong, thuc hien ca c thu tuc ky ket hop dong voi khach hang. * quyen loi: - luong: co ban + hoa hong + doanh so + thuong cuc k y hap dan - che do thang tien ro rang - duoc tham gia cac khoa dao tao ve san pham va ky nang. - bao hiem nha nuoc + bao hiem ca o cap danh cho nhan vien va nguoi than fpt (fpt care). - tham gia cac hoat dong phong trao (hang nam, chung toi co rat nhieu hoat dong nham cham lo doi song van hoa tinh than cho cnbv cong ty) - duoc xet mua co phieu theo chinh sach cong ty. va nhieu quyen loi k hac. - nam, tot nghiep ptth tro len, lam viec toan thoi gian - can cu chiu kho, khong ngai cong viec phai ra ngoai thi truong - dam me kinh doanh - kha nang giai quyet tinh huong tot - ngoai hinh de nhin, noi chuyen luu loat, troi chay - chiu duoc cong viec ap luc cao - uu tien ung vien co kinh nghiem ban hang, vien thong… 20 phan dinh giot, p. 2 ho chi minh(vi) ho chi minh ho chi minh(ja) ho chi minh(kh) ho chi minh(th) ho chi minh(id) my pham cosmetics 化粧品 java java java java java khach san hotel ホテル សណ្ឋាគារ โรงแรม','#33 nhân viên kinh doanh các quận 5, 6, 8, bình tân, bình chánh company #33 công ty cổ phần viễn thông fpt telecom được đánh giá là nhà cung cấp dịch vụ internet (isp) có chính sách dịch vụ tốt nhất tại việt nam. trọng dụng nhân tài và phát triển nguồn nhân lực luôn là mục tiêu hàng đầu trong các chiến lược phát triển của chúng tôi. ở fpt telecom bạn sẽ được làm việc trong môi trường an toàn, thu nhập cạnh tranh và các chương trình đào tạo phát triển. - tìm kiếm thông tin, tiếp cận các khách hàng tiềm năng. - tư vấn, giải thích cho khách hàng về dịch vụ internet băng rộng (adsl), internet cáp quang (ftth) do fpt telecom đang cung cấp. - xúc tiến việc ký kết hợp đồng, đàm phán thương lượng, thực hiện cá c thủ tục ký kết hợp đồng với khách hàng. * quyền lợi: - lương: cơ bản + hoa hồng + doanh số + thưởng cực k ỳ hấp dẫn - chế độ thăng tiến rõ ràng - được tham gia các khóa đào tạo về sản phẩm và kỹ năng. - bảo hiểm nhà nước + bảo hiểm ca o cấp dành cho nhân viên và người thân fpt (fpt care). - tham gia các hoạt động phong trào (hàng năm, chúng tôi có rất nhiều hoạt động nhằm chăm lo đời sống văn hóa tinh thần cho cnbv công ty) - được xét mua cổ phiếu theo chính sách công ty. và nhiều quyền lợi k hác. - nam, tốt nghiệp ptth trở lên, làm việc toàn thời gian - cần cù chịu khó, không ngại công việc phải ra ngoài thị trường - đam mê kinh doanh - khả năng giải quyết tình huống tốt - ngoại hình dễ nhìn, nói chuyện lưu loát, trôi chảy - chịu được công việc áp lực cao - ưu tiên ứng viên có kinh nghiệm bán hàng, viễn thông… 20 phan đình giót, p. 2 ho chi minh(vi) ho chi minh ho chi minh(ja) ho chi minh(kh) ho chi minh(th) ho chi minh(id) mỹ phẩm cosmetics 化粧品 java java java java java khách sạn hotel ホテル សណ្ឋាគារ โรงแรม','ban nhan su 08 7300 2222 ( ip: 8350) 08 7300 8889 career1@careerlink.vn career2@careerlink.vn ms. ngoc diem 08 7300 2222 ( ip: 8275)','ban nhân sự 08 7300 2222 ( ip: 8350) 08 7300 8889 career1@careerlink.vn career2@careerlink.vn ms. ngọc diễm 08 7300 2222 ( ip: 8275)','Company #33','2020-05-06 09:52:24','2020-05-06 09:52:24','C',1,1,'<div style=\"text-align: justify;\"><span style=\"font-weight: bold;\">Công ty Cổ phần Viễn thông FPT Telecom được đánh giá là nhà cung cấp dịch vụ Internet (ISP) có chính sách dịch vụ tốt nhất tại Việt Nam.  Trọng dụng nhân tài và phát triển nguồn nhân lực luôn là mục tiêu hàng đầu trong các chiến lược phát triển của chúng tôi. Ở FPT Telecom bạn sẽ được làm việc trong môi trường an toàn, thu nhập cạnh tranh và các chương trình đào tạo phát triển.</span></div>','A','www.careerlink.vn',0,'2020-05-05 14:56:40',0,1,2,2),(34,1,2,1,14,5,1,34,NULL,0,1,34,'A','#34 Nhân Viên Kinh Doanh Các Quận 5, 6, 8, Bình Tân, Bình Chánh',NULL,'A','N','I',2635581,6629202,18,NULL,'M','<div style=\"text-align: justify;\">- Tìm kiếm thông tin, tiếp cận các khách hàng tiềm năng. <br>-\n               Tư vấn, giải thích cho khách hàng về dịch vụ&nbsp;Internet băng rộng\n               (ADSL),&nbsp;Internet cáp quang (FTTH) do FPT Telecom đang cung cấp.<br>- Xúc tiến việc ký kết hợp đồng, đàm phán thương lượng, thực hiện cá\n               c thủ tục ký kết hợp đồng với khách hàng.\n               <br>* <span style=\"font-weight: bold; text-decoration: underline;\">Quyền lợi:</span><br>- Lương: cơ bản + hoa hồng + doanh số + thưởng cực k\n               ỳ hấp dẫn <br>- Chế độ thăng tiến rõ ràng <br>- Được tham gia các khóa đào tạo về sản phẩm và kỹ năng. <br>- Bảo hiểm nhà nước + Bảo hiểm ca\n               o cấp dành cho Nhân viên và người thân FPT (FPT Care). <br>- Tham gia các hoạt động Phong trào (Hàng năm, chúng tôi có rất nhiều\n               hoạt động nhằm chăm lo đời sống văn hóa tinh thần cho CNBV công ty)<br>- Được xét mua Cổ phiếu theo chính sách công ty. Và nhiều quyền lợi k\n             hác.<br></div>','A','- Nam, Tốt nghiệp PTTH trở lên, làm việc toàn thời gian\n              <br>- Cần cù chịu khó, không ngại công việc phải ra ngoài thị trường\n              <br>- Đam mê kinh doanh\n              <br>- Khả năng giải quyết tình huống tốt\n              <br>- Ngoại hình dễ nhìn, nói chuyện lưu loát, trôi chảy\n              <br>- Chịu được công việc áp lực cao\n              <br>- Ưu tiên ứng viên có kinh nghiệm bán hàng, viễn thông…',1,1,1,0,NULL,'20 Phan Đình Giót, P. 2',NULL,'Ban Nhân sự','08 7300 2222 ( IP: 8350)','08 7300 8889',NULL,'[\"career1@careerlink.vn\",\"career2@careerlink.vn\"]','Ms. Ngọc Diễm','08 7300 2222 ( IP: 8275)',1,1,1,1,1,'2020-05-05',30,0,1,'N',1,0,'2020-04-09','2020-05-24','B','#34 nhan vien kinh doanh cac quan 5, 6, 8, binh tan, binh chanh company #34 cong ty co phan vien thong fpt telecom duoc danh gia la nha cung cap dich vu internet (isp) co chinh sach dich vu tot nhat tai viet nam. trong dung nhan tai va phat trien nguon nhan luc luon la muc tieu hang dau trong cac chien luoc phat trien cua chung toi. o fpt telecom ban se duoc lam viec trong moi truong an toan, thu nhap canh tranh va cac chuong trinh dao tao phat trien. - tim kiem thong tin, tiep can cac khach hang tiem nang. - tu van, giai thich cho khach hang ve dich vu internet bang rong (adsl), internet cap quang (ftth) do fpt telecom dang cung cap. - xuc tien viec ky ket hop dong, dam phan thuong luong, thuc hien ca c thu tuc ky ket hop dong voi khach hang. * quyen loi: - luong: co ban + hoa hong + doanh so + thuong cuc k y hap dan - che do thang tien ro rang - duoc tham gia cac khoa dao tao ve san pham va ky nang. - bao hiem nha nuoc + bao hiem ca o cap danh cho nhan vien va nguoi than fpt (fpt care). - tham gia cac hoat dong phong trao (hang nam, chung toi co rat nhieu hoat dong nham cham lo doi song van hoa tinh than cho cnbv cong ty) - duoc xet mua co phieu theo chinh sach cong ty. va nhieu quyen loi k hac. - nam, tot nghiep ptth tro len, lam viec toan thoi gian - can cu chiu kho, khong ngai cong viec phai ra ngoai thi truong - dam me kinh doanh - kha nang giai quyet tinh huong tot - ngoai hinh de nhin, noi chuyen luu loat, troi chay - chiu duoc cong viec ap luc cao - uu tien ung vien co kinh nghiem ban hang, vien thong… 20 phan dinh giot, p. 2 ho chi minh(vi) ho chi minh ho chi minh(ja) ho chi minh(kh) ho chi minh(th) ho chi minh(id) css css css css css my pham cosmetics 化粧品 khach san hotel ホテル សណ្ឋាគារ โรงแรม du an project プロジェクト គម្រោង โครงการ quan tan binh tan binh district tan binh区','#34 nhân viên kinh doanh các quận 5, 6, 8, bình tân, bình chánh company #34 công ty cổ phần viễn thông fpt telecom được đánh giá là nhà cung cấp dịch vụ internet (isp) có chính sách dịch vụ tốt nhất tại việt nam. trọng dụng nhân tài và phát triển nguồn nhân lực luôn là mục tiêu hàng đầu trong các chiến lược phát triển của chúng tôi. ở fpt telecom bạn sẽ được làm việc trong môi trường an toàn, thu nhập cạnh tranh và các chương trình đào tạo phát triển. - tìm kiếm thông tin, tiếp cận các khách hàng tiềm năng. - tư vấn, giải thích cho khách hàng về dịch vụ internet băng rộng (adsl), internet cáp quang (ftth) do fpt telecom đang cung cấp. - xúc tiến việc ký kết hợp đồng, đàm phán thương lượng, thực hiện cá c thủ tục ký kết hợp đồng với khách hàng. * quyền lợi: - lương: cơ bản + hoa hồng + doanh số + thưởng cực k ỳ hấp dẫn - chế độ thăng tiến rõ ràng - được tham gia các khóa đào tạo về sản phẩm và kỹ năng. - bảo hiểm nhà nước + bảo hiểm ca o cấp dành cho nhân viên và người thân fpt (fpt care). - tham gia các hoạt động phong trào (hàng năm, chúng tôi có rất nhiều hoạt động nhằm chăm lo đời sống văn hóa tinh thần cho cnbv công ty) - được xét mua cổ phiếu theo chính sách công ty. và nhiều quyền lợi k hác. - nam, tốt nghiệp ptth trở lên, làm việc toàn thời gian - cần cù chịu khó, không ngại công việc phải ra ngoài thị trường - đam mê kinh doanh - khả năng giải quyết tình huống tốt - ngoại hình dễ nhìn, nói chuyện lưu loát, trôi chảy - chịu được công việc áp lực cao - ưu tiên ứng viên có kinh nghiệm bán hàng, viễn thông… 20 phan đình giót, p. 2 ho chi minh(vi) ho chi minh ho chi minh(ja) ho chi minh(kh) ho chi minh(th) ho chi minh(id) css css css css css mỹ phẩm cosmetics 化粧品 khách sạn hotel ホテル សណ្ឋាគារ โรงแรม dự án project プロジェクト គម្រោង โครงการ quận tân bình tan binh district tan binh区','ban nhan su 08 7300 2222 ( ip: 8350) 08 7300 8889 career1@careerlink.vn career2@careerlink.vn ms. ngoc diem 08 7300 2222 ( ip: 8275)','ban nhân sự 08 7300 2222 ( ip: 8350) 08 7300 8889 career1@careerlink.vn career2@careerlink.vn ms. ngọc diễm 08 7300 2222 ( ip: 8275)','Company #34','2020-05-06 09:52:24','2020-05-06 09:52:24','C',1,1,'<div style=\"text-align: justify;\"><span style=\"font-weight: bold;\">Công ty Cổ phần Viễn thông FPT Telecom được đánh giá là nhà cung cấp dịch vụ Internet (ISP) có chính sách dịch vụ tốt nhất tại Việt Nam.  Trọng dụng nhân tài và phát triển nguồn nhân lực luôn là mục tiêu hàng đầu trong các chiến lược phát triển của chúng tôi. Ở FPT Telecom bạn sẽ được làm việc trong môi trường an toàn, thu nhập cạnh tranh và các chương trình đào tạo phát triển.</span></div>','A','www.careerlink.vn',0,'2020-05-05 14:59:59',0,1,2,2),(35,1,2,1,14,5,1,35,NULL,0,1,35,'A','#35 Nhân Viên Kinh Doanh Các Quận 5, 6, 8, Bình Tân, Bình Chánh',NULL,'A','S','I',1214603,2360151,18,NULL,'M','<div style=\"text-align: justify;\">- Tìm kiếm thông tin, tiếp cận các khách hàng tiềm năng. <br>-\n               Tư vấn, giải thích cho khách hàng về dịch vụ&nbsp;Internet băng rộng\n               (ADSL),&nbsp;Internet cáp quang (FTTH) do FPT Telecom đang cung cấp.<br>- Xúc tiến việc ký kết hợp đồng, đàm phán thương lượng, thực hiện cá\n               c thủ tục ký kết hợp đồng với khách hàng.\n               <br>* <span style=\"font-weight: bold; text-decoration: underline;\">Quyền lợi:</span><br>- Lương: cơ bản + hoa hồng + doanh số + thưởng cực k\n               ỳ hấp dẫn <br>- Chế độ thăng tiến rõ ràng <br>- Được tham gia các khóa đào tạo về sản phẩm và kỹ năng. <br>- Bảo hiểm nhà nước + Bảo hiểm ca\n               o cấp dành cho Nhân viên và người thân FPT (FPT Care). <br>- Tham gia các hoạt động Phong trào (Hàng năm, chúng tôi có rất nhiều\n               hoạt động nhằm chăm lo đời sống văn hóa tinh thần cho CNBV công ty)<br>- Được xét mua Cổ phiếu theo chính sách công ty. Và nhiều quyền lợi k\n             hác.<br></div>','A','- Nam, Tốt nghiệp PTTH trở lên, làm việc toàn thời gian\n              <br>- Cần cù chịu khó, không ngại công việc phải ra ngoài thị trường\n              <br>- Đam mê kinh doanh\n              <br>- Khả năng giải quyết tình huống tốt\n              <br>- Ngoại hình dễ nhìn, nói chuyện lưu loát, trôi chảy\n              <br>- Chịu được công việc áp lực cao\n              <br>- Ưu tiên ứng viên có kinh nghiệm bán hàng, viễn thông…',1,1,1,0,NULL,'20 Phan Đình Giót, P. 2',NULL,'Ban Nhân sự','08 7300 2222 ( IP: 8350)','08 7300 8889',NULL,'[\"career1@careerlink.vn\",\"career2@careerlink.vn\"]','Ms. Ngọc Diễm','08 7300 2222 ( IP: 8275)',1,1,1,1,1,'2020-05-05',30,0,1,'N',1,0,'2020-04-14','2020-05-11','B','#35 nhan vien kinh doanh cac quan 5, 6, 8, binh tan, binh chanh company #35 cong ty co phan vien thong fpt telecom duoc danh gia la nha cung cap dich vu internet (isp) co chinh sach dich vu tot nhat tai viet nam. trong dung nhan tai va phat trien nguon nhan luc luon la muc tieu hang dau trong cac chien luoc phat trien cua chung toi. o fpt telecom ban se duoc lam viec trong moi truong an toan, thu nhap canh tranh va cac chuong trinh dao tao phat trien. - tim kiem thong tin, tiep can cac khach hang tiem nang. - tu van, giai thich cho khach hang ve dich vu internet bang rong (adsl), internet cap quang (ftth) do fpt telecom dang cung cap. - xuc tien viec ky ket hop dong, dam phan thuong luong, thuc hien ca c thu tuc ky ket hop dong voi khach hang. * quyen loi: - luong: co ban + hoa hong + doanh so + thuong cuc k y hap dan - che do thang tien ro rang - duoc tham gia cac khoa dao tao ve san pham va ky nang. - bao hiem nha nuoc + bao hiem ca o cap danh cho nhan vien va nguoi than fpt (fpt care). - tham gia cac hoat dong phong trao (hang nam, chung toi co rat nhieu hoat dong nham cham lo doi song van hoa tinh than cho cnbv cong ty) - duoc xet mua co phieu theo chinh sach cong ty. va nhieu quyen loi k hac. - nam, tot nghiep ptth tro len, lam viec toan thoi gian - can cu chiu kho, khong ngai cong viec phai ra ngoai thi truong - dam me kinh doanh - kha nang giai quyet tinh huong tot - ngoai hinh de nhin, noi chuyen luu loat, troi chay - chiu duoc cong viec ap luc cao - uu tien ung vien co kinh nghiem ban hang, vien thong… 20 phan dinh giot, p. 2 ho chi minh(vi) ho chi minh ho chi minh(ja) ho chi minh(kh) ho chi minh(th) ho chi minh(id) quan tan binh tan binh district tan binh区 du an project プロジェクト គម្រោង โครงการ','#35 nhân viên kinh doanh các quận 5, 6, 8, bình tân, bình chánh company #35 công ty cổ phần viễn thông fpt telecom được đánh giá là nhà cung cấp dịch vụ internet (isp) có chính sách dịch vụ tốt nhất tại việt nam. trọng dụng nhân tài và phát triển nguồn nhân lực luôn là mục tiêu hàng đầu trong các chiến lược phát triển của chúng tôi. ở fpt telecom bạn sẽ được làm việc trong môi trường an toàn, thu nhập cạnh tranh và các chương trình đào tạo phát triển. - tìm kiếm thông tin, tiếp cận các khách hàng tiềm năng. - tư vấn, giải thích cho khách hàng về dịch vụ internet băng rộng (adsl), internet cáp quang (ftth) do fpt telecom đang cung cấp. - xúc tiến việc ký kết hợp đồng, đàm phán thương lượng, thực hiện cá c thủ tục ký kết hợp đồng với khách hàng. * quyền lợi: - lương: cơ bản + hoa hồng + doanh số + thưởng cực k ỳ hấp dẫn - chế độ thăng tiến rõ ràng - được tham gia các khóa đào tạo về sản phẩm và kỹ năng. - bảo hiểm nhà nước + bảo hiểm ca o cấp dành cho nhân viên và người thân fpt (fpt care). - tham gia các hoạt động phong trào (hàng năm, chúng tôi có rất nhiều hoạt động nhằm chăm lo đời sống văn hóa tinh thần cho cnbv công ty) - được xét mua cổ phiếu theo chính sách công ty. và nhiều quyền lợi k hác. - nam, tốt nghiệp ptth trở lên, làm việc toàn thời gian - cần cù chịu khó, không ngại công việc phải ra ngoài thị trường - đam mê kinh doanh - khả năng giải quyết tình huống tốt - ngoại hình dễ nhìn, nói chuyện lưu loát, trôi chảy - chịu được công việc áp lực cao - ưu tiên ứng viên có kinh nghiệm bán hàng, viễn thông… 20 phan đình giót, p. 2 ho chi minh(vi) ho chi minh ho chi minh(ja) ho chi minh(kh) ho chi minh(th) ho chi minh(id) quận tân bình tan binh district tan binh区 dự án project プロジェクト គម្រោង โครงการ','ban nhan su 08 7300 2222 ( ip: 8350) 08 7300 8889 career1@careerlink.vn career2@careerlink.vn ms. ngoc diem 08 7300 2222 ( ip: 8275)','ban nhân sự 08 7300 2222 ( ip: 8350) 08 7300 8889 career1@careerlink.vn career2@careerlink.vn ms. ngọc diễm 08 7300 2222 ( ip: 8275)','Company #35','2020-05-06 09:52:24','2020-05-06 09:52:24','C',1,1,'<div style=\"text-align: justify;\"><span style=\"font-weight: bold;\">Công ty Cổ phần Viễn thông FPT Telecom được đánh giá là nhà cung cấp dịch vụ Internet (ISP) có chính sách dịch vụ tốt nhất tại Việt Nam.  Trọng dụng nhân tài và phát triển nguồn nhân lực luôn là mục tiêu hàng đầu trong các chiến lược phát triển của chúng tôi. Ở FPT Telecom bạn sẽ được làm việc trong môi trường an toàn, thu nhập cạnh tranh và các chương trình đào tạo phát triển.</span></div>','A','www.careerlink.vn',0,'2020-05-05 15:19:53',0,1,2,2),(36,1,2,1,14,5,1,36,NULL,0,1,36,'A','#36 Nhân Viên Kinh Doanh Các Quận 5, 6, 8, Bình Tân, Bình Chánh',NULL,'A','M','M',2456903,NULL,18,NULL,'M','<div style=\"text-align: justify;\">- Tìm kiếm thông tin, tiếp cận các khách hàng tiềm năng. <br>-\n               Tư vấn, giải thích cho khách hàng về dịch vụ&nbsp;Internet băng rộng\n               (ADSL),&nbsp;Internet cáp quang (FTTH) do FPT Telecom đang cung cấp.<br>- Xúc tiến việc ký kết hợp đồng, đàm phán thương lượng, thực hiện cá\n               c thủ tục ký kết hợp đồng với khách hàng.\n               <br>* <span style=\"font-weight: bold; text-decoration: underline;\">Quyền lợi:</span><br>- Lương: cơ bản + hoa hồng + doanh số + thưởng cực k\n               ỳ hấp dẫn <br>- Chế độ thăng tiến rõ ràng <br>- Được tham gia các khóa đào tạo về sản phẩm và kỹ năng. <br>- Bảo hiểm nhà nước + Bảo hiểm ca\n               o cấp dành cho Nhân viên và người thân FPT (FPT Care). <br>- Tham gia các hoạt động Phong trào (Hàng năm, chúng tôi có rất nhiều\n               hoạt động nhằm chăm lo đời sống văn hóa tinh thần cho CNBV công ty)<br>- Được xét mua Cổ phiếu theo chính sách công ty. Và nhiều quyền lợi k\n             hác.<br></div>','A','- Nam, Tốt nghiệp PTTH trở lên, làm việc toàn thời gian\n              <br>- Cần cù chịu khó, không ngại công việc phải ra ngoài thị trường\n              <br>- Đam mê kinh doanh\n              <br>- Khả năng giải quyết tình huống tốt\n              <br>- Ngoại hình dễ nhìn, nói chuyện lưu loát, trôi chảy\n              <br>- Chịu được công việc áp lực cao\n              <br>- Ưu tiên ứng viên có kinh nghiệm bán hàng, viễn thông…',1,1,1,0,NULL,'20 Phan Đình Giót, P. 2',NULL,'Ban Nhân sự','08 7300 2222 ( IP: 8350)','08 7300 8889',NULL,'[\"career1@careerlink.vn\",\"career2@careerlink.vn\"]','Ms. Ngọc Diễm','08 7300 2222 ( IP: 8275)',1,1,1,1,1,'2020-05-05',30,0,0,'N',1,0,'2020-04-06','2020-05-23','B','#36 nhan vien kinh doanh cac quan 5, 6, 8, binh tan, binh chanh company #36 cong ty co phan vien thong fpt telecom duoc danh gia la nha cung cap dich vu internet (isp) co chinh sach dich vu tot nhat tai viet nam. trong dung nhan tai va phat trien nguon nhan luc luon la muc tieu hang dau trong cac chien luoc phat trien cua chung toi. o fpt telecom ban se duoc lam viec trong moi truong an toan, thu nhap canh tranh va cac chuong trinh dao tao phat trien. - tim kiem thong tin, tiep can cac khach hang tiem nang. - tu van, giai thich cho khach hang ve dich vu internet bang rong (adsl), internet cap quang (ftth) do fpt telecom dang cung cap. - xuc tien viec ky ket hop dong, dam phan thuong luong, thuc hien ca c thu tuc ky ket hop dong voi khach hang. * quyen loi: - luong: co ban + hoa hong + doanh so + thuong cuc k y hap dan - che do thang tien ro rang - duoc tham gia cac khoa dao tao ve san pham va ky nang. - bao hiem nha nuoc + bao hiem ca o cap danh cho nhan vien va nguoi than fpt (fpt care). - tham gia cac hoat dong phong trao (hang nam, chung toi co rat nhieu hoat dong nham cham lo doi song van hoa tinh than cho cnbv cong ty) - duoc xet mua co phieu theo chinh sach cong ty. va nhieu quyen loi k hac. - nam, tot nghiep ptth tro len, lam viec toan thoi gian - can cu chiu kho, khong ngai cong viec phai ra ngoai thi truong - dam me kinh doanh - kha nang giai quyet tinh huong tot - ngoai hinh de nhin, noi chuyen luu loat, troi chay - chiu duoc cong viec ap luc cao - uu tien ung vien co kinh nghiem ban hang, vien thong… 20 phan dinh giot, p. 2 ho chi minh(vi) ho chi minh ho chi minh(ja) ho chi minh(kh) ho chi minh(th) ho chi minh(id) joomla joomla joomla joomla joomla du an project プロジェクト គម្រោង โครงการ css css css css css tieng viet vietnamese ベトナム語 java java java java java','#36 nhân viên kinh doanh các quận 5, 6, 8, bình tân, bình chánh company #36 công ty cổ phần viễn thông fpt telecom được đánh giá là nhà cung cấp dịch vụ internet (isp) có chính sách dịch vụ tốt nhất tại việt nam. trọng dụng nhân tài và phát triển nguồn nhân lực luôn là mục tiêu hàng đầu trong các chiến lược phát triển của chúng tôi. ở fpt telecom bạn sẽ được làm việc trong môi trường an toàn, thu nhập cạnh tranh và các chương trình đào tạo phát triển. - tìm kiếm thông tin, tiếp cận các khách hàng tiềm năng. - tư vấn, giải thích cho khách hàng về dịch vụ internet băng rộng (adsl), internet cáp quang (ftth) do fpt telecom đang cung cấp. - xúc tiến việc ký kết hợp đồng, đàm phán thương lượng, thực hiện cá c thủ tục ký kết hợp đồng với khách hàng. * quyền lợi: - lương: cơ bản + hoa hồng + doanh số + thưởng cực k ỳ hấp dẫn - chế độ thăng tiến rõ ràng - được tham gia các khóa đào tạo về sản phẩm và kỹ năng. - bảo hiểm nhà nước + bảo hiểm ca o cấp dành cho nhân viên và người thân fpt (fpt care). - tham gia các hoạt động phong trào (hàng năm, chúng tôi có rất nhiều hoạt động nhằm chăm lo đời sống văn hóa tinh thần cho cnbv công ty) - được xét mua cổ phiếu theo chính sách công ty. và nhiều quyền lợi k hác. - nam, tốt nghiệp ptth trở lên, làm việc toàn thời gian - cần cù chịu khó, không ngại công việc phải ra ngoài thị trường - đam mê kinh doanh - khả năng giải quyết tình huống tốt - ngoại hình dễ nhìn, nói chuyện lưu loát, trôi chảy - chịu được công việc áp lực cao - ưu tiên ứng viên có kinh nghiệm bán hàng, viễn thông… 20 phan đình giót, p. 2 ho chi minh(vi) ho chi minh ho chi minh(ja) ho chi minh(kh) ho chi minh(th) ho chi minh(id) joomla joomla joomla joomla joomla dự án project プロジェクト គម្រោង โครงการ css css css css css tiếng việt vietnamese ベトナム語 java java java java java','ban nhan su 08 7300 2222 ( ip: 8350) 08 7300 8889 career1@careerlink.vn career2@careerlink.vn ms. ngoc diem 08 7300 2222 ( ip: 8275)','ban nhân sự 08 7300 2222 ( ip: 8350) 08 7300 8889 career1@careerlink.vn career2@careerlink.vn ms. ngọc diễm 08 7300 2222 ( ip: 8275)','Company #36','2020-05-06 09:52:25','2020-05-06 09:52:25','C',1,1,'<div style=\"text-align: justify;\"><span style=\"font-weight: bold;\">Công ty Cổ phần Viễn thông FPT Telecom được đánh giá là nhà cung cấp dịch vụ Internet (ISP) có chính sách dịch vụ tốt nhất tại Việt Nam.  Trọng dụng nhân tài và phát triển nguồn nhân lực luôn là mục tiêu hàng đầu trong các chiến lược phát triển của chúng tôi. Ở FPT Telecom bạn sẽ được làm việc trong môi trường an toàn, thu nhập cạnh tranh và các chương trình đào tạo phát triển.</span></div>','A','www.careerlink.vn',0,'2020-05-05 17:26:04',0,1,2,NULL),(37,1,2,1,14,5,1,37,NULL,0,1,37,'A','#37 Nhân Viên Kinh Doanh Các Quận 5, 6, 8, Bình Tân, Bình Chánh',NULL,'A','P','I',7547015,7922678,18,NULL,'M','<div style=\"text-align: justify;\">- Tìm kiếm thông tin, tiếp cận các khách hàng tiềm năng. <br>-\n               Tư vấn, giải thích cho khách hàng về dịch vụ&nbsp;Internet băng rộng\n               (ADSL),&nbsp;Internet cáp quang (FTTH) do FPT Telecom đang cung cấp.<br>- Xúc tiến việc ký kết hợp đồng, đàm phán thương lượng, thực hiện cá\n               c thủ tục ký kết hợp đồng với khách hàng.\n               <br>* <span style=\"font-weight: bold; text-decoration: underline;\">Quyền lợi:</span><br>- Lương: cơ bản + hoa hồng + doanh số + thưởng cực k\n               ỳ hấp dẫn <br>- Chế độ thăng tiến rõ ràng <br>- Được tham gia các khóa đào tạo về sản phẩm và kỹ năng. <br>- Bảo hiểm nhà nước + Bảo hiểm ca\n               o cấp dành cho Nhân viên và người thân FPT (FPT Care). <br>- Tham gia các hoạt động Phong trào (Hàng năm, chúng tôi có rất nhiều\n               hoạt động nhằm chăm lo đời sống văn hóa tinh thần cho CNBV công ty)<br>- Được xét mua Cổ phiếu theo chính sách công ty. Và nhiều quyền lợi k\n             hác.<br></div>','A','- Nam, Tốt nghiệp PTTH trở lên, làm việc toàn thời gian\n              <br>- Cần cù chịu khó, không ngại công việc phải ra ngoài thị trường\n              <br>- Đam mê kinh doanh\n              <br>- Khả năng giải quyết tình huống tốt\n              <br>- Ngoại hình dễ nhìn, nói chuyện lưu loát, trôi chảy\n              <br>- Chịu được công việc áp lực cao\n              <br>- Ưu tiên ứng viên có kinh nghiệm bán hàng, viễn thông…',1,1,1,0,NULL,'20 Phan Đình Giót, P. 2',NULL,'Ban Nhân sự','08 7300 2222 ( IP: 8350)','08 7300 8889',NULL,'[\"career1@careerlink.vn\",\"career2@careerlink.vn\"]','Ms. Ngọc Diễm','08 7300 2222 ( IP: 8275)',1,1,1,1,1,'2020-05-05',30,0,0,'N',1,0,'2020-04-22','2020-05-24','B','#37 nhan vien kinh doanh cac quan 5, 6, 8, binh tan, binh chanh company #37 cong ty co phan vien thong fpt telecom duoc danh gia la nha cung cap dich vu internet (isp) co chinh sach dich vu tot nhat tai viet nam. trong dung nhan tai va phat trien nguon nhan luc luon la muc tieu hang dau trong cac chien luoc phat trien cua chung toi. o fpt telecom ban se duoc lam viec trong moi truong an toan, thu nhap canh tranh va cac chuong trinh dao tao phat trien. - tim kiem thong tin, tiep can cac khach hang tiem nang. - tu van, giai thich cho khach hang ve dich vu internet bang rong (adsl), internet cap quang (ftth) do fpt telecom dang cung cap. - xuc tien viec ky ket hop dong, dam phan thuong luong, thuc hien ca c thu tuc ky ket hop dong voi khach hang. * quyen loi: - luong: co ban + hoa hong + doanh so + thuong cuc k y hap dan - che do thang tien ro rang - duoc tham gia cac khoa dao tao ve san pham va ky nang. - bao hiem nha nuoc + bao hiem ca o cap danh cho nhan vien va nguoi than fpt (fpt care). - tham gia cac hoat dong phong trao (hang nam, chung toi co rat nhieu hoat dong nham cham lo doi song van hoa tinh than cho cnbv cong ty) - duoc xet mua co phieu theo chinh sach cong ty. va nhieu quyen loi k hac. - nam, tot nghiep ptth tro len, lam viec toan thoi gian - can cu chiu kho, khong ngai cong viec phai ra ngoai thi truong - dam me kinh doanh - kha nang giai quyet tinh huong tot - ngoai hinh de nhin, noi chuyen luu loat, troi chay - chiu duoc cong viec ap luc cao - uu tien ung vien co kinh nghiem ban hang, vien thong… 20 phan dinh giot, p. 2 ho chi minh(vi) ho chi minh ho chi minh(ja) ho chi minh(kh) ho chi minh(th) ho chi minh(id) java java java java java','#37 nhân viên kinh doanh các quận 5, 6, 8, bình tân, bình chánh company #37 công ty cổ phần viễn thông fpt telecom được đánh giá là nhà cung cấp dịch vụ internet (isp) có chính sách dịch vụ tốt nhất tại việt nam. trọng dụng nhân tài và phát triển nguồn nhân lực luôn là mục tiêu hàng đầu trong các chiến lược phát triển của chúng tôi. ở fpt telecom bạn sẽ được làm việc trong môi trường an toàn, thu nhập cạnh tranh và các chương trình đào tạo phát triển. - tìm kiếm thông tin, tiếp cận các khách hàng tiềm năng. - tư vấn, giải thích cho khách hàng về dịch vụ internet băng rộng (adsl), internet cáp quang (ftth) do fpt telecom đang cung cấp. - xúc tiến việc ký kết hợp đồng, đàm phán thương lượng, thực hiện cá c thủ tục ký kết hợp đồng với khách hàng. * quyền lợi: - lương: cơ bản + hoa hồng + doanh số + thưởng cực k ỳ hấp dẫn - chế độ thăng tiến rõ ràng - được tham gia các khóa đào tạo về sản phẩm và kỹ năng. - bảo hiểm nhà nước + bảo hiểm ca o cấp dành cho nhân viên và người thân fpt (fpt care). - tham gia các hoạt động phong trào (hàng năm, chúng tôi có rất nhiều hoạt động nhằm chăm lo đời sống văn hóa tinh thần cho cnbv công ty) - được xét mua cổ phiếu theo chính sách công ty. và nhiều quyền lợi k hác. - nam, tốt nghiệp ptth trở lên, làm việc toàn thời gian - cần cù chịu khó, không ngại công việc phải ra ngoài thị trường - đam mê kinh doanh - khả năng giải quyết tình huống tốt - ngoại hình dễ nhìn, nói chuyện lưu loát, trôi chảy - chịu được công việc áp lực cao - ưu tiên ứng viên có kinh nghiệm bán hàng, viễn thông… 20 phan đình giót, p. 2 ho chi minh(vi) ho chi minh ho chi minh(ja) ho chi minh(kh) ho chi minh(th) ho chi minh(id) java java java java java','ban nhan su 08 7300 2222 ( ip: 8350) 08 7300 8889 career1@careerlink.vn career2@careerlink.vn ms. ngoc diem 08 7300 2222 ( ip: 8275)','ban nhân sự 08 7300 2222 ( ip: 8350) 08 7300 8889 career1@careerlink.vn career2@careerlink.vn ms. ngọc diễm 08 7300 2222 ( ip: 8275)','Company #37','2020-05-06 09:52:25','2020-05-06 09:52:25','C',1,1,'<div style=\"text-align: justify;\"><span style=\"font-weight: bold;\">Công ty Cổ phần Viễn thông FPT Telecom được đánh giá là nhà cung cấp dịch vụ Internet (ISP) có chính sách dịch vụ tốt nhất tại Việt Nam.  Trọng dụng nhân tài và phát triển nguồn nhân lực luôn là mục tiêu hàng đầu trong các chiến lược phát triển của chúng tôi. Ở FPT Telecom bạn sẽ được làm việc trong môi trường an toàn, thu nhập cạnh tranh và các chương trình đào tạo phát triển.</span></div>','A','www.careerlink.vn',0,'2020-05-05 19:42:25',0,1,2,2),(38,1,2,1,14,5,1,38,NULL,0,1,38,'A','#38 Nhân Viên Kinh Doanh Các Quận 5, 6, 8, Bình Tân, Bình Chánh',NULL,'A','T','I',3011454,3200790,18,NULL,'M','<div style=\"text-align: justify;\">- Tìm kiếm thông tin, tiếp cận các khách hàng tiềm năng. <br>-\n               Tư vấn, giải thích cho khách hàng về dịch vụ&nbsp;Internet băng rộng\n               (ADSL),&nbsp;Internet cáp quang (FTTH) do FPT Telecom đang cung cấp.<br>- Xúc tiến việc ký kết hợp đồng, đàm phán thương lượng, thực hiện cá\n               c thủ tục ký kết hợp đồng với khách hàng.\n               <br>* <span style=\"font-weight: bold; text-decoration: underline;\">Quyền lợi:</span><br>- Lương: cơ bản + hoa hồng + doanh số + thưởng cực k\n               ỳ hấp dẫn <br>- Chế độ thăng tiến rõ ràng <br>- Được tham gia các khóa đào tạo về sản phẩm và kỹ năng. <br>- Bảo hiểm nhà nước + Bảo hiểm ca\n               o cấp dành cho Nhân viên và người thân FPT (FPT Care). <br>- Tham gia các hoạt động Phong trào (Hàng năm, chúng tôi có rất nhiều\n               hoạt động nhằm chăm lo đời sống văn hóa tinh thần cho CNBV công ty)<br>- Được xét mua Cổ phiếu theo chính sách công ty. Và nhiều quyền lợi k\n             hác.<br></div>','A','- Nam, Tốt nghiệp PTTH trở lên, làm việc toàn thời gian\n              <br>- Cần cù chịu khó, không ngại công việc phải ra ngoài thị trường\n              <br>- Đam mê kinh doanh\n              <br>- Khả năng giải quyết tình huống tốt\n              <br>- Ngoại hình dễ nhìn, nói chuyện lưu loát, trôi chảy\n              <br>- Chịu được công việc áp lực cao\n              <br>- Ưu tiên ứng viên có kinh nghiệm bán hàng, viễn thông…',1,1,1,0,NULL,'20 Phan Đình Giót, P. 2',NULL,'Ban Nhân sự','08 7300 2222 ( IP: 8350)','08 7300 8889',NULL,'[\"career1@careerlink.vn\",\"career2@careerlink.vn\"]','Ms. Ngọc Diễm','08 7300 2222 ( IP: 8275)',1,1,1,1,1,'2020-05-05',30,0,0,'N',1,0,'2020-05-02','2020-05-28','B','#38 nhan vien kinh doanh cac quan 5, 6, 8, binh tan, binh chanh company #38 cong ty co phan vien thong fpt telecom duoc danh gia la nha cung cap dich vu internet (isp) co chinh sach dich vu tot nhat tai viet nam. trong dung nhan tai va phat trien nguon nhan luc luon la muc tieu hang dau trong cac chien luoc phat trien cua chung toi. o fpt telecom ban se duoc lam viec trong moi truong an toan, thu nhap canh tranh va cac chuong trinh dao tao phat trien. - tim kiem thong tin, tiep can cac khach hang tiem nang. - tu van, giai thich cho khach hang ve dich vu internet bang rong (adsl), internet cap quang (ftth) do fpt telecom dang cung cap. - xuc tien viec ky ket hop dong, dam phan thuong luong, thuc hien ca c thu tuc ky ket hop dong voi khach hang. * quyen loi: - luong: co ban + hoa hong + doanh so + thuong cuc k y hap dan - che do thang tien ro rang - duoc tham gia cac khoa dao tao ve san pham va ky nang. - bao hiem nha nuoc + bao hiem ca o cap danh cho nhan vien va nguoi than fpt (fpt care). - tham gia cac hoat dong phong trao (hang nam, chung toi co rat nhieu hoat dong nham cham lo doi song van hoa tinh than cho cnbv cong ty) - duoc xet mua co phieu theo chinh sach cong ty. va nhieu quyen loi k hac. - nam, tot nghiep ptth tro len, lam viec toan thoi gian - can cu chiu kho, khong ngai cong viec phai ra ngoai thi truong - dam me kinh doanh - kha nang giai quyet tinh huong tot - ngoai hinh de nhin, noi chuyen luu loat, troi chay - chiu duoc cong viec ap luc cao - uu tien ung vien co kinh nghiem ban hang, vien thong… 20 phan dinh giot, p. 2 ho chi minh(vi) ho chi minh ho chi minh(ja) ho chi minh(kh) ho chi minh(th) ho chi minh(id) du an project プロジェクト គម្រោង โครงการ css css css css css mysql mysql mysql mysql mysql my pham cosmetics 化粧品 php php php php php','#38 nhân viên kinh doanh các quận 5, 6, 8, bình tân, bình chánh company #38 công ty cổ phần viễn thông fpt telecom được đánh giá là nhà cung cấp dịch vụ internet (isp) có chính sách dịch vụ tốt nhất tại việt nam. trọng dụng nhân tài và phát triển nguồn nhân lực luôn là mục tiêu hàng đầu trong các chiến lược phát triển của chúng tôi. ở fpt telecom bạn sẽ được làm việc trong môi trường an toàn, thu nhập cạnh tranh và các chương trình đào tạo phát triển. - tìm kiếm thông tin, tiếp cận các khách hàng tiềm năng. - tư vấn, giải thích cho khách hàng về dịch vụ internet băng rộng (adsl), internet cáp quang (ftth) do fpt telecom đang cung cấp. - xúc tiến việc ký kết hợp đồng, đàm phán thương lượng, thực hiện cá c thủ tục ký kết hợp đồng với khách hàng. * quyền lợi: - lương: cơ bản + hoa hồng + doanh số + thưởng cực k ỳ hấp dẫn - chế độ thăng tiến rõ ràng - được tham gia các khóa đào tạo về sản phẩm và kỹ năng. - bảo hiểm nhà nước + bảo hiểm ca o cấp dành cho nhân viên và người thân fpt (fpt care). - tham gia các hoạt động phong trào (hàng năm, chúng tôi có rất nhiều hoạt động nhằm chăm lo đời sống văn hóa tinh thần cho cnbv công ty) - được xét mua cổ phiếu theo chính sách công ty. và nhiều quyền lợi k hác. - nam, tốt nghiệp ptth trở lên, làm việc toàn thời gian - cần cù chịu khó, không ngại công việc phải ra ngoài thị trường - đam mê kinh doanh - khả năng giải quyết tình huống tốt - ngoại hình dễ nhìn, nói chuyện lưu loát, trôi chảy - chịu được công việc áp lực cao - ưu tiên ứng viên có kinh nghiệm bán hàng, viễn thông… 20 phan đình giót, p. 2 ho chi minh(vi) ho chi minh ho chi minh(ja) ho chi minh(kh) ho chi minh(th) ho chi minh(id) dự án project プロジェクト គម្រោង โครงการ css css css css css mysql mysql mysql mysql mysql mỹ phẩm cosmetics 化粧品 php php php php php','ban nhan su 08 7300 2222 ( ip: 8350) 08 7300 8889 career1@careerlink.vn career2@careerlink.vn ms. ngoc diem 08 7300 2222 ( ip: 8275)','ban nhân sự 08 7300 2222 ( ip: 8350) 08 7300 8889 career1@careerlink.vn career2@careerlink.vn ms. ngọc diễm 08 7300 2222 ( ip: 8275)','Company #38','2020-05-06 09:52:25','2020-05-06 09:52:25','C',1,1,'<div style=\"text-align: justify;\"><span style=\"font-weight: bold;\">Công ty Cổ phần Viễn thông FPT Telecom được đánh giá là nhà cung cấp dịch vụ Internet (ISP) có chính sách dịch vụ tốt nhất tại Việt Nam.  Trọng dụng nhân tài và phát triển nguồn nhân lực luôn là mục tiêu hàng đầu trong các chiến lược phát triển của chúng tôi. Ở FPT Telecom bạn sẽ được làm việc trong môi trường an toàn, thu nhập cạnh tranh và các chương trình đào tạo phát triển.</span></div>','A','www.careerlink.vn',0,'2020-05-05 19:59:28',0,1,2,2),(39,1,2,1,14,5,1,39,NULL,0,1,39,'A','#39 Nhân Viên Kinh Doanh Các Quận 5, 6, 8, Bình Tân, Bình Chánh',NULL,'A','E','M',4870066,NULL,18,NULL,'M','<div style=\"text-align: justify;\">- Tìm kiếm thông tin, tiếp cận các khách hàng tiềm năng. <br>-\n               Tư vấn, giải thích cho khách hàng về dịch vụ&nbsp;Internet băng rộng\n               (ADSL),&nbsp;Internet cáp quang (FTTH) do FPT Telecom đang cung cấp.<br>- Xúc tiến việc ký kết hợp đồng, đàm phán thương lượng, thực hiện cá\n               c thủ tục ký kết hợp đồng với khách hàng.\n               <br>* <span style=\"font-weight: bold; text-decoration: underline;\">Quyền lợi:</span><br>- Lương: cơ bản + hoa hồng + doanh số + thưởng cực k\n               ỳ hấp dẫn <br>- Chế độ thăng tiến rõ ràng <br>- Được tham gia các khóa đào tạo về sản phẩm và kỹ năng. <br>- Bảo hiểm nhà nước + Bảo hiểm ca\n               o cấp dành cho Nhân viên và người thân FPT (FPT Care). <br>- Tham gia các hoạt động Phong trào (Hàng năm, chúng tôi có rất nhiều\n               hoạt động nhằm chăm lo đời sống văn hóa tinh thần cho CNBV công ty)<br>- Được xét mua Cổ phiếu theo chính sách công ty. Và nhiều quyền lợi k\n             hác.<br></div>','A','- Nam, Tốt nghiệp PTTH trở lên, làm việc toàn thời gian\n              <br>- Cần cù chịu khó, không ngại công việc phải ra ngoài thị trường\n              <br>- Đam mê kinh doanh\n              <br>- Khả năng giải quyết tình huống tốt\n              <br>- Ngoại hình dễ nhìn, nói chuyện lưu loát, trôi chảy\n              <br>- Chịu được công việc áp lực cao\n              <br>- Ưu tiên ứng viên có kinh nghiệm bán hàng, viễn thông…',1,1,1,0,NULL,'20 Phan Đình Giót, P. 2',NULL,'Ban Nhân sự','08 7300 2222 ( IP: 8350)','08 7300 8889',NULL,'[\"career1@careerlink.vn\",\"career2@careerlink.vn\"]','Ms. Ngọc Diễm','08 7300 2222 ( IP: 8275)',1,1,1,1,1,'2020-05-05',30,0,0,'N',1,0,'2020-04-14','2020-05-27','B','#39 nhan vien kinh doanh cac quan 5, 6, 8, binh tan, binh chanh company #39 cong ty co phan vien thong fpt telecom duoc danh gia la nha cung cap dich vu internet (isp) co chinh sach dich vu tot nhat tai viet nam. trong dung nhan tai va phat trien nguon nhan luc luon la muc tieu hang dau trong cac chien luoc phat trien cua chung toi. o fpt telecom ban se duoc lam viec trong moi truong an toan, thu nhap canh tranh va cac chuong trinh dao tao phat trien. - tim kiem thong tin, tiep can cac khach hang tiem nang. - tu van, giai thich cho khach hang ve dich vu internet bang rong (adsl), internet cap quang (ftth) do fpt telecom dang cung cap. - xuc tien viec ky ket hop dong, dam phan thuong luong, thuc hien ca c thu tuc ky ket hop dong voi khach hang. * quyen loi: - luong: co ban + hoa hong + doanh so + thuong cuc k y hap dan - che do thang tien ro rang - duoc tham gia cac khoa dao tao ve san pham va ky nang. - bao hiem nha nuoc + bao hiem ca o cap danh cho nhan vien va nguoi than fpt (fpt care). - tham gia cac hoat dong phong trao (hang nam, chung toi co rat nhieu hoat dong nham cham lo doi song van hoa tinh than cho cnbv cong ty) - duoc xet mua co phieu theo chinh sach cong ty. va nhieu quyen loi k hac. - nam, tot nghiep ptth tro len, lam viec toan thoi gian - can cu chiu kho, khong ngai cong viec phai ra ngoai thi truong - dam me kinh doanh - kha nang giai quyet tinh huong tot - ngoai hinh de nhin, noi chuyen luu loat, troi chay - chiu duoc cong viec ap luc cao - uu tien ung vien co kinh nghiem ban hang, vien thong… 20 phan dinh giot, p. 2 ho chi minh(vi) ho chi minh ho chi minh(ja) ho chi minh(kh) ho chi minh(th) ho chi minh(id) .net .net .net .net .net du an project プロジェクト គម្រោង โครงการ','#39 nhân viên kinh doanh các quận 5, 6, 8, bình tân, bình chánh company #39 công ty cổ phần viễn thông fpt telecom được đánh giá là nhà cung cấp dịch vụ internet (isp) có chính sách dịch vụ tốt nhất tại việt nam. trọng dụng nhân tài và phát triển nguồn nhân lực luôn là mục tiêu hàng đầu trong các chiến lược phát triển của chúng tôi. ở fpt telecom bạn sẽ được làm việc trong môi trường an toàn, thu nhập cạnh tranh và các chương trình đào tạo phát triển. - tìm kiếm thông tin, tiếp cận các khách hàng tiềm năng. - tư vấn, giải thích cho khách hàng về dịch vụ internet băng rộng (adsl), internet cáp quang (ftth) do fpt telecom đang cung cấp. - xúc tiến việc ký kết hợp đồng, đàm phán thương lượng, thực hiện cá c thủ tục ký kết hợp đồng với khách hàng. * quyền lợi: - lương: cơ bản + hoa hồng + doanh số + thưởng cực k ỳ hấp dẫn - chế độ thăng tiến rõ ràng - được tham gia các khóa đào tạo về sản phẩm và kỹ năng. - bảo hiểm nhà nước + bảo hiểm ca o cấp dành cho nhân viên và người thân fpt (fpt care). - tham gia các hoạt động phong trào (hàng năm, chúng tôi có rất nhiều hoạt động nhằm chăm lo đời sống văn hóa tinh thần cho cnbv công ty) - được xét mua cổ phiếu theo chính sách công ty. và nhiều quyền lợi k hác. - nam, tốt nghiệp ptth trở lên, làm việc toàn thời gian - cần cù chịu khó, không ngại công việc phải ra ngoài thị trường - đam mê kinh doanh - khả năng giải quyết tình huống tốt - ngoại hình dễ nhìn, nói chuyện lưu loát, trôi chảy - chịu được công việc áp lực cao - ưu tiên ứng viên có kinh nghiệm bán hàng, viễn thông… 20 phan đình giót, p. 2 ho chi minh(vi) ho chi minh ho chi minh(ja) ho chi minh(kh) ho chi minh(th) ho chi minh(id) .net .net .net .net .net dự án project プロジェクト គម្រោង โครงการ','ban nhan su 08 7300 2222 ( ip: 8350) 08 7300 8889 career1@careerlink.vn career2@careerlink.vn ms. ngoc diem 08 7300 2222 ( ip: 8275)','ban nhân sự 08 7300 2222 ( ip: 8350) 08 7300 8889 career1@careerlink.vn career2@careerlink.vn ms. ngọc diễm 08 7300 2222 ( ip: 8275)','Company #39','2020-05-06 09:52:25','2020-05-06 09:52:25','C',1,1,'<div style=\"text-align: justify;\"><span style=\"font-weight: bold;\">Công ty Cổ phần Viễn thông FPT Telecom được đánh giá là nhà cung cấp dịch vụ Internet (ISP) có chính sách dịch vụ tốt nhất tại Việt Nam.  Trọng dụng nhân tài và phát triển nguồn nhân lực luôn là mục tiêu hàng đầu trong các chiến lược phát triển của chúng tôi. Ở FPT Telecom bạn sẽ được làm việc trong môi trường an toàn, thu nhập cạnh tranh và các chương trình đào tạo phát triển.</span></div>','A','www.careerlink.vn',0,'2020-05-05 21:38:02',0,1,2,NULL),(40,1,2,1,14,5,1,40,NULL,0,1,40,'A','#40 Nhân Viên Kinh Doanh Các Quận 5, 6, 8, Bình Tân, Bình Chánh',NULL,'A','M','I',6158121,9985737,18,NULL,'M','<div style=\"text-align: justify;\">- Tìm kiếm thông tin, tiếp cận các khách hàng tiềm năng. <br>-\n               Tư vấn, giải thích cho khách hàng về dịch vụ&nbsp;Internet băng rộng\n               (ADSL),&nbsp;Internet cáp quang (FTTH) do FPT Telecom đang cung cấp.<br>- Xúc tiến việc ký kết hợp đồng, đàm phán thương lượng, thực hiện cá\n               c thủ tục ký kết hợp đồng với khách hàng.\n               <br>* <span style=\"font-weight: bold; text-decoration: underline;\">Quyền lợi:</span><br>- Lương: cơ bản + hoa hồng + doanh số + thưởng cực k\n               ỳ hấp dẫn <br>- Chế độ thăng tiến rõ ràng <br>- Được tham gia các khóa đào tạo về sản phẩm và kỹ năng. <br>- Bảo hiểm nhà nước + Bảo hiểm ca\n               o cấp dành cho Nhân viên và người thân FPT (FPT Care). <br>- Tham gia các hoạt động Phong trào (Hàng năm, chúng tôi có rất nhiều\n               hoạt động nhằm chăm lo đời sống văn hóa tinh thần cho CNBV công ty)<br>- Được xét mua Cổ phiếu theo chính sách công ty. Và nhiều quyền lợi k\n             hác.<br></div>','A','- Nam, Tốt nghiệp PTTH trở lên, làm việc toàn thời gian\n              <br>- Cần cù chịu khó, không ngại công việc phải ra ngoài thị trường\n              <br>- Đam mê kinh doanh\n              <br>- Khả năng giải quyết tình huống tốt\n              <br>- Ngoại hình dễ nhìn, nói chuyện lưu loát, trôi chảy\n              <br>- Chịu được công việc áp lực cao\n              <br>- Ưu tiên ứng viên có kinh nghiệm bán hàng, viễn thông…',1,1,1,0,NULL,'20 Phan Đình Giót, P. 2',NULL,'Ban Nhân sự','08 7300 2222 ( IP: 8350)','08 7300 8889',NULL,'[\"career1@careerlink.vn\",\"career2@careerlink.vn\"]','Ms. Ngọc Diễm','08 7300 2222 ( IP: 8275)',1,1,1,1,1,'2020-05-05',30,0,0,'N',1,0,'2020-05-06','2020-05-13','B','#40 nhan vien kinh doanh cac quan 5, 6, 8, binh tan, binh chanh company #40 cong ty co phan vien thong fpt telecom duoc danh gia la nha cung cap dich vu internet (isp) co chinh sach dich vu tot nhat tai viet nam. trong dung nhan tai va phat trien nguon nhan luc luon la muc tieu hang dau trong cac chien luoc phat trien cua chung toi. o fpt telecom ban se duoc lam viec trong moi truong an toan, thu nhap canh tranh va cac chuong trinh dao tao phat trien. - tim kiem thong tin, tiep can cac khach hang tiem nang. - tu van, giai thich cho khach hang ve dich vu internet bang rong (adsl), internet cap quang (ftth) do fpt telecom dang cung cap. - xuc tien viec ky ket hop dong, dam phan thuong luong, thuc hien ca c thu tuc ky ket hop dong voi khach hang. * quyen loi: - luong: co ban + hoa hong + doanh so + thuong cuc k y hap dan - che do thang tien ro rang - duoc tham gia cac khoa dao tao ve san pham va ky nang. - bao hiem nha nuoc + bao hiem ca o cap danh cho nhan vien va nguoi than fpt (fpt care). - tham gia cac hoat dong phong trao (hang nam, chung toi co rat nhieu hoat dong nham cham lo doi song van hoa tinh than cho cnbv cong ty) - duoc xet mua co phieu theo chinh sach cong ty. va nhieu quyen loi k hac. - nam, tot nghiep ptth tro len, lam viec toan thoi gian - can cu chiu kho, khong ngai cong viec phai ra ngoai thi truong - dam me kinh doanh - kha nang giai quyet tinh huong tot - ngoai hinh de nhin, noi chuyen luu loat, troi chay - chiu duoc cong viec ap luc cao - uu tien ung vien co kinh nghiem ban hang, vien thong… 20 phan dinh giot, p. 2 ho chi minh(vi) ho chi minh ho chi minh(ja) ho chi minh(kh) ho chi minh(th) ho chi minh(id) mysql mysql mysql mysql mysql .net .net .net .net .net css css css css css','#40 nhân viên kinh doanh các quận 5, 6, 8, bình tân, bình chánh company #40 công ty cổ phần viễn thông fpt telecom được đánh giá là nhà cung cấp dịch vụ internet (isp) có chính sách dịch vụ tốt nhất tại việt nam. trọng dụng nhân tài và phát triển nguồn nhân lực luôn là mục tiêu hàng đầu trong các chiến lược phát triển của chúng tôi. ở fpt telecom bạn sẽ được làm việc trong môi trường an toàn, thu nhập cạnh tranh và các chương trình đào tạo phát triển. - tìm kiếm thông tin, tiếp cận các khách hàng tiềm năng. - tư vấn, giải thích cho khách hàng về dịch vụ internet băng rộng (adsl), internet cáp quang (ftth) do fpt telecom đang cung cấp. - xúc tiến việc ký kết hợp đồng, đàm phán thương lượng, thực hiện cá c thủ tục ký kết hợp đồng với khách hàng. * quyền lợi: - lương: cơ bản + hoa hồng + doanh số + thưởng cực k ỳ hấp dẫn - chế độ thăng tiến rõ ràng - được tham gia các khóa đào tạo về sản phẩm và kỹ năng. - bảo hiểm nhà nước + bảo hiểm ca o cấp dành cho nhân viên và người thân fpt (fpt care). - tham gia các hoạt động phong trào (hàng năm, chúng tôi có rất nhiều hoạt động nhằm chăm lo đời sống văn hóa tinh thần cho cnbv công ty) - được xét mua cổ phiếu theo chính sách công ty. và nhiều quyền lợi k hác. - nam, tốt nghiệp ptth trở lên, làm việc toàn thời gian - cần cù chịu khó, không ngại công việc phải ra ngoài thị trường - đam mê kinh doanh - khả năng giải quyết tình huống tốt - ngoại hình dễ nhìn, nói chuyện lưu loát, trôi chảy - chịu được công việc áp lực cao - ưu tiên ứng viên có kinh nghiệm bán hàng, viễn thông… 20 phan đình giót, p. 2 ho chi minh(vi) ho chi minh ho chi minh(ja) ho chi minh(kh) ho chi minh(th) ho chi minh(id) mysql mysql mysql mysql mysql .net .net .net .net .net css css css css css','ban nhan su 08 7300 2222 ( ip: 8350) 08 7300 8889 career1@careerlink.vn career2@careerlink.vn ms. ngoc diem 08 7300 2222 ( ip: 8275)','ban nhân sự 08 7300 2222 ( ip: 8350) 08 7300 8889 career1@careerlink.vn career2@careerlink.vn ms. ngọc diễm 08 7300 2222 ( ip: 8275)','Company #40','2020-05-06 09:52:25','2020-05-06 09:52:25','C',1,1,'<div style=\"text-align: justify;\"><span style=\"font-weight: bold;\">Công ty Cổ phần Viễn thông FPT Telecom được đánh giá là nhà cung cấp dịch vụ Internet (ISP) có chính sách dịch vụ tốt nhất tại Việt Nam.  Trọng dụng nhân tài và phát triển nguồn nhân lực luôn là mục tiêu hàng đầu trong các chiến lược phát triển của chúng tôi. Ở FPT Telecom bạn sẽ được làm việc trong môi trường an toàn, thu nhập cạnh tranh và các chương trình đào tạo phát triển.</span></div>','A','www.careerlink.vn',0,'2020-05-05 21:42:48',0,1,2,2),(41,1,2,1,14,5,1,41,NULL,0,1,41,'A','#41 Nhân Viên Kinh Doanh Các Quận 5, 6, 8, Bình Tân, Bình Chánh',NULL,'A','M','I',6987946,9143192,18,NULL,'M','<div style=\"text-align: justify;\">- Tìm kiếm thông tin, tiếp cận các khách hàng tiềm năng. <br>-\n               Tư vấn, giải thích cho khách hàng về dịch vụ&nbsp;Internet băng rộng\n               (ADSL),&nbsp;Internet cáp quang (FTTH) do FPT Telecom đang cung cấp.<br>- Xúc tiến việc ký kết hợp đồng, đàm phán thương lượng, thực hiện cá\n               c thủ tục ký kết hợp đồng với khách hàng.\n               <br>* <span style=\"font-weight: bold; text-decoration: underline;\">Quyền lợi:</span><br>- Lương: cơ bản + hoa hồng + doanh số + thưởng cực k\n               ỳ hấp dẫn <br>- Chế độ thăng tiến rõ ràng <br>- Được tham gia các khóa đào tạo về sản phẩm và kỹ năng. <br>- Bảo hiểm nhà nước + Bảo hiểm ca\n               o cấp dành cho Nhân viên và người thân FPT (FPT Care). <br>- Tham gia các hoạt động Phong trào (Hàng năm, chúng tôi có rất nhiều\n               hoạt động nhằm chăm lo đời sống văn hóa tinh thần cho CNBV công ty)<br>- Được xét mua Cổ phiếu theo chính sách công ty. Và nhiều quyền lợi k\n             hác.<br></div>','A','- Nam, Tốt nghiệp PTTH trở lên, làm việc toàn thời gian\n              <br>- Cần cù chịu khó, không ngại công việc phải ra ngoài thị trường\n              <br>- Đam mê kinh doanh\n              <br>- Khả năng giải quyết tình huống tốt\n              <br>- Ngoại hình dễ nhìn, nói chuyện lưu loát, trôi chảy\n              <br>- Chịu được công việc áp lực cao\n              <br>- Ưu tiên ứng viên có kinh nghiệm bán hàng, viễn thông…',1,1,1,0,NULL,'20 Phan Đình Giót, P. 2',NULL,'Ban Nhân sự','08 7300 2222 ( IP: 8350)','08 7300 8889',NULL,'[\"career1@careerlink.vn\",\"career2@careerlink.vn\"]','Ms. Ngọc Diễm','08 7300 2222 ( IP: 8275)',1,1,1,1,1,'2020-05-05',30,0,0,'N',1,0,'2020-04-28','2020-05-10','B','#41 nhan vien kinh doanh cac quan 5, 6, 8, binh tan, binh chanh company #41 cong ty co phan vien thong fpt telecom duoc danh gia la nha cung cap dich vu internet (isp) co chinh sach dich vu tot nhat tai viet nam. trong dung nhan tai va phat trien nguon nhan luc luon la muc tieu hang dau trong cac chien luoc phat trien cua chung toi. o fpt telecom ban se duoc lam viec trong moi truong an toan, thu nhap canh tranh va cac chuong trinh dao tao phat trien. - tim kiem thong tin, tiep can cac khach hang tiem nang. - tu van, giai thich cho khach hang ve dich vu internet bang rong (adsl), internet cap quang (ftth) do fpt telecom dang cung cap. - xuc tien viec ky ket hop dong, dam phan thuong luong, thuc hien ca c thu tuc ky ket hop dong voi khach hang. * quyen loi: - luong: co ban + hoa hong + doanh so + thuong cuc k y hap dan - che do thang tien ro rang - duoc tham gia cac khoa dao tao ve san pham va ky nang. - bao hiem nha nuoc + bao hiem ca o cap danh cho nhan vien va nguoi than fpt (fpt care). - tham gia cac hoat dong phong trao (hang nam, chung toi co rat nhieu hoat dong nham cham lo doi song van hoa tinh than cho cnbv cong ty) - duoc xet mua co phieu theo chinh sach cong ty. va nhieu quyen loi k hac. - nam, tot nghiep ptth tro len, lam viec toan thoi gian - can cu chiu kho, khong ngai cong viec phai ra ngoai thi truong - dam me kinh doanh - kha nang giai quyet tinh huong tot - ngoai hinh de nhin, noi chuyen luu loat, troi chay - chiu duoc cong viec ap luc cao - uu tien ung vien co kinh nghiem ban hang, vien thong… 20 phan dinh giot, p. 2 ho chi minh(vi) ho chi minh ho chi minh(ja) ho chi minh(kh) ho chi minh(th) ho chi minh(id) php php php php php mysql mysql mysql mysql mysql','#41 nhân viên kinh doanh các quận 5, 6, 8, bình tân, bình chánh company #41 công ty cổ phần viễn thông fpt telecom được đánh giá là nhà cung cấp dịch vụ internet (isp) có chính sách dịch vụ tốt nhất tại việt nam. trọng dụng nhân tài và phát triển nguồn nhân lực luôn là mục tiêu hàng đầu trong các chiến lược phát triển của chúng tôi. ở fpt telecom bạn sẽ được làm việc trong môi trường an toàn, thu nhập cạnh tranh và các chương trình đào tạo phát triển. - tìm kiếm thông tin, tiếp cận các khách hàng tiềm năng. - tư vấn, giải thích cho khách hàng về dịch vụ internet băng rộng (adsl), internet cáp quang (ftth) do fpt telecom đang cung cấp. - xúc tiến việc ký kết hợp đồng, đàm phán thương lượng, thực hiện cá c thủ tục ký kết hợp đồng với khách hàng. * quyền lợi: - lương: cơ bản + hoa hồng + doanh số + thưởng cực k ỳ hấp dẫn - chế độ thăng tiến rõ ràng - được tham gia các khóa đào tạo về sản phẩm và kỹ năng. - bảo hiểm nhà nước + bảo hiểm ca o cấp dành cho nhân viên và người thân fpt (fpt care). - tham gia các hoạt động phong trào (hàng năm, chúng tôi có rất nhiều hoạt động nhằm chăm lo đời sống văn hóa tinh thần cho cnbv công ty) - được xét mua cổ phiếu theo chính sách công ty. và nhiều quyền lợi k hác. - nam, tốt nghiệp ptth trở lên, làm việc toàn thời gian - cần cù chịu khó, không ngại công việc phải ra ngoài thị trường - đam mê kinh doanh - khả năng giải quyết tình huống tốt - ngoại hình dễ nhìn, nói chuyện lưu loát, trôi chảy - chịu được công việc áp lực cao - ưu tiên ứng viên có kinh nghiệm bán hàng, viễn thông… 20 phan đình giót, p. 2 ho chi minh(vi) ho chi minh ho chi minh(ja) ho chi minh(kh) ho chi minh(th) ho chi minh(id) php php php php php mysql mysql mysql mysql mysql','ban nhan su 08 7300 2222 ( ip: 8350) 08 7300 8889 career1@careerlink.vn career2@careerlink.vn ms. ngoc diem 08 7300 2222 ( ip: 8275)','ban nhân sự 08 7300 2222 ( ip: 8350) 08 7300 8889 career1@careerlink.vn career2@careerlink.vn ms. ngọc diễm 08 7300 2222 ( ip: 8275)','Company #41','2020-05-06 09:52:25','2020-05-06 09:52:25','C',1,1,'<div style=\"text-align: justify;\"><span style=\"font-weight: bold;\">Công ty Cổ phần Viễn thông FPT Telecom được đánh giá là nhà cung cấp dịch vụ Internet (ISP) có chính sách dịch vụ tốt nhất tại Việt Nam.  Trọng dụng nhân tài và phát triển nguồn nhân lực luôn là mục tiêu hàng đầu trong các chiến lược phát triển của chúng tôi. Ở FPT Telecom bạn sẽ được làm việc trong môi trường an toàn, thu nhập cạnh tranh và các chương trình đào tạo phát triển.</span></div>','A','www.careerlink.vn',0,'2020-05-05 22:42:00',0,1,2,2),(42,1,2,1,14,5,1,42,NULL,0,1,42,'A','#42 Nhân Viên Kinh Doanh Các Quận 5, 6, 8, Bình Tân, Bình Chánh',NULL,'A','D','I',3351708,6171298,18,NULL,'M','<div style=\"text-align: justify;\">- Tìm kiếm thông tin, tiếp cận các khách hàng tiềm năng. <br>-\n               Tư vấn, giải thích cho khách hàng về dịch vụ&nbsp;Internet băng rộng\n               (ADSL),&nbsp;Internet cáp quang (FTTH) do FPT Telecom đang cung cấp.<br>- Xúc tiến việc ký kết hợp đồng, đàm phán thương lượng, thực hiện cá\n               c thủ tục ký kết hợp đồng với khách hàng.\n               <br>* <span style=\"font-weight: bold; text-decoration: underline;\">Quyền lợi:</span><br>- Lương: cơ bản + hoa hồng + doanh số + thưởng cực k\n               ỳ hấp dẫn <br>- Chế độ thăng tiến rõ ràng <br>- Được tham gia các khóa đào tạo về sản phẩm và kỹ năng. <br>- Bảo hiểm nhà nước + Bảo hiểm ca\n               o cấp dành cho Nhân viên và người thân FPT (FPT Care). <br>- Tham gia các hoạt động Phong trào (Hàng năm, chúng tôi có rất nhiều\n               hoạt động nhằm chăm lo đời sống văn hóa tinh thần cho CNBV công ty)<br>- Được xét mua Cổ phiếu theo chính sách công ty. Và nhiều quyền lợi k\n             hác.<br></div>','A','- Nam, Tốt nghiệp PTTH trở lên, làm việc toàn thời gian\n              <br>- Cần cù chịu khó, không ngại công việc phải ra ngoài thị trường\n              <br>- Đam mê kinh doanh\n              <br>- Khả năng giải quyết tình huống tốt\n              <br>- Ngoại hình dễ nhìn, nói chuyện lưu loát, trôi chảy\n              <br>- Chịu được công việc áp lực cao\n              <br>- Ưu tiên ứng viên có kinh nghiệm bán hàng, viễn thông…',1,1,1,0,NULL,'20 Phan Đình Giót, P. 2',NULL,'Ban Nhân sự','08 7300 2222 ( IP: 8350)','08 7300 8889',NULL,'[\"career1@careerlink.vn\",\"career2@careerlink.vn\"]','Ms. Ngọc Diễm','08 7300 2222 ( IP: 8275)',1,1,1,1,1,'2020-05-05',30,0,0,'N',1,0,'2020-04-07','2020-05-24','B','#42 nhan vien kinh doanh cac quan 5, 6, 8, binh tan, binh chanh company #42 cong ty co phan vien thong fpt telecom duoc danh gia la nha cung cap dich vu internet (isp) co chinh sach dich vu tot nhat tai viet nam. trong dung nhan tai va phat trien nguon nhan luc luon la muc tieu hang dau trong cac chien luoc phat trien cua chung toi. o fpt telecom ban se duoc lam viec trong moi truong an toan, thu nhap canh tranh va cac chuong trinh dao tao phat trien. - tim kiem thong tin, tiep can cac khach hang tiem nang. - tu van, giai thich cho khach hang ve dich vu internet bang rong (adsl), internet cap quang (ftth) do fpt telecom dang cung cap. - xuc tien viec ky ket hop dong, dam phan thuong luong, thuc hien ca c thu tuc ky ket hop dong voi khach hang. * quyen loi: - luong: co ban + hoa hong + doanh so + thuong cuc k y hap dan - che do thang tien ro rang - duoc tham gia cac khoa dao tao ve san pham va ky nang. - bao hiem nha nuoc + bao hiem ca o cap danh cho nhan vien va nguoi than fpt (fpt care). - tham gia cac hoat dong phong trao (hang nam, chung toi co rat nhieu hoat dong nham cham lo doi song van hoa tinh than cho cnbv cong ty) - duoc xet mua co phieu theo chinh sach cong ty. va nhieu quyen loi k hac. - nam, tot nghiep ptth tro len, lam viec toan thoi gian - can cu chiu kho, khong ngai cong viec phai ra ngoai thi truong - dam me kinh doanh - kha nang giai quyet tinh huong tot - ngoai hinh de nhin, noi chuyen luu loat, troi chay - chiu duoc cong viec ap luc cao - uu tien ung vien co kinh nghiem ban hang, vien thong… 20 phan dinh giot, p. 2 ho chi minh(vi) ho chi minh ho chi minh(ja) ho chi minh(kh) ho chi minh(th) ho chi minh(id) du an project プロジェクト គម្រោង โครงการ joomla joomla joomla joomla joomla php php php php php tieng viet vietnamese ベトナム語','#42 nhân viên kinh doanh các quận 5, 6, 8, bình tân, bình chánh company #42 công ty cổ phần viễn thông fpt telecom được đánh giá là nhà cung cấp dịch vụ internet (isp) có chính sách dịch vụ tốt nhất tại việt nam. trọng dụng nhân tài và phát triển nguồn nhân lực luôn là mục tiêu hàng đầu trong các chiến lược phát triển của chúng tôi. ở fpt telecom bạn sẽ được làm việc trong môi trường an toàn, thu nhập cạnh tranh và các chương trình đào tạo phát triển. - tìm kiếm thông tin, tiếp cận các khách hàng tiềm năng. - tư vấn, giải thích cho khách hàng về dịch vụ internet băng rộng (adsl), internet cáp quang (ftth) do fpt telecom đang cung cấp. - xúc tiến việc ký kết hợp đồng, đàm phán thương lượng, thực hiện cá c thủ tục ký kết hợp đồng với khách hàng. * quyền lợi: - lương: cơ bản + hoa hồng + doanh số + thưởng cực k ỳ hấp dẫn - chế độ thăng tiến rõ ràng - được tham gia các khóa đào tạo về sản phẩm và kỹ năng. - bảo hiểm nhà nước + bảo hiểm ca o cấp dành cho nhân viên và người thân fpt (fpt care). - tham gia các hoạt động phong trào (hàng năm, chúng tôi có rất nhiều hoạt động nhằm chăm lo đời sống văn hóa tinh thần cho cnbv công ty) - được xét mua cổ phiếu theo chính sách công ty. và nhiều quyền lợi k hác. - nam, tốt nghiệp ptth trở lên, làm việc toàn thời gian - cần cù chịu khó, không ngại công việc phải ra ngoài thị trường - đam mê kinh doanh - khả năng giải quyết tình huống tốt - ngoại hình dễ nhìn, nói chuyện lưu loát, trôi chảy - chịu được công việc áp lực cao - ưu tiên ứng viên có kinh nghiệm bán hàng, viễn thông… 20 phan đình giót, p. 2 ho chi minh(vi) ho chi minh ho chi minh(ja) ho chi minh(kh) ho chi minh(th) ho chi minh(id) dự án project プロジェクト គម្រោង โครงการ joomla joomla joomla joomla joomla php php php php php tiếng việt vietnamese ベトナム語','ban nhan su 08 7300 2222 ( ip: 8350) 08 7300 8889 career1@careerlink.vn career2@careerlink.vn ms. ngoc diem 08 7300 2222 ( ip: 8275)','ban nhân sự 08 7300 2222 ( ip: 8350) 08 7300 8889 career1@careerlink.vn career2@careerlink.vn ms. ngọc diễm 08 7300 2222 ( ip: 8275)','Company #42','2020-05-06 09:52:25','2020-05-06 09:52:25','C',1,1,'<div style=\"text-align: justify;\"><span style=\"font-weight: bold;\">Công ty Cổ phần Viễn thông FPT Telecom được đánh giá là nhà cung cấp dịch vụ Internet (ISP) có chính sách dịch vụ tốt nhất tại Việt Nam.  Trọng dụng nhân tài và phát triển nguồn nhân lực luôn là mục tiêu hàng đầu trong các chiến lược phát triển của chúng tôi. Ở FPT Telecom bạn sẽ được làm việc trong môi trường an toàn, thu nhập cạnh tranh và các chương trình đào tạo phát triển.</span></div>','A','www.careerlink.vn',0,'2020-05-05 22:54:21',0,1,2,2),(43,1,2,1,14,5,1,43,NULL,0,1,43,'A','#43 Nhân Viên Kinh Doanh Các Quận 5, 6, 8, Bình Tân, Bình Chánh',NULL,'A','S','I',7619708,8912733,18,NULL,'M','<div style=\"text-align: justify;\">- Tìm kiếm thông tin, tiếp cận các khách hàng tiềm năng. <br>-\n               Tư vấn, giải thích cho khách hàng về dịch vụ&nbsp;Internet băng rộng\n               (ADSL),&nbsp;Internet cáp quang (FTTH) do FPT Telecom đang cung cấp.<br>- Xúc tiến việc ký kết hợp đồng, đàm phán thương lượng, thực hiện cá\n               c thủ tục ký kết hợp đồng với khách hàng.\n               <br>* <span style=\"font-weight: bold; text-decoration: underline;\">Quyền lợi:</span><br>- Lương: cơ bản + hoa hồng + doanh số + thưởng cực k\n               ỳ hấp dẫn <br>- Chế độ thăng tiến rõ ràng <br>- Được tham gia các khóa đào tạo về sản phẩm và kỹ năng. <br>- Bảo hiểm nhà nước + Bảo hiểm ca\n               o cấp dành cho Nhân viên và người thân FPT (FPT Care). <br>- Tham gia các hoạt động Phong trào (Hàng năm, chúng tôi có rất nhiều\n               hoạt động nhằm chăm lo đời sống văn hóa tinh thần cho CNBV công ty)<br>- Được xét mua Cổ phiếu theo chính sách công ty. Và nhiều quyền lợi k\n             hác.<br></div>','A','- Nam, Tốt nghiệp PTTH trở lên, làm việc toàn thời gian\n              <br>- Cần cù chịu khó, không ngại công việc phải ra ngoài thị trường\n              <br>- Đam mê kinh doanh\n              <br>- Khả năng giải quyết tình huống tốt\n              <br>- Ngoại hình dễ nhìn, nói chuyện lưu loát, trôi chảy\n              <br>- Chịu được công việc áp lực cao\n              <br>- Ưu tiên ứng viên có kinh nghiệm bán hàng, viễn thông…',1,1,1,0,NULL,'20 Phan Đình Giót, P. 2',NULL,'Ban Nhân sự','08 7300 2222 ( IP: 8350)','08 7300 8889',NULL,'[\"career1@careerlink.vn\",\"career2@careerlink.vn\"]','Ms. Ngọc Diễm','08 7300 2222 ( IP: 8275)',1,1,1,1,1,'2020-05-06',30,0,1,'N',1,0,'2020-04-19','2020-05-06','B','#43 nhan vien kinh doanh cac quan 5, 6, 8, binh tan, binh chanh company #43 cong ty co phan vien thong fpt telecom duoc danh gia la nha cung cap dich vu internet (isp) co chinh sach dich vu tot nhat tai viet nam. trong dung nhan tai va phat trien nguon nhan luc luon la muc tieu hang dau trong cac chien luoc phat trien cua chung toi. o fpt telecom ban se duoc lam viec trong moi truong an toan, thu nhap canh tranh va cac chuong trinh dao tao phat trien. - tim kiem thong tin, tiep can cac khach hang tiem nang. - tu van, giai thich cho khach hang ve dich vu internet bang rong (adsl), internet cap quang (ftth) do fpt telecom dang cung cap. - xuc tien viec ky ket hop dong, dam phan thuong luong, thuc hien ca c thu tuc ky ket hop dong voi khach hang. * quyen loi: - luong: co ban + hoa hong + doanh so + thuong cuc k y hap dan - che do thang tien ro rang - duoc tham gia cac khoa dao tao ve san pham va ky nang. - bao hiem nha nuoc + bao hiem ca o cap danh cho nhan vien va nguoi than fpt (fpt care). - tham gia cac hoat dong phong trao (hang nam, chung toi co rat nhieu hoat dong nham cham lo doi song van hoa tinh than cho cnbv cong ty) - duoc xet mua co phieu theo chinh sach cong ty. va nhieu quyen loi k hac. - nam, tot nghiep ptth tro len, lam viec toan thoi gian - can cu chiu kho, khong ngai cong viec phai ra ngoai thi truong - dam me kinh doanh - kha nang giai quyet tinh huong tot - ngoai hinh de nhin, noi chuyen luu loat, troi chay - chiu duoc cong viec ap luc cao - uu tien ung vien co kinh nghiem ban hang, vien thong… 20 phan dinh giot, p. 2 ho chi minh(vi) ho chi minh ho chi minh(ja) ho chi minh(kh) ho chi minh(th) ho chi minh(id) du an project プロジェクト គម្រោង โครงการ joomla joomla joomla joomla joomla css css css css css quan tan binh tan binh district tan binh区 .net .net .net .net .net','#43 nhân viên kinh doanh các quận 5, 6, 8, bình tân, bình chánh company #43 công ty cổ phần viễn thông fpt telecom được đánh giá là nhà cung cấp dịch vụ internet (isp) có chính sách dịch vụ tốt nhất tại việt nam. trọng dụng nhân tài và phát triển nguồn nhân lực luôn là mục tiêu hàng đầu trong các chiến lược phát triển của chúng tôi. ở fpt telecom bạn sẽ được làm việc trong môi trường an toàn, thu nhập cạnh tranh và các chương trình đào tạo phát triển. - tìm kiếm thông tin, tiếp cận các khách hàng tiềm năng. - tư vấn, giải thích cho khách hàng về dịch vụ internet băng rộng (adsl), internet cáp quang (ftth) do fpt telecom đang cung cấp. - xúc tiến việc ký kết hợp đồng, đàm phán thương lượng, thực hiện cá c thủ tục ký kết hợp đồng với khách hàng. * quyền lợi: - lương: cơ bản + hoa hồng + doanh số + thưởng cực k ỳ hấp dẫn - chế độ thăng tiến rõ ràng - được tham gia các khóa đào tạo về sản phẩm và kỹ năng. - bảo hiểm nhà nước + bảo hiểm ca o cấp dành cho nhân viên và người thân fpt (fpt care). - tham gia các hoạt động phong trào (hàng năm, chúng tôi có rất nhiều hoạt động nhằm chăm lo đời sống văn hóa tinh thần cho cnbv công ty) - được xét mua cổ phiếu theo chính sách công ty. và nhiều quyền lợi k hác. - nam, tốt nghiệp ptth trở lên, làm việc toàn thời gian - cần cù chịu khó, không ngại công việc phải ra ngoài thị trường - đam mê kinh doanh - khả năng giải quyết tình huống tốt - ngoại hình dễ nhìn, nói chuyện lưu loát, trôi chảy - chịu được công việc áp lực cao - ưu tiên ứng viên có kinh nghiệm bán hàng, viễn thông… 20 phan đình giót, p. 2 ho chi minh(vi) ho chi minh ho chi minh(ja) ho chi minh(kh) ho chi minh(th) ho chi minh(id) dự án project プロジェクト គម្រោង โครงการ joomla joomla joomla joomla joomla css css css css css quận tân bình tan binh district tan binh区 .net .net .net .net .net','ban nhan su 08 7300 2222 ( ip: 8350) 08 7300 8889 career1@careerlink.vn career2@careerlink.vn ms. ngoc diem 08 7300 2222 ( ip: 8275)','ban nhân sự 08 7300 2222 ( ip: 8350) 08 7300 8889 career1@careerlink.vn career2@careerlink.vn ms. ngọc diễm 08 7300 2222 ( ip: 8275)','Company #43','2020-05-06 09:52:25','2020-05-06 09:52:25','C',1,1,'<div style=\"text-align: justify;\"><span style=\"font-weight: bold;\">Công ty Cổ phần Viễn thông FPT Telecom được đánh giá là nhà cung cấp dịch vụ Internet (ISP) có chính sách dịch vụ tốt nhất tại Việt Nam.  Trọng dụng nhân tài và phát triển nguồn nhân lực luôn là mục tiêu hàng đầu trong các chiến lược phát triển của chúng tôi. Ở FPT Telecom bạn sẽ được làm việc trong môi trường an toàn, thu nhập cạnh tranh và các chương trình đào tạo phát triển.</span></div>','A','www.careerlink.vn',0,'2020-05-06 01:31:23',0,1,2,2),(44,1,2,1,14,5,1,44,NULL,0,1,44,'A','#44 Nhân Viên Kinh Doanh Các Quận 5, 6, 8, Bình Tân, Bình Chánh',NULL,'A','S','M',1498010,NULL,18,NULL,'M','<div style=\"text-align: justify;\">- Tìm kiếm thông tin, tiếp cận các khách hàng tiềm năng. <br>-\n               Tư vấn, giải thích cho khách hàng về dịch vụ&nbsp;Internet băng rộng\n               (ADSL),&nbsp;Internet cáp quang (FTTH) do FPT Telecom đang cung cấp.<br>- Xúc tiến việc ký kết hợp đồng, đàm phán thương lượng, thực hiện cá\n               c thủ tục ký kết hợp đồng với khách hàng.\n               <br>* <span style=\"font-weight: bold; text-decoration: underline;\">Quyền lợi:</span><br>- Lương: cơ bản + hoa hồng + doanh số + thưởng cực k\n               ỳ hấp dẫn <br>- Chế độ thăng tiến rõ ràng <br>- Được tham gia các khóa đào tạo về sản phẩm và kỹ năng. <br>- Bảo hiểm nhà nước + Bảo hiểm ca\n               o cấp dành cho Nhân viên và người thân FPT (FPT Care). <br>- Tham gia các hoạt động Phong trào (Hàng năm, chúng tôi có rất nhiều\n               hoạt động nhằm chăm lo đời sống văn hóa tinh thần cho CNBV công ty)<br>- Được xét mua Cổ phiếu theo chính sách công ty. Và nhiều quyền lợi k\n             hác.<br></div>','A','- Nam, Tốt nghiệp PTTH trở lên, làm việc toàn thời gian\n              <br>- Cần cù chịu khó, không ngại công việc phải ra ngoài thị trường\n              <br>- Đam mê kinh doanh\n              <br>- Khả năng giải quyết tình huống tốt\n              <br>- Ngoại hình dễ nhìn, nói chuyện lưu loát, trôi chảy\n              <br>- Chịu được công việc áp lực cao\n              <br>- Ưu tiên ứng viên có kinh nghiệm bán hàng, viễn thông…',1,1,1,0,NULL,'20 Phan Đình Giót, P. 2',NULL,'Ban Nhân sự','08 7300 2222 ( IP: 8350)','08 7300 8889',NULL,'[\"career1@careerlink.vn\",\"career2@careerlink.vn\"]','Ms. Ngọc Diễm','08 7300 2222 ( IP: 8275)',1,1,1,1,1,'2020-05-06',30,0,1,'N',1,0,'2020-04-26','2020-05-31','B','#44 nhan vien kinh doanh cac quan 5, 6, 8, binh tan, binh chanh company #44 cong ty co phan vien thong fpt telecom duoc danh gia la nha cung cap dich vu internet (isp) co chinh sach dich vu tot nhat tai viet nam. trong dung nhan tai va phat trien nguon nhan luc luon la muc tieu hang dau trong cac chien luoc phat trien cua chung toi. o fpt telecom ban se duoc lam viec trong moi truong an toan, thu nhap canh tranh va cac chuong trinh dao tao phat trien. - tim kiem thong tin, tiep can cac khach hang tiem nang. - tu van, giai thich cho khach hang ve dich vu internet bang rong (adsl), internet cap quang (ftth) do fpt telecom dang cung cap. - xuc tien viec ky ket hop dong, dam phan thuong luong, thuc hien ca c thu tuc ky ket hop dong voi khach hang. * quyen loi: - luong: co ban + hoa hong + doanh so + thuong cuc k y hap dan - che do thang tien ro rang - duoc tham gia cac khoa dao tao ve san pham va ky nang. - bao hiem nha nuoc + bao hiem ca o cap danh cho nhan vien va nguoi than fpt (fpt care). - tham gia cac hoat dong phong trao (hang nam, chung toi co rat nhieu hoat dong nham cham lo doi song van hoa tinh than cho cnbv cong ty) - duoc xet mua co phieu theo chinh sach cong ty. va nhieu quyen loi k hac. - nam, tot nghiep ptth tro len, lam viec toan thoi gian - can cu chiu kho, khong ngai cong viec phai ra ngoai thi truong - dam me kinh doanh - kha nang giai quyet tinh huong tot - ngoai hinh de nhin, noi chuyen luu loat, troi chay - chiu duoc cong viec ap luc cao - uu tien ung vien co kinh nghiem ban hang, vien thong… 20 phan dinh giot, p. 2 ho chi minh(vi) ho chi minh ho chi minh(ja) ho chi minh(kh) ho chi minh(th) ho chi minh(id) joomla joomla joomla joomla joomla tieng viet vietnamese ベトナム語 .net .net .net .net .net java java java java java quan tan binh tan binh district tan binh区','#44 nhân viên kinh doanh các quận 5, 6, 8, bình tân, bình chánh company #44 công ty cổ phần viễn thông fpt telecom được đánh giá là nhà cung cấp dịch vụ internet (isp) có chính sách dịch vụ tốt nhất tại việt nam. trọng dụng nhân tài và phát triển nguồn nhân lực luôn là mục tiêu hàng đầu trong các chiến lược phát triển của chúng tôi. ở fpt telecom bạn sẽ được làm việc trong môi trường an toàn, thu nhập cạnh tranh và các chương trình đào tạo phát triển. - tìm kiếm thông tin, tiếp cận các khách hàng tiềm năng. - tư vấn, giải thích cho khách hàng về dịch vụ internet băng rộng (adsl), internet cáp quang (ftth) do fpt telecom đang cung cấp. - xúc tiến việc ký kết hợp đồng, đàm phán thương lượng, thực hiện cá c thủ tục ký kết hợp đồng với khách hàng. * quyền lợi: - lương: cơ bản + hoa hồng + doanh số + thưởng cực k ỳ hấp dẫn - chế độ thăng tiến rõ ràng - được tham gia các khóa đào tạo về sản phẩm và kỹ năng. - bảo hiểm nhà nước + bảo hiểm ca o cấp dành cho nhân viên và người thân fpt (fpt care). - tham gia các hoạt động phong trào (hàng năm, chúng tôi có rất nhiều hoạt động nhằm chăm lo đời sống văn hóa tinh thần cho cnbv công ty) - được xét mua cổ phiếu theo chính sách công ty. và nhiều quyền lợi k hác. - nam, tốt nghiệp ptth trở lên, làm việc toàn thời gian - cần cù chịu khó, không ngại công việc phải ra ngoài thị trường - đam mê kinh doanh - khả năng giải quyết tình huống tốt - ngoại hình dễ nhìn, nói chuyện lưu loát, trôi chảy - chịu được công việc áp lực cao - ưu tiên ứng viên có kinh nghiệm bán hàng, viễn thông… 20 phan đình giót, p. 2 ho chi minh(vi) ho chi minh ho chi minh(ja) ho chi minh(kh) ho chi minh(th) ho chi minh(id) joomla joomla joomla joomla joomla tiếng việt vietnamese ベトナム語 .net .net .net .net .net java java java java java quận tân bình tan binh district tan binh区','ban nhan su 08 7300 2222 ( ip: 8350) 08 7300 8889 career1@careerlink.vn career2@careerlink.vn ms. ngoc diem 08 7300 2222 ( ip: 8275)','ban nhân sự 08 7300 2222 ( ip: 8350) 08 7300 8889 career1@careerlink.vn career2@careerlink.vn ms. ngọc diễm 08 7300 2222 ( ip: 8275)','Company #44','2020-05-06 09:52:25','2020-05-06 09:52:25','C',1,1,'<div style=\"text-align: justify;\"><span style=\"font-weight: bold;\">Công ty Cổ phần Viễn thông FPT Telecom được đánh giá là nhà cung cấp dịch vụ Internet (ISP) có chính sách dịch vụ tốt nhất tại Việt Nam.  Trọng dụng nhân tài và phát triển nguồn nhân lực luôn là mục tiêu hàng đầu trong các chiến lược phát triển của chúng tôi. Ở FPT Telecom bạn sẽ được làm việc trong môi trường an toàn, thu nhập cạnh tranh và các chương trình đào tạo phát triển.</span></div>','A','www.careerlink.vn',0,'2020-05-06 02:37:03',0,1,2,NULL),(45,1,2,1,14,5,1,45,NULL,0,1,45,'A','#45 Nhân Viên Kinh Doanh Các Quận 5, 6, 8, Bình Tân, Bình Chánh',NULL,'A','S','M',3292694,NULL,18,NULL,'M','<div style=\"text-align: justify;\">- Tìm kiếm thông tin, tiếp cận các khách hàng tiềm năng. <br>-\n               Tư vấn, giải thích cho khách hàng về dịch vụ&nbsp;Internet băng rộng\n               (ADSL),&nbsp;Internet cáp quang (FTTH) do FPT Telecom đang cung cấp.<br>- Xúc tiến việc ký kết hợp đồng, đàm phán thương lượng, thực hiện cá\n               c thủ tục ký kết hợp đồng với khách hàng.\n               <br>* <span style=\"font-weight: bold; text-decoration: underline;\">Quyền lợi:</span><br>- Lương: cơ bản + hoa hồng + doanh số + thưởng cực k\n               ỳ hấp dẫn <br>- Chế độ thăng tiến rõ ràng <br>- Được tham gia các khóa đào tạo về sản phẩm và kỹ năng. <br>- Bảo hiểm nhà nước + Bảo hiểm ca\n               o cấp dành cho Nhân viên và người thân FPT (FPT Care). <br>- Tham gia các hoạt động Phong trào (Hàng năm, chúng tôi có rất nhiều\n               hoạt động nhằm chăm lo đời sống văn hóa tinh thần cho CNBV công ty)<br>- Được xét mua Cổ phiếu theo chính sách công ty. Và nhiều quyền lợi k\n             hác.<br></div>','A','- Nam, Tốt nghiệp PTTH trở lên, làm việc toàn thời gian\n              <br>- Cần cù chịu khó, không ngại công việc phải ra ngoài thị trường\n              <br>- Đam mê kinh doanh\n              <br>- Khả năng giải quyết tình huống tốt\n              <br>- Ngoại hình dễ nhìn, nói chuyện lưu loát, trôi chảy\n              <br>- Chịu được công việc áp lực cao\n              <br>- Ưu tiên ứng viên có kinh nghiệm bán hàng, viễn thông…',1,1,1,0,NULL,'20 Phan Đình Giót, P. 2',NULL,'Ban Nhân sự','08 7300 2222 ( IP: 8350)','08 7300 8889',NULL,'[\"career1@careerlink.vn\",\"career2@careerlink.vn\"]','Ms. Ngọc Diễm','08 7300 2222 ( IP: 8275)',1,1,1,1,1,'2020-05-06',30,0,0,'N',1,0,'2020-04-22','2020-05-08','B','#45 nhan vien kinh doanh cac quan 5, 6, 8, binh tan, binh chanh company #45 cong ty co phan vien thong fpt telecom duoc danh gia la nha cung cap dich vu internet (isp) co chinh sach dich vu tot nhat tai viet nam. trong dung nhan tai va phat trien nguon nhan luc luon la muc tieu hang dau trong cac chien luoc phat trien cua chung toi. o fpt telecom ban se duoc lam viec trong moi truong an toan, thu nhap canh tranh va cac chuong trinh dao tao phat trien. - tim kiem thong tin, tiep can cac khach hang tiem nang. - tu van, giai thich cho khach hang ve dich vu internet bang rong (adsl), internet cap quang (ftth) do fpt telecom dang cung cap. - xuc tien viec ky ket hop dong, dam phan thuong luong, thuc hien ca c thu tuc ky ket hop dong voi khach hang. * quyen loi: - luong: co ban + hoa hong + doanh so + thuong cuc k y hap dan - che do thang tien ro rang - duoc tham gia cac khoa dao tao ve san pham va ky nang. - bao hiem nha nuoc + bao hiem ca o cap danh cho nhan vien va nguoi than fpt (fpt care). - tham gia cac hoat dong phong trao (hang nam, chung toi co rat nhieu hoat dong nham cham lo doi song van hoa tinh than cho cnbv cong ty) - duoc xet mua co phieu theo chinh sach cong ty. va nhieu quyen loi k hac. - nam, tot nghiep ptth tro len, lam viec toan thoi gian - can cu chiu kho, khong ngai cong viec phai ra ngoai thi truong - dam me kinh doanh - kha nang giai quyet tinh huong tot - ngoai hinh de nhin, noi chuyen luu loat, troi chay - chiu duoc cong viec ap luc cao - uu tien ung vien co kinh nghiem ban hang, vien thong… 20 phan dinh giot, p. 2 ho chi minh(vi) ho chi minh ho chi minh(ja) ho chi minh(kh) ho chi minh(th) ho chi minh(id) quan tan binh tan binh district tan binh区 tieng viet vietnamese ベトナム語','#45 nhân viên kinh doanh các quận 5, 6, 8, bình tân, bình chánh company #45 công ty cổ phần viễn thông fpt telecom được đánh giá là nhà cung cấp dịch vụ internet (isp) có chính sách dịch vụ tốt nhất tại việt nam. trọng dụng nhân tài và phát triển nguồn nhân lực luôn là mục tiêu hàng đầu trong các chiến lược phát triển của chúng tôi. ở fpt telecom bạn sẽ được làm việc trong môi trường an toàn, thu nhập cạnh tranh và các chương trình đào tạo phát triển. - tìm kiếm thông tin, tiếp cận các khách hàng tiềm năng. - tư vấn, giải thích cho khách hàng về dịch vụ internet băng rộng (adsl), internet cáp quang (ftth) do fpt telecom đang cung cấp. - xúc tiến việc ký kết hợp đồng, đàm phán thương lượng, thực hiện cá c thủ tục ký kết hợp đồng với khách hàng. * quyền lợi: - lương: cơ bản + hoa hồng + doanh số + thưởng cực k ỳ hấp dẫn - chế độ thăng tiến rõ ràng - được tham gia các khóa đào tạo về sản phẩm và kỹ năng. - bảo hiểm nhà nước + bảo hiểm ca o cấp dành cho nhân viên và người thân fpt (fpt care). - tham gia các hoạt động phong trào (hàng năm, chúng tôi có rất nhiều hoạt động nhằm chăm lo đời sống văn hóa tinh thần cho cnbv công ty) - được xét mua cổ phiếu theo chính sách công ty. và nhiều quyền lợi k hác. - nam, tốt nghiệp ptth trở lên, làm việc toàn thời gian - cần cù chịu khó, không ngại công việc phải ra ngoài thị trường - đam mê kinh doanh - khả năng giải quyết tình huống tốt - ngoại hình dễ nhìn, nói chuyện lưu loát, trôi chảy - chịu được công việc áp lực cao - ưu tiên ứng viên có kinh nghiệm bán hàng, viễn thông… 20 phan đình giót, p. 2 ho chi minh(vi) ho chi minh ho chi minh(ja) ho chi minh(kh) ho chi minh(th) ho chi minh(id) quận tân bình tan binh district tan binh区 tiếng việt vietnamese ベトナム語','ban nhan su 08 7300 2222 ( ip: 8350) 08 7300 8889 career1@careerlink.vn career2@careerlink.vn ms. ngoc diem 08 7300 2222 ( ip: 8275)','ban nhân sự 08 7300 2222 ( ip: 8350) 08 7300 8889 career1@careerlink.vn career2@careerlink.vn ms. ngọc diễm 08 7300 2222 ( ip: 8275)','Company #45','2020-05-06 09:52:25','2020-05-06 09:52:25','C',1,1,'<div style=\"text-align: justify;\"><span style=\"font-weight: bold;\">Công ty Cổ phần Viễn thông FPT Telecom được đánh giá là nhà cung cấp dịch vụ Internet (ISP) có chính sách dịch vụ tốt nhất tại Việt Nam.  Trọng dụng nhân tài và phát triển nguồn nhân lực luôn là mục tiêu hàng đầu trong các chiến lược phát triển của chúng tôi. Ở FPT Telecom bạn sẽ được làm việc trong môi trường an toàn, thu nhập cạnh tranh và các chương trình đào tạo phát triển.</span></div>','A','www.careerlink.vn',0,'2020-05-06 03:36:32',0,1,2,NULL),(46,1,2,1,14,5,1,46,NULL,0,1,46,'A','#46 Nhân Viên Kinh Doanh Các Quận 5, 6, 8, Bình Tân, Bình Chánh',NULL,'A','T','M',3731446,NULL,18,NULL,'M','<div style=\"text-align: justify;\">- Tìm kiếm thông tin, tiếp cận các khách hàng tiềm năng. <br>-\n               Tư vấn, giải thích cho khách hàng về dịch vụ&nbsp;Internet băng rộng\n               (ADSL),&nbsp;Internet cáp quang (FTTH) do FPT Telecom đang cung cấp.<br>- Xúc tiến việc ký kết hợp đồng, đàm phán thương lượng, thực hiện cá\n               c thủ tục ký kết hợp đồng với khách hàng.\n               <br>* <span style=\"font-weight: bold; text-decoration: underline;\">Quyền lợi:</span><br>- Lương: cơ bản + hoa hồng + doanh số + thưởng cực k\n               ỳ hấp dẫn <br>- Chế độ thăng tiến rõ ràng <br>- Được tham gia các khóa đào tạo về sản phẩm và kỹ năng. <br>- Bảo hiểm nhà nước + Bảo hiểm ca\n               o cấp dành cho Nhân viên và người thân FPT (FPT Care). <br>- Tham gia các hoạt động Phong trào (Hàng năm, chúng tôi có rất nhiều\n               hoạt động nhằm chăm lo đời sống văn hóa tinh thần cho CNBV công ty)<br>- Được xét mua Cổ phiếu theo chính sách công ty. Và nhiều quyền lợi k\n             hác.<br></div>','A','- Nam, Tốt nghiệp PTTH trở lên, làm việc toàn thời gian\n              <br>- Cần cù chịu khó, không ngại công việc phải ra ngoài thị trường\n              <br>- Đam mê kinh doanh\n              <br>- Khả năng giải quyết tình huống tốt\n              <br>- Ngoại hình dễ nhìn, nói chuyện lưu loát, trôi chảy\n              <br>- Chịu được công việc áp lực cao\n              <br>- Ưu tiên ứng viên có kinh nghiệm bán hàng, viễn thông…',1,1,1,0,NULL,'20 Phan Đình Giót, P. 2',NULL,'Ban Nhân sự','08 7300 2222 ( IP: 8350)','08 7300 8889',NULL,'[\"career1@careerlink.vn\",\"career2@careerlink.vn\"]','Ms. Ngọc Diễm','08 7300 2222 ( IP: 8275)',1,1,1,1,1,'2020-05-06',30,0,1,'N',1,0,'2020-04-15','2020-05-12','B','#46 nhan vien kinh doanh cac quan 5, 6, 8, binh tan, binh chanh company #46 cong ty co phan vien thong fpt telecom duoc danh gia la nha cung cap dich vu internet (isp) co chinh sach dich vu tot nhat tai viet nam. trong dung nhan tai va phat trien nguon nhan luc luon la muc tieu hang dau trong cac chien luoc phat trien cua chung toi. o fpt telecom ban se duoc lam viec trong moi truong an toan, thu nhap canh tranh va cac chuong trinh dao tao phat trien. - tim kiem thong tin, tiep can cac khach hang tiem nang. - tu van, giai thich cho khach hang ve dich vu internet bang rong (adsl), internet cap quang (ftth) do fpt telecom dang cung cap. - xuc tien viec ky ket hop dong, dam phan thuong luong, thuc hien ca c thu tuc ky ket hop dong voi khach hang. * quyen loi: - luong: co ban + hoa hong + doanh so + thuong cuc k y hap dan - che do thang tien ro rang - duoc tham gia cac khoa dao tao ve san pham va ky nang. - bao hiem nha nuoc + bao hiem ca o cap danh cho nhan vien va nguoi than fpt (fpt care). - tham gia cac hoat dong phong trao (hang nam, chung toi co rat nhieu hoat dong nham cham lo doi song van hoa tinh than cho cnbv cong ty) - duoc xet mua co phieu theo chinh sach cong ty. va nhieu quyen loi k hac. - nam, tot nghiep ptth tro len, lam viec toan thoi gian - can cu chiu kho, khong ngai cong viec phai ra ngoai thi truong - dam me kinh doanh - kha nang giai quyet tinh huong tot - ngoai hinh de nhin, noi chuyen luu loat, troi chay - chiu duoc cong viec ap luc cao - uu tien ung vien co kinh nghiem ban hang, vien thong… 20 phan dinh giot, p. 2 ho chi minh(vi) ho chi minh ho chi minh(ja) ho chi minh(kh) ho chi minh(th) ho chi minh(id) mysql mysql mysql mysql mysql .net .net .net .net .net my pham cosmetics 化粧品 css css css css css java java java java java','#46 nhân viên kinh doanh các quận 5, 6, 8, bình tân, bình chánh company #46 công ty cổ phần viễn thông fpt telecom được đánh giá là nhà cung cấp dịch vụ internet (isp) có chính sách dịch vụ tốt nhất tại việt nam. trọng dụng nhân tài và phát triển nguồn nhân lực luôn là mục tiêu hàng đầu trong các chiến lược phát triển của chúng tôi. ở fpt telecom bạn sẽ được làm việc trong môi trường an toàn, thu nhập cạnh tranh và các chương trình đào tạo phát triển. - tìm kiếm thông tin, tiếp cận các khách hàng tiềm năng. - tư vấn, giải thích cho khách hàng về dịch vụ internet băng rộng (adsl), internet cáp quang (ftth) do fpt telecom đang cung cấp. - xúc tiến việc ký kết hợp đồng, đàm phán thương lượng, thực hiện cá c thủ tục ký kết hợp đồng với khách hàng. * quyền lợi: - lương: cơ bản + hoa hồng + doanh số + thưởng cực k ỳ hấp dẫn - chế độ thăng tiến rõ ràng - được tham gia các khóa đào tạo về sản phẩm và kỹ năng. - bảo hiểm nhà nước + bảo hiểm ca o cấp dành cho nhân viên và người thân fpt (fpt care). - tham gia các hoạt động phong trào (hàng năm, chúng tôi có rất nhiều hoạt động nhằm chăm lo đời sống văn hóa tinh thần cho cnbv công ty) - được xét mua cổ phiếu theo chính sách công ty. và nhiều quyền lợi k hác. - nam, tốt nghiệp ptth trở lên, làm việc toàn thời gian - cần cù chịu khó, không ngại công việc phải ra ngoài thị trường - đam mê kinh doanh - khả năng giải quyết tình huống tốt - ngoại hình dễ nhìn, nói chuyện lưu loát, trôi chảy - chịu được công việc áp lực cao - ưu tiên ứng viên có kinh nghiệm bán hàng, viễn thông… 20 phan đình giót, p. 2 ho chi minh(vi) ho chi minh ho chi minh(ja) ho chi minh(kh) ho chi minh(th) ho chi minh(id) mysql mysql mysql mysql mysql .net .net .net .net .net mỹ phẩm cosmetics 化粧品 css css css css css java java java java java','ban nhan su 08 7300 2222 ( ip: 8350) 08 7300 8889 career1@careerlink.vn career2@careerlink.vn ms. ngoc diem 08 7300 2222 ( ip: 8275)','ban nhân sự 08 7300 2222 ( ip: 8350) 08 7300 8889 career1@careerlink.vn career2@careerlink.vn ms. ngọc diễm 08 7300 2222 ( ip: 8275)','Company #46','2020-05-06 09:52:25','2020-05-06 09:52:25','C',1,1,'<div style=\"text-align: justify;\"><span style=\"font-weight: bold;\">Công ty Cổ phần Viễn thông FPT Telecom được đánh giá là nhà cung cấp dịch vụ Internet (ISP) có chính sách dịch vụ tốt nhất tại Việt Nam.  Trọng dụng nhân tài và phát triển nguồn nhân lực luôn là mục tiêu hàng đầu trong các chiến lược phát triển của chúng tôi. Ở FPT Telecom bạn sẽ được làm việc trong môi trường an toàn, thu nhập cạnh tranh và các chương trình đào tạo phát triển.</span></div>','A','www.careerlink.vn',0,'2020-05-06 04:53:48',0,1,2,NULL),(47,1,2,1,14,5,1,47,NULL,0,1,47,'A','#47 Nhân Viên Kinh Doanh Các Quận 5, 6, 8, Bình Tân, Bình Chánh',NULL,'A','L','I',4660397,9330130,18,NULL,'M','<div style=\"text-align: justify;\">- Tìm kiếm thông tin, tiếp cận các khách hàng tiềm năng. <br>-\n               Tư vấn, giải thích cho khách hàng về dịch vụ&nbsp;Internet băng rộng\n               (ADSL),&nbsp;Internet cáp quang (FTTH) do FPT Telecom đang cung cấp.<br>- Xúc tiến việc ký kết hợp đồng, đàm phán thương lượng, thực hiện cá\n               c thủ tục ký kết hợp đồng với khách hàng.\n               <br>* <span style=\"font-weight: bold; text-decoration: underline;\">Quyền lợi:</span><br>- Lương: cơ bản + hoa hồng + doanh số + thưởng cực k\n               ỳ hấp dẫn <br>- Chế độ thăng tiến rõ ràng <br>- Được tham gia các khóa đào tạo về sản phẩm và kỹ năng. <br>- Bảo hiểm nhà nước + Bảo hiểm ca\n               o cấp dành cho Nhân viên và người thân FPT (FPT Care). <br>- Tham gia các hoạt động Phong trào (Hàng năm, chúng tôi có rất nhiều\n               hoạt động nhằm chăm lo đời sống văn hóa tinh thần cho CNBV công ty)<br>- Được xét mua Cổ phiếu theo chính sách công ty. Và nhiều quyền lợi k\n             hác.<br></div>','A','- Nam, Tốt nghiệp PTTH trở lên, làm việc toàn thời gian\n              <br>- Cần cù chịu khó, không ngại công việc phải ra ngoài thị trường\n              <br>- Đam mê kinh doanh\n              <br>- Khả năng giải quyết tình huống tốt\n              <br>- Ngoại hình dễ nhìn, nói chuyện lưu loát, trôi chảy\n              <br>- Chịu được công việc áp lực cao\n              <br>- Ưu tiên ứng viên có kinh nghiệm bán hàng, viễn thông…',1,1,1,0,NULL,'20 Phan Đình Giót, P. 2',NULL,'Ban Nhân sự','08 7300 2222 ( IP: 8350)','08 7300 8889',NULL,'[\"career1@careerlink.vn\",\"career2@careerlink.vn\"]','Ms. Ngọc Diễm','08 7300 2222 ( IP: 8275)',1,1,1,1,1,'2020-05-06',30,0,1,'N',1,0,'2020-04-18','2020-05-16','B','#47 nhan vien kinh doanh cac quan 5, 6, 8, binh tan, binh chanh company #47 cong ty co phan vien thong fpt telecom duoc danh gia la nha cung cap dich vu internet (isp) co chinh sach dich vu tot nhat tai viet nam. trong dung nhan tai va phat trien nguon nhan luc luon la muc tieu hang dau trong cac chien luoc phat trien cua chung toi. o fpt telecom ban se duoc lam viec trong moi truong an toan, thu nhap canh tranh va cac chuong trinh dao tao phat trien. - tim kiem thong tin, tiep can cac khach hang tiem nang. - tu van, giai thich cho khach hang ve dich vu internet bang rong (adsl), internet cap quang (ftth) do fpt telecom dang cung cap. - xuc tien viec ky ket hop dong, dam phan thuong luong, thuc hien ca c thu tuc ky ket hop dong voi khach hang. * quyen loi: - luong: co ban + hoa hong + doanh so + thuong cuc k y hap dan - che do thang tien ro rang - duoc tham gia cac khoa dao tao ve san pham va ky nang. - bao hiem nha nuoc + bao hiem ca o cap danh cho nhan vien va nguoi than fpt (fpt care). - tham gia cac hoat dong phong trao (hang nam, chung toi co rat nhieu hoat dong nham cham lo doi song van hoa tinh than cho cnbv cong ty) - duoc xet mua co phieu theo chinh sach cong ty. va nhieu quyen loi k hac. - nam, tot nghiep ptth tro len, lam viec toan thoi gian - can cu chiu kho, khong ngai cong viec phai ra ngoai thi truong - dam me kinh doanh - kha nang giai quyet tinh huong tot - ngoai hinh de nhin, noi chuyen luu loat, troi chay - chiu duoc cong viec ap luc cao - uu tien ung vien co kinh nghiem ban hang, vien thong… 20 phan dinh giot, p. 2 ho chi minh(vi) ho chi minh ho chi minh(ja) ho chi minh(kh) ho chi minh(th) ho chi minh(id) mysql mysql mysql mysql mysql','#47 nhân viên kinh doanh các quận 5, 6, 8, bình tân, bình chánh company #47 công ty cổ phần viễn thông fpt telecom được đánh giá là nhà cung cấp dịch vụ internet (isp) có chính sách dịch vụ tốt nhất tại việt nam. trọng dụng nhân tài và phát triển nguồn nhân lực luôn là mục tiêu hàng đầu trong các chiến lược phát triển của chúng tôi. ở fpt telecom bạn sẽ được làm việc trong môi trường an toàn, thu nhập cạnh tranh và các chương trình đào tạo phát triển. - tìm kiếm thông tin, tiếp cận các khách hàng tiềm năng. - tư vấn, giải thích cho khách hàng về dịch vụ internet băng rộng (adsl), internet cáp quang (ftth) do fpt telecom đang cung cấp. - xúc tiến việc ký kết hợp đồng, đàm phán thương lượng, thực hiện cá c thủ tục ký kết hợp đồng với khách hàng. * quyền lợi: - lương: cơ bản + hoa hồng + doanh số + thưởng cực k ỳ hấp dẫn - chế độ thăng tiến rõ ràng - được tham gia các khóa đào tạo về sản phẩm và kỹ năng. - bảo hiểm nhà nước + bảo hiểm ca o cấp dành cho nhân viên và người thân fpt (fpt care). - tham gia các hoạt động phong trào (hàng năm, chúng tôi có rất nhiều hoạt động nhằm chăm lo đời sống văn hóa tinh thần cho cnbv công ty) - được xét mua cổ phiếu theo chính sách công ty. và nhiều quyền lợi k hác. - nam, tốt nghiệp ptth trở lên, làm việc toàn thời gian - cần cù chịu khó, không ngại công việc phải ra ngoài thị trường - đam mê kinh doanh - khả năng giải quyết tình huống tốt - ngoại hình dễ nhìn, nói chuyện lưu loát, trôi chảy - chịu được công việc áp lực cao - ưu tiên ứng viên có kinh nghiệm bán hàng, viễn thông… 20 phan đình giót, p. 2 ho chi minh(vi) ho chi minh ho chi minh(ja) ho chi minh(kh) ho chi minh(th) ho chi minh(id) mysql mysql mysql mysql mysql','ban nhan su 08 7300 2222 ( ip: 8350) 08 7300 8889 career1@careerlink.vn career2@careerlink.vn ms. ngoc diem 08 7300 2222 ( ip: 8275)','ban nhân sự 08 7300 2222 ( ip: 8350) 08 7300 8889 career1@careerlink.vn career2@careerlink.vn ms. ngọc diễm 08 7300 2222 ( ip: 8275)','Company #47','2020-05-06 09:52:25','2020-05-06 09:52:25','C',1,1,'<div style=\"text-align: justify;\"><span style=\"font-weight: bold;\">Công ty Cổ phần Viễn thông FPT Telecom được đánh giá là nhà cung cấp dịch vụ Internet (ISP) có chính sách dịch vụ tốt nhất tại Việt Nam.  Trọng dụng nhân tài và phát triển nguồn nhân lực luôn là mục tiêu hàng đầu trong các chiến lược phát triển của chúng tôi. Ở FPT Telecom bạn sẽ được làm việc trong môi trường an toàn, thu nhập cạnh tranh và các chương trình đào tạo phát triển.</span></div>','A','www.careerlink.vn',0,'2020-05-06 05:40:35',0,1,2,2),(48,1,2,1,14,5,1,48,NULL,0,1,48,'A','#48 Nhân Viên Kinh Doanh Các Quận 5, 6, 8, Bình Tân, Bình Chánh',NULL,'A','E','I',4453883,8062873,18,NULL,'M','<div style=\"text-align: justify;\">- Tìm kiếm thông tin, tiếp cận các khách hàng tiềm năng. <br>-\n               Tư vấn, giải thích cho khách hàng về dịch vụ&nbsp;Internet băng rộng\n               (ADSL),&nbsp;Internet cáp quang (FTTH) do FPT Telecom đang cung cấp.<br>- Xúc tiến việc ký kết hợp đồng, đàm phán thương lượng, thực hiện cá\n               c thủ tục ký kết hợp đồng với khách hàng.\n               <br>* <span style=\"font-weight: bold; text-decoration: underline;\">Quyền lợi:</span><br>- Lương: cơ bản + hoa hồng + doanh số + thưởng cực k\n               ỳ hấp dẫn <br>- Chế độ thăng tiến rõ ràng <br>- Được tham gia các khóa đào tạo về sản phẩm và kỹ năng. <br>- Bảo hiểm nhà nước + Bảo hiểm ca\n               o cấp dành cho Nhân viên và người thân FPT (FPT Care). <br>- Tham gia các hoạt động Phong trào (Hàng năm, chúng tôi có rất nhiều\n               hoạt động nhằm chăm lo đời sống văn hóa tinh thần cho CNBV công ty)<br>- Được xét mua Cổ phiếu theo chính sách công ty. Và nhiều quyền lợi k\n             hác.<br></div>','A','- Nam, Tốt nghiệp PTTH trở lên, làm việc toàn thời gian\n              <br>- Cần cù chịu khó, không ngại công việc phải ra ngoài thị trường\n              <br>- Đam mê kinh doanh\n              <br>- Khả năng giải quyết tình huống tốt\n              <br>- Ngoại hình dễ nhìn, nói chuyện lưu loát, trôi chảy\n              <br>- Chịu được công việc áp lực cao\n              <br>- Ưu tiên ứng viên có kinh nghiệm bán hàng, viễn thông…',1,1,1,0,NULL,'20 Phan Đình Giót, P. 2',NULL,'Ban Nhân sự','08 7300 2222 ( IP: 8350)','08 7300 8889',NULL,'[\"career1@careerlink.vn\",\"career2@careerlink.vn\"]','Ms. Ngọc Diễm','08 7300 2222 ( IP: 8275)',1,1,1,1,1,'2020-05-06',30,0,0,'N',1,0,'2020-04-15','2020-05-25','B','#48 nhan vien kinh doanh cac quan 5, 6, 8, binh tan, binh chanh company #48 cong ty co phan vien thong fpt telecom duoc danh gia la nha cung cap dich vu internet (isp) co chinh sach dich vu tot nhat tai viet nam. trong dung nhan tai va phat trien nguon nhan luc luon la muc tieu hang dau trong cac chien luoc phat trien cua chung toi. o fpt telecom ban se duoc lam viec trong moi truong an toan, thu nhap canh tranh va cac chuong trinh dao tao phat trien. - tim kiem thong tin, tiep can cac khach hang tiem nang. - tu van, giai thich cho khach hang ve dich vu internet bang rong (adsl), internet cap quang (ftth) do fpt telecom dang cung cap. - xuc tien viec ky ket hop dong, dam phan thuong luong, thuc hien ca c thu tuc ky ket hop dong voi khach hang. * quyen loi: - luong: co ban + hoa hong + doanh so + thuong cuc k y hap dan - che do thang tien ro rang - duoc tham gia cac khoa dao tao ve san pham va ky nang. - bao hiem nha nuoc + bao hiem ca o cap danh cho nhan vien va nguoi than fpt (fpt care). - tham gia cac hoat dong phong trao (hang nam, chung toi co rat nhieu hoat dong nham cham lo doi song van hoa tinh than cho cnbv cong ty) - duoc xet mua co phieu theo chinh sach cong ty. va nhieu quyen loi k hac. - nam, tot nghiep ptth tro len, lam viec toan thoi gian - can cu chiu kho, khong ngai cong viec phai ra ngoai thi truong - dam me kinh doanh - kha nang giai quyet tinh huong tot - ngoai hinh de nhin, noi chuyen luu loat, troi chay - chiu duoc cong viec ap luc cao - uu tien ung vien co kinh nghiem ban hang, vien thong… 20 phan dinh giot, p. 2 ho chi minh(vi) ho chi minh ho chi minh(ja) ho chi minh(kh) ho chi minh(th) ho chi minh(id) du an project プロジェクト គម្រោង โครงการ','#48 nhân viên kinh doanh các quận 5, 6, 8, bình tân, bình chánh company #48 công ty cổ phần viễn thông fpt telecom được đánh giá là nhà cung cấp dịch vụ internet (isp) có chính sách dịch vụ tốt nhất tại việt nam. trọng dụng nhân tài và phát triển nguồn nhân lực luôn là mục tiêu hàng đầu trong các chiến lược phát triển của chúng tôi. ở fpt telecom bạn sẽ được làm việc trong môi trường an toàn, thu nhập cạnh tranh và các chương trình đào tạo phát triển. - tìm kiếm thông tin, tiếp cận các khách hàng tiềm năng. - tư vấn, giải thích cho khách hàng về dịch vụ internet băng rộng (adsl), internet cáp quang (ftth) do fpt telecom đang cung cấp. - xúc tiến việc ký kết hợp đồng, đàm phán thương lượng, thực hiện cá c thủ tục ký kết hợp đồng với khách hàng. * quyền lợi: - lương: cơ bản + hoa hồng + doanh số + thưởng cực k ỳ hấp dẫn - chế độ thăng tiến rõ ràng - được tham gia các khóa đào tạo về sản phẩm và kỹ năng. - bảo hiểm nhà nước + bảo hiểm ca o cấp dành cho nhân viên và người thân fpt (fpt care). - tham gia các hoạt động phong trào (hàng năm, chúng tôi có rất nhiều hoạt động nhằm chăm lo đời sống văn hóa tinh thần cho cnbv công ty) - được xét mua cổ phiếu theo chính sách công ty. và nhiều quyền lợi k hác. - nam, tốt nghiệp ptth trở lên, làm việc toàn thời gian - cần cù chịu khó, không ngại công việc phải ra ngoài thị trường - đam mê kinh doanh - khả năng giải quyết tình huống tốt - ngoại hình dễ nhìn, nói chuyện lưu loát, trôi chảy - chịu được công việc áp lực cao - ưu tiên ứng viên có kinh nghiệm bán hàng, viễn thông… 20 phan đình giót, p. 2 ho chi minh(vi) ho chi minh ho chi minh(ja) ho chi minh(kh) ho chi minh(th) ho chi minh(id) dự án project プロジェクト គម្រោង โครงการ','ban nhan su 08 7300 2222 ( ip: 8350) 08 7300 8889 career1@careerlink.vn career2@careerlink.vn ms. ngoc diem 08 7300 2222 ( ip: 8275)','ban nhân sự 08 7300 2222 ( ip: 8350) 08 7300 8889 career1@careerlink.vn career2@careerlink.vn ms. ngọc diễm 08 7300 2222 ( ip: 8275)','Company #48','2020-05-06 09:52:25','2020-05-06 09:52:25','C',1,1,'<div style=\"text-align: justify;\"><span style=\"font-weight: bold;\">Công ty Cổ phần Viễn thông FPT Telecom được đánh giá là nhà cung cấp dịch vụ Internet (ISP) có chính sách dịch vụ tốt nhất tại Việt Nam.  Trọng dụng nhân tài và phát triển nguồn nhân lực luôn là mục tiêu hàng đầu trong các chiến lược phát triển của chúng tôi. Ở FPT Telecom bạn sẽ được làm việc trong môi trường an toàn, thu nhập cạnh tranh và các chương trình đào tạo phát triển.</span></div>','A','www.careerlink.vn',0,'2020-05-06 05:44:51',0,1,2,2),(49,1,2,1,14,5,1,49,NULL,0,1,49,'A','#49 Nhân Viên Kinh Doanh Các Quận 5, 6, 8, Bình Tân, Bình Chánh',NULL,'A','S','M',2331036,NULL,18,NULL,'M','<div style=\"text-align: justify;\">- Tìm kiếm thông tin, tiếp cận các khách hàng tiềm năng. <br>-\n               Tư vấn, giải thích cho khách hàng về dịch vụ&nbsp;Internet băng rộng\n               (ADSL),&nbsp;Internet cáp quang (FTTH) do FPT Telecom đang cung cấp.<br>- Xúc tiến việc ký kết hợp đồng, đàm phán thương lượng, thực hiện cá\n               c thủ tục ký kết hợp đồng với khách hàng.\n               <br>* <span style=\"font-weight: bold; text-decoration: underline;\">Quyền lợi:</span><br>- Lương: cơ bản + hoa hồng + doanh số + thưởng cực k\n               ỳ hấp dẫn <br>- Chế độ thăng tiến rõ ràng <br>- Được tham gia các khóa đào tạo về sản phẩm và kỹ năng. <br>- Bảo hiểm nhà nước + Bảo hiểm ca\n               o cấp dành cho Nhân viên và người thân FPT (FPT Care). <br>- Tham gia các hoạt động Phong trào (Hàng năm, chúng tôi có rất nhiều\n               hoạt động nhằm chăm lo đời sống văn hóa tinh thần cho CNBV công ty)<br>- Được xét mua Cổ phiếu theo chính sách công ty. Và nhiều quyền lợi k\n             hác.<br></div>','A','- Nam, Tốt nghiệp PTTH trở lên, làm việc toàn thời gian\n              <br>- Cần cù chịu khó, không ngại công việc phải ra ngoài thị trường\n              <br>- Đam mê kinh doanh\n              <br>- Khả năng giải quyết tình huống tốt\n              <br>- Ngoại hình dễ nhìn, nói chuyện lưu loát, trôi chảy\n              <br>- Chịu được công việc áp lực cao\n              <br>- Ưu tiên ứng viên có kinh nghiệm bán hàng, viễn thông…',1,1,1,0,NULL,'20 Phan Đình Giót, P. 2',NULL,'Ban Nhân sự','08 7300 2222 ( IP: 8350)','08 7300 8889',NULL,'[\"career1@careerlink.vn\",\"career2@careerlink.vn\"]','Ms. Ngọc Diễm','08 7300 2222 ( IP: 8275)',1,1,1,1,1,'2020-05-06',30,0,1,'N',1,0,'2020-04-28','2020-05-19','B','#49 nhan vien kinh doanh cac quan 5, 6, 8, binh tan, binh chanh company #49 cong ty co phan vien thong fpt telecom duoc danh gia la nha cung cap dich vu internet (isp) co chinh sach dich vu tot nhat tai viet nam. trong dung nhan tai va phat trien nguon nhan luc luon la muc tieu hang dau trong cac chien luoc phat trien cua chung toi. o fpt telecom ban se duoc lam viec trong moi truong an toan, thu nhap canh tranh va cac chuong trinh dao tao phat trien. - tim kiem thong tin, tiep can cac khach hang tiem nang. - tu van, giai thich cho khach hang ve dich vu internet bang rong (adsl), internet cap quang (ftth) do fpt telecom dang cung cap. - xuc tien viec ky ket hop dong, dam phan thuong luong, thuc hien ca c thu tuc ky ket hop dong voi khach hang. * quyen loi: - luong: co ban + hoa hong + doanh so + thuong cuc k y hap dan - che do thang tien ro rang - duoc tham gia cac khoa dao tao ve san pham va ky nang. - bao hiem nha nuoc + bao hiem ca o cap danh cho nhan vien va nguoi than fpt (fpt care). - tham gia cac hoat dong phong trao (hang nam, chung toi co rat nhieu hoat dong nham cham lo doi song van hoa tinh than cho cnbv cong ty) - duoc xet mua co phieu theo chinh sach cong ty. va nhieu quyen loi k hac. - nam, tot nghiep ptth tro len, lam viec toan thoi gian - can cu chiu kho, khong ngai cong viec phai ra ngoai thi truong - dam me kinh doanh - kha nang giai quyet tinh huong tot - ngoai hinh de nhin, noi chuyen luu loat, troi chay - chiu duoc cong viec ap luc cao - uu tien ung vien co kinh nghiem ban hang, vien thong… 20 phan dinh giot, p. 2 ho chi minh(vi) ho chi minh ho chi minh(ja) ho chi minh(kh) ho chi minh(th) ho chi minh(id) my pham cosmetics 化粧品 css css css css css php php php php php java java java java java tieng viet vietnamese ベトナム語','#49 nhân viên kinh doanh các quận 5, 6, 8, bình tân, bình chánh company #49 công ty cổ phần viễn thông fpt telecom được đánh giá là nhà cung cấp dịch vụ internet (isp) có chính sách dịch vụ tốt nhất tại việt nam. trọng dụng nhân tài và phát triển nguồn nhân lực luôn là mục tiêu hàng đầu trong các chiến lược phát triển của chúng tôi. ở fpt telecom bạn sẽ được làm việc trong môi trường an toàn, thu nhập cạnh tranh và các chương trình đào tạo phát triển. - tìm kiếm thông tin, tiếp cận các khách hàng tiềm năng. - tư vấn, giải thích cho khách hàng về dịch vụ internet băng rộng (adsl), internet cáp quang (ftth) do fpt telecom đang cung cấp. - xúc tiến việc ký kết hợp đồng, đàm phán thương lượng, thực hiện cá c thủ tục ký kết hợp đồng với khách hàng. * quyền lợi: - lương: cơ bản + hoa hồng + doanh số + thưởng cực k ỳ hấp dẫn - chế độ thăng tiến rõ ràng - được tham gia các khóa đào tạo về sản phẩm và kỹ năng. - bảo hiểm nhà nước + bảo hiểm ca o cấp dành cho nhân viên và người thân fpt (fpt care). - tham gia các hoạt động phong trào (hàng năm, chúng tôi có rất nhiều hoạt động nhằm chăm lo đời sống văn hóa tinh thần cho cnbv công ty) - được xét mua cổ phiếu theo chính sách công ty. và nhiều quyền lợi k hác. - nam, tốt nghiệp ptth trở lên, làm việc toàn thời gian - cần cù chịu khó, không ngại công việc phải ra ngoài thị trường - đam mê kinh doanh - khả năng giải quyết tình huống tốt - ngoại hình dễ nhìn, nói chuyện lưu loát, trôi chảy - chịu được công việc áp lực cao - ưu tiên ứng viên có kinh nghiệm bán hàng, viễn thông… 20 phan đình giót, p. 2 ho chi minh(vi) ho chi minh ho chi minh(ja) ho chi minh(kh) ho chi minh(th) ho chi minh(id) mỹ phẩm cosmetics 化粧品 css css css css css php php php php php java java java java java tiếng việt vietnamese ベトナム語','ban nhan su 08 7300 2222 ( ip: 8350) 08 7300 8889 career1@careerlink.vn career2@careerlink.vn ms. ngoc diem 08 7300 2222 ( ip: 8275)','ban nhân sự 08 7300 2222 ( ip: 8350) 08 7300 8889 career1@careerlink.vn career2@careerlink.vn ms. ngọc diễm 08 7300 2222 ( ip: 8275)','Company #49','2020-05-06 09:52:25','2020-05-06 09:52:25','C',1,1,'<div style=\"text-align: justify;\"><span style=\"font-weight: bold;\">Công ty Cổ phần Viễn thông FPT Telecom được đánh giá là nhà cung cấp dịch vụ Internet (ISP) có chính sách dịch vụ tốt nhất tại Việt Nam.  Trọng dụng nhân tài và phát triển nguồn nhân lực luôn là mục tiêu hàng đầu trong các chiến lược phát triển của chúng tôi. Ở FPT Telecom bạn sẽ được làm việc trong môi trường an toàn, thu nhập cạnh tranh và các chương trình đào tạo phát triển.</span></div>','A','www.careerlink.vn',0,'2020-05-06 06:06:28',0,1,2,NULL),(50,1,2,1,14,5,1,50,1,0,1,50,'A','#50 Nhân Viên Kinh Doanh Các Quận 5, 6, 8, Bình Tân, Bình Chánh',NULL,'A','M','N',NULL,NULL,18,NULL,'M','<div style=\"text-align: justify;\">- Tìm kiếm thông tin, tiếp cận các khách hàng tiềm năng. <br>-\n               Tư vấn, giải thích cho khách hàng về dịch vụ&nbsp;Internet băng rộng\n               (ADSL),&nbsp;Internet cáp quang (FTTH) do FPT Telecom đang cung cấp.<br>- Xúc tiến việc ký kết hợp đồng, đàm phán thương lượng, thực hiện cá\n               c thủ tục ký kết hợp đồng với khách hàng.\n               <br>* <span style=\"font-weight: bold; text-decoration: underline;\">Quyền lợi:</span><br>- Lương: cơ bản + hoa hồng + doanh số + thưởng cực k\n               ỳ hấp dẫn <br>- Chế độ thăng tiến rõ ràng <br>- Được tham gia các khóa đào tạo về sản phẩm và kỹ năng. <br>- Bảo hiểm nhà nước + Bảo hiểm ca\n               o cấp dành cho Nhân viên và người thân FPT (FPT Care). <br>- Tham gia các hoạt động Phong trào (Hàng năm, chúng tôi có rất nhiều\n               hoạt động nhằm chăm lo đời sống văn hóa tinh thần cho CNBV công ty)<br>- Được xét mua Cổ phiếu theo chính sách công ty. Và nhiều quyền lợi k\n             hác.<br></div>','A','- Nam, Tốt nghiệp PTTH trở lên, làm việc toàn thời gian\n              <br>- Cần cù chịu khó, không ngại công việc phải ra ngoài thị trường\n              <br>- Đam mê kinh doanh\n              <br>- Khả năng giải quyết tình huống tốt\n              <br>- Ngoại hình dễ nhìn, nói chuyện lưu loát, trôi chảy\n              <br>- Chịu được công việc áp lực cao\n              <br>- Ưu tiên ứng viên có kinh nghiệm bán hàng, viễn thông…',1,1,1,0,NULL,'20 Phan Đình Giót, P. 2',NULL,'Ban Nhân sự','08 7300 2222 ( IP: 8350)','08 7300 8889',NULL,'[\"career1@careerlink.vn\",\"career2@careerlink.vn\"]','Ms. Ngọc Diễm','08 7300 2222 ( IP: 8275)',1,1,1,1,1,'2020-05-06',30,0,1,'N',1,0,'2020-04-15','2020-06-05','B','#50 nhan vien kinh doanh cac quan 5, 6, 8, binh tan, binh chanh company #50 cong ty co phan vien thong fpt telecom duoc danh gia la nha cung cap dich vu internet (isp) co chinh sach dich vu tot nhat tai viet nam. trong dung nhan tai va phat trien nguon nhan luc luon la muc tieu hang dau trong cac chien luoc phat trien cua chung toi. o fpt telecom ban se duoc lam viec trong moi truong an toan, thu nhap canh tranh va cac chuong trinh dao tao phat trien. - tim kiem thong tin, tiep can cac khach hang tiem nang. - tu van, giai thich cho khach hang ve dich vu internet bang rong (adsl), internet cap quang (ftth) do fpt telecom dang cung cap. - xuc tien viec ky ket hop dong, dam phan thuong luong, thuc hien ca c thu tuc ky ket hop dong voi khach hang. * quyen loi: - luong: co ban + hoa hong + doanh so + thuong cuc k y hap dan - che do thang tien ro rang - duoc tham gia cac khoa dao tao ve san pham va ky nang. - bao hiem nha nuoc + bao hiem ca o cap danh cho nhan vien va nguoi than fpt (fpt care). - tham gia cac hoat dong phong trao (hang nam, chung toi co rat nhieu hoat dong nham cham lo doi song van hoa tinh than cho cnbv cong ty) - duoc xet mua co phieu theo chinh sach cong ty. va nhieu quyen loi k hac. - nam, tot nghiep ptth tro len, lam viec toan thoi gian - can cu chiu kho, khong ngai cong viec phai ra ngoai thi truong - dam me kinh doanh - kha nang giai quyet tinh huong tot - ngoai hinh de nhin, noi chuyen luu loat, troi chay - chiu duoc cong viec ap luc cao - uu tien ung vien co kinh nghiem ban hang, vien thong… 20 phan dinh giot, p. 2 ho chi minh(vi) ho chi minh ho chi minh(ja) ho chi minh(kh) ho chi minh(th) ho chi minh(id) quan tan binh tan binh district tan binh区','#50 nhân viên kinh doanh các quận 5, 6, 8, bình tân, bình chánh company #50 công ty cổ phần viễn thông fpt telecom được đánh giá là nhà cung cấp dịch vụ internet (isp) có chính sách dịch vụ tốt nhất tại việt nam. trọng dụng nhân tài và phát triển nguồn nhân lực luôn là mục tiêu hàng đầu trong các chiến lược phát triển của chúng tôi. ở fpt telecom bạn sẽ được làm việc trong môi trường an toàn, thu nhập cạnh tranh và các chương trình đào tạo phát triển. - tìm kiếm thông tin, tiếp cận các khách hàng tiềm năng. - tư vấn, giải thích cho khách hàng về dịch vụ internet băng rộng (adsl), internet cáp quang (ftth) do fpt telecom đang cung cấp. - xúc tiến việc ký kết hợp đồng, đàm phán thương lượng, thực hiện cá c thủ tục ký kết hợp đồng với khách hàng. * quyền lợi: - lương: cơ bản + hoa hồng + doanh số + thưởng cực k ỳ hấp dẫn - chế độ thăng tiến rõ ràng - được tham gia các khóa đào tạo về sản phẩm và kỹ năng. - bảo hiểm nhà nước + bảo hiểm ca o cấp dành cho nhân viên và người thân fpt (fpt care). - tham gia các hoạt động phong trào (hàng năm, chúng tôi có rất nhiều hoạt động nhằm chăm lo đời sống văn hóa tinh thần cho cnbv công ty) - được xét mua cổ phiếu theo chính sách công ty. và nhiều quyền lợi k hác. - nam, tốt nghiệp ptth trở lên, làm việc toàn thời gian - cần cù chịu khó, không ngại công việc phải ra ngoài thị trường - đam mê kinh doanh - khả năng giải quyết tình huống tốt - ngoại hình dễ nhìn, nói chuyện lưu loát, trôi chảy - chịu được công việc áp lực cao - ưu tiên ứng viên có kinh nghiệm bán hàng, viễn thông… 20 phan đình giót, p. 2 ho chi minh(vi) ho chi minh ho chi minh(ja) ho chi minh(kh) ho chi minh(th) ho chi minh(id) quận tân bình tan binh district tan binh区','ban nhan su 08 7300 2222 ( ip: 8350) 08 7300 8889 career1@careerlink.vn career2@careerlink.vn ms. ngoc diem 08 7300 2222 ( ip: 8275)','ban nhân sự 08 7300 2222 ( ip: 8350) 08 7300 8889 career1@careerlink.vn career2@careerlink.vn ms. ngọc diễm 08 7300 2222 ( ip: 8275)','Company #50','2020-05-06 09:52:25','2020-05-06 09:52:25','C',1,1,'<div style=\"text-align: justify;\"><span style=\"font-weight: bold;\">Công ty Cổ phần Viễn thông FPT Telecom được đánh giá là nhà cung cấp dịch vụ Internet (ISP) có chính sách dịch vụ tốt nhất tại Việt Nam.  Trọng dụng nhân tài và phát triển nguồn nhân lực luôn là mục tiêu hàng đầu trong các chiến lược phát triển của chúng tôi. Ở FPT Telecom bạn sẽ được làm việc trong môi trường an toàn, thu nhập cạnh tranh và các chương trình đào tạo phát triển.</span></div>','A','www.careerlink.vn',0,'2020-05-06 08:14:33',1,1,NULL,NULL),(51,1,NULL,NULL,NULL,NULL,1,51,NULL,0,0,1,'I','Job #51',NULL,NULL,NULL,'N',NULL,NULL,NULL,NULL,'B',NULL,NULL,NULL,1,1,1,0,NULL,NULL,NULL,NULL,NULL,NULL,NULL,NULL,NULL,NULL,1,1,1,1,1,'2020-04-14',30,0,0,'N',1,0,NULL,NULL,'F','job #51 fpt telecom cong ty co phan vien thong fpt telecom duoc danh gia la nha cung cap dich vu internet (isp) co chinh sach dich vu tot nhat tai viet nam. trong dung nhan tai va phat trien nguon nhan luc luon la muc tieu hang dau trong cac chien luoc phat trien cua chung toi. o fpt telecom ban se duoc lam viec trong moi truong an toan, thu nhap canh tranh va cac chuong trinh dao tao phat trien.','job #51 fpt telecom công ty cổ phần viễn thông fpt telecom được đánh giá là nhà cung cấp dịch vụ internet (isp) có chính sách dịch vụ tốt nhất tại việt nam. trọng dụng nhân tài và phát triển nguồn nhân lực luôn là mục tiêu hàng đầu trong các chiến lược phát triển của chúng tôi. ở fpt telecom bạn sẽ được làm việc trong môi trường an toàn, thu nhập cạnh tranh và các chương trình đào tạo phát triển.','','','FPT Telecom','2020-05-06 09:52:25','2020-05-06 09:52:25','C',0,0,'<div style=\"text-align: justify;\"><span style=\"font-weight: bold;\">Công ty Cổ phần Viễn thông FPT Telecom được đánh giá là nhà cung cấp dịch vụ Internet (ISP) có chính sách dịch vụ tốt nhất tại Việt Nam.  Trọng dụng nhân tài và phát triển nguồn nhân lực luôn là mục tiêu hàng đầu trong các chiến lược phát triển của chúng tôi. Ở FPT Telecom bạn sẽ được làm việc trong môi trường an toàn, thu nhập cạnh tranh và các chương trình đào tạo phát triển.</span></div>','G',NULL,0,'2020-04-14 09:52:25',0,1,NULL,NULL),(52,1,NULL,NULL,NULL,NULL,1,52,NULL,0,0,2,'I','Job #52',NULL,NULL,NULL,'N',NULL,NULL,NULL,NULL,'B',NULL,NULL,NULL,1,1,1,0,NULL,NULL,NULL,NULL,NULL,NULL,NULL,NULL,NULL,NULL,1,1,1,1,1,'2020-05-05',30,0,0,'N',1,0,NULL,NULL,'F','job #52 fpt telecom #2 cong ty co phan vien thong fpt telecom duoc danh gia la nha cung cap dich vu internet (isp) co chinh sach dich vu tot nhat tai viet nam. trong dung nhan tai va phat trien nguon nhan luc luon la muc tieu hang dau trong cac chien luoc phat trien cua chung toi. o fpt telecom ban se duoc lam viec trong moi truong an toan, thu nhap canh tranh va cac chuong trinh dao tao phat trien.','job #52 fpt telecom #2 công ty cổ phần viễn thông fpt telecom được đánh giá là nhà cung cấp dịch vụ internet (isp) có chính sách dịch vụ tốt nhất tại việt nam. trọng dụng nhân tài và phát triển nguồn nhân lực luôn là mục tiêu hàng đầu trong các chiến lược phát triển của chúng tôi. ở fpt telecom bạn sẽ được làm việc trong môi trường an toàn, thu nhập cạnh tranh và các chương trình đào tạo phát triển.','','','FPT Telecom #2','2020-05-06 09:52:25','2020-05-06 09:52:25','C',0,0,'<div style=\"text-align: justify;\"><span style=\"font-weight: bold;\">Công ty Cổ phần Viễn thông FPT Telecom được đánh giá là nhà cung cấp dịch vụ Internet (ISP) có chính sách dịch vụ tốt nhất tại Việt Nam.  Trọng dụng nhân tài và phát triển nguồn nhân lực luôn là mục tiêu hàng đầu trong các chiến lược phát triển của chúng tôi. Ở FPT Telecom bạn sẽ được làm việc trong môi trường an toàn, thu nhập cạnh tranh và các chương trình đào tạo phát triển.</span></div>','A',NULL,0,'2020-05-05 10:46:14',0,1,NULL,NULL),(53,1,1,1,14,5,1,53,NULL,0,0,1,'P','Front end Developer',NULL,'A','I','M',5000000,NULL,NULL,NULL,'B','<p>asafsd asdf asdf sadf asdf sadf sadf asdf sadf asdf asdf asdf asdf sdaf dsaf df asd fsadf sadf asdf asdf asdf sdf asdf</p>','A','<p>dsfsadf df sdaf&nbsp; asdfsdaf asdf asdf sdafsd af asdf asdf asdfa sdfa fas dfas dfasdf asdf asdas dfasdf asdf</p>',1,1,1,0,'<p>adf</p>','270-272 Cộng Hòa, Phường 13',NULL,'Ban Nhân sự','08 7300 2222 ( IP: 8350)',NULL,NULL,'[\"employer1@careerlink.vn\"]','Ban Nhân sự',NULL,1,1,1,1,1,'2020-08-14',45,0,0,'N',0,0,NULL,NULL,'F','front end developer fpt telecom cong ty co phan vien thong fpt telecom duoc danh gia la nha cung cap dich vu internet (isp) co chinh sach dich vu tot nhat tai viet nam. trong dung nhan tai va phat trien nguon nhan luc luon la muc tieu hang dau trong cac chien luoc phat trien cua chung toi. o fpt telecom ban se duoc lam viec trong moi truong an toan, thu nhap canh tranh va cac chuong trinh dao tao phat trien. asafsd asdf asdf sadf asdf sadf sadf asdf sadf asdf asdf asdf asdf sdaf dsaf df asd fsadf sadf asdf asdf asdf sdf asdf dsfsadf df sdaf asdfsdaf asdf asdf sdafsd af asdf asdf asdfa sdfa fas dfas dfasdf asdf asdas dfasdf asdf 270-272 cong hoa, phuong 13 ho chi minh(vi) ho chi minh ho chi minh(ja) ho chi minh(kh) ho chi minh(th) ho chi minh(id)','front end developer fpt telecom công ty cổ phần viễn thông fpt telecom được đánh giá là nhà cung cấp dịch vụ internet (isp) có chính sách dịch vụ tốt nhất tại việt nam. trọng dụng nhân tài và phát triển nguồn nhân lực luôn là mục tiêu hàng đầu trong các chiến lược phát triển của chúng tôi. ở fpt telecom bạn sẽ được làm việc trong môi trường an toàn, thu nhập cạnh tranh và các chương trình đào tạo phát triển. asafsd asdf asdf sadf asdf sadf sadf asdf sadf asdf asdf asdf asdf sdaf dsaf df asd fsadf sadf asdf asdf asdf sdf asdf dsfsadf df sdaf asdfsdaf asdf asdf sdafsd af asdf asdf asdfa sdfa fas dfas dfasdf asdf asdas dfasdf asdf 270-272 cộng hòa, phường 13 ho chi minh(vi) ho chi minh ho chi minh(ja) ho chi minh(kh) ho chi minh(th) ho chi minh(id)','ban nhan su 08 7300 2222 ( ip: 8350) employer1@careerlink.vn ban nhan su adf','ban nhân sự 08 7300 2222 ( ip: 8350) employer1@careerlink.vn ban nhân sự adf','FPT Telecom','2020-08-14 15:03:16','2020-08-14 15:03:33','C',0,0,'<div style=\"text-align: justify;\"><span style=\"font-weight: bold;\">C&ocirc;ng ty Cổ phần Viễn th&ocirc;ng FPT Telecom được đ&aacute;nh gi&aacute; l&agrave; nh&agrave; cung cấp dịch vụ Internet (ISP) c&oacute; ch&iacute;nh s&aacute;ch dịch vụ tốt nhất tại Việt Nam. Trọng dụng nh&acirc;n t&agrave;i v&agrave; ph&aacute;t triển nguồn nh&acirc;n lực lu&ocirc;n l&agrave; mục ti&ecirc;u h&agrave;ng đầu trong c&aacute;c chiến lược ph&aacute;t triển của ch&uacute;ng t&ocirc;i. Ở FPT Telecom bạn sẽ được l&agrave;m việc trong m&ocirc;i trường an to&agrave;n, thu nhập cạnh tranh v&agrave; c&aacute;c chương tr&igrave;nh đ&agrave;o tạo ph&aacute;t triển.</span></div>','G',NULL,0,'2020-08-14 14:58:46',4,1,2,NULL);
/*!40000 ALTER TABLE `Job` ENABLE KEYS */;
UNLOCK TABLES;

--
-- Table structure for table `JobAlertSearch`
--

DROP TABLE IF EXISTS `JobAlertSearch`;
/*!40101 SET @saved_cs_client     = @@character_set_client */;
/*!40101 SET character_set_client = utf8 */;
CREATE TABLE `JobAlertSearch` (
  `id` int(11) NOT NULL AUTO_INCREMENT,
  `job_alert_id` int(11) NOT NULL,
  `keywords` varchar(255) COLLATE utf8_unicode_ci DEFAULT NULL,
  `keywordUse` char(1) COLLATE utf8_unicode_ci DEFAULT NULL,
  `isAllAscii` tinyint(1) DEFAULT NULL,
  `includeLowerDegrees` tinyint(1) NOT NULL,
  `experienceLevels` varchar(255) COLLATE utf8_unicode_ci NOT NULL,
  `includeLowerExperienceLevels` tinyint(1) NOT NULL,
  `careerLevels` varchar(255) COLLATE utf8_unicode_ci NOT NULL,
  `includeLowerCareerLevels` tinyint(1) NOT NULL,
  `positionTypes` varchar(255) COLLATE utf8_unicode_ci NOT NULL,
  `salaryFrom` bigint(20) DEFAULT NULL,
  `salaryTo` bigint(20) DEFAULT NULL,
  `employer_id` int(11) DEFAULT NULL,
  `isUrgent` tinyint(1) DEFAULT NULL,
  `isExectiveJob` tinyint(1) DEFAULT NULL,
  `salaryType` char(1) COLLATE utf8_unicode_ci DEFAULT NULL,
  `siteId` int(11) NOT NULL,
  `salaryFromMoney_id` int(11) DEFAULT NULL,
  `salaryToMoney_id` int(11) DEFAULT NULL,
  PRIMARY KEY (`id`),
  UNIQUE KEY `UNIQ_91FA528CF444FA09` (`job_alert_id`),
  KEY `IDX_91FA528C34DD95D5` (`salaryFromMoney_id`),
  KEY `IDX_91FA528CC9DB5A23` (`salaryToMoney_id`),
  KEY `idx_siteId` (`siteId`),
  CONSTRAINT `FK_91FA528C34DD95D5` FOREIGN KEY (`salaryFromMoney_id`) REFERENCES `Money` (`id`),
  CONSTRAINT `FK_91FA528CC9DB5A23` FOREIGN KEY (`salaryToMoney_id`) REFERENCES `Money` (`id`)
) ENGINE=InnoDB AUTO_INCREMENT=14 DEFAULT CHARSET=utf8 COLLATE=utf8_unicode_ci;
/*!40101 SET character_set_client = @saved_cs_client */;

--
-- Dumping data for table `JobAlertSearch`
--

LOCK TABLES `JobAlertSearch` WRITE;
/*!40000 ALTER TABLE `JobAlertSearch` DISABLE KEYS */;
INSERT INTO `JobAlertSearch` VALUES (1,1,NULL,'A',NULL,1,'',0,'E',0,'',NULL,NULL,NULL,NULL,NULL,NULL,1,NULL,NULL),(2,2,NULL,'A',NULL,0,'',0,'E',0,'',NULL,NULL,NULL,NULL,NULL,NULL,1,NULL,NULL),(3,3,NULL,'A',NULL,0,'',0,'E',1,'',NULL,NULL,NULL,NULL,NULL,NULL,1,NULL,NULL),(4,4,NULL,'A',NULL,0,'',0,'L',1,'',NULL,NULL,NULL,NULL,NULL,NULL,1,NULL,NULL),(5,5,'Nhan','A',1,0,'',0,'',0,'',NULL,NULL,NULL,NULL,NULL,NULL,1,NULL,NULL),(6,6,NULL,'A',NULL,0,'',0,'',0,'',NULL,NULL,NULL,NULL,NULL,NULL,1,NULL,NULL),(7,7,NULL,'A',NULL,0,'',0,'',0,'',2000000,NULL,NULL,NULL,NULL,'M',1,2,NULL),(8,8,NULL,'A',NULL,0,'',0,'',0,'',3000000,NULL,NULL,NULL,NULL,'M',1,2,NULL),(9,9,NULL,'A',NULL,1,'',0,'',0,'',NULL,NULL,NULL,NULL,NULL,NULL,1,NULL,NULL),(10,10,NULL,'A',NULL,1,'',0,'',0,'',100000000,NULL,NULL,NULL,NULL,'M',1,2,NULL),(11,11,NULL,'A',NULL,1,'',0,'',0,'',4000000,NULL,NULL,NULL,NULL,'M',1,2,NULL),(12,12,NULL,'A',NULL,1,'',0,'P',1,'',1,4000000,NULL,NULL,NULL,'I',1,2,2),(13,13,NULL,'A',NULL,0,'',0,'P',1,'',2500000,3500000,NULL,NULL,NULL,'I',1,2,2);
/*!40000 ALTER TABLE `JobAlertSearch` ENABLE KEYS */;
UNLOCK TABLES;

--
-- Table structure for table `JobAlertSearchKeywordToken`
--

DROP TABLE IF EXISTS `JobAlertSearchKeywordToken`;
/*!40101 SET @saved_cs_client     = @@character_set_client */;
/*!40101 SET character_set_client = utf8 */;
CREATE TABLE `JobAlertSearchKeywordToken` (
  `id` int(11) NOT NULL AUTO_INCREMENT,
  `job_alert_search_id` int(11) DEFAULT NULL,
  `tokenInAscii` longblob NOT NULL,
  `token` longblob NOT NULL,
  PRIMARY KEY (`id`),
  KEY `IDX_A32BA4773FE53212` (`job_alert_search_id`),
  CONSTRAINT `FK_A32BA4773FE53212` FOREIGN KEY (`job_alert_search_id`) REFERENCES `JobAlertSearch` (`id`)
) ENGINE=InnoDB AUTO_INCREMENT=2 DEFAULT CHARSET=utf8 COLLATE=utf8_unicode_ci;
/*!40101 SET character_set_client = @saved_cs_client */;

--
-- Dumping data for table `JobAlertSearchKeywordToken`
--

LOCK TABLES `JobAlertSearchKeywordToken` WRITE;
/*!40000 ALTER TABLE `JobAlertSearchKeywordToken` DISABLE KEYS */;
INSERT INTO `JobAlertSearchKeywordToken` VALUES (1,5,'nhan','nhan');
/*!40000 ALTER TABLE `JobAlertSearchKeywordToken` ENABLE KEYS */;
UNLOCK TABLES;

--
-- Table structure for table `JobAlertSearches_EducationLevels`
--

DROP TABLE IF EXISTS `JobAlertSearches_EducationLevels`;
/*!40101 SET @saved_cs_client     = @@character_set_client */;
/*!40101 SET character_set_client = utf8 */;
CREATE TABLE `JobAlertSearches_EducationLevels` (
  `job_alert_search_id` int(11) NOT NULL,
  `education_level_id` int(11) NOT NULL,
  PRIMARY KEY (`job_alert_search_id`,`education_level_id`),
  KEY `IDX_C1C55263FE53212` (`job_alert_search_id`),
  KEY `IDX_C1C5526D7A5352E` (`education_level_id`),
  CONSTRAINT `FK_C1C55263FE53212` FOREIGN KEY (`job_alert_search_id`) REFERENCES `JobAlertSearch` (`id`),
  CONSTRAINT `FK_C1C5526D7A5352E` FOREIGN KEY (`education_level_id`) REFERENCES `EducationLevel` (`id`)
) ENGINE=InnoDB DEFAULT CHARSET=utf8 COLLATE=utf8_unicode_ci;
/*!40101 SET character_set_client = @saved_cs_client */;

--
-- Dumping data for table `JobAlertSearches_EducationLevels`
--

LOCK TABLES `JobAlertSearches_EducationLevels` WRITE;
/*!40000 ALTER TABLE `JobAlertSearches_EducationLevels` DISABLE KEYS */;
INSERT INTO `JobAlertSearches_EducationLevels` VALUES (1,6),(9,18),(10,18),(11,18),(12,18);
/*!40000 ALTER TABLE `JobAlertSearches_EducationLevels` ENABLE KEYS */;
UNLOCK TABLES;

--
-- Table structure for table `JobAlertSearches_JobCategories`
--

DROP TABLE IF EXISTS `JobAlertSearches_JobCategories`;
/*!40101 SET @saved_cs_client     = @@character_set_client */;
/*!40101 SET character_set_client = utf8 */;
CREATE TABLE `JobAlertSearches_JobCategories` (
  `job_alert_search_id` int(11) NOT NULL,
  `job_category_id` int(11) NOT NULL,
  PRIMARY KEY (`job_alert_search_id`,`job_category_id`),
  KEY `IDX_258565523FE53212` (`job_alert_search_id`),
  KEY `IDX_25856552712A86AB` (`job_category_id`),
  CONSTRAINT `FK_258565523FE53212` FOREIGN KEY (`job_alert_search_id`) REFERENCES `JobAlertSearch` (`id`),
  CONSTRAINT `FK_25856552712A86AB` FOREIGN KEY (`job_category_id`) REFERENCES `JobCategory` (`id`)
) ENGINE=InnoDB DEFAULT CHARSET=utf8 COLLATE=utf8_unicode_ci;
/*!40101 SET character_set_client = @saved_cs_client */;

--
-- Dumping data for table `JobAlertSearches_JobCategories`
--

LOCK TABLES `JobAlertSearches_JobCategories` WRITE;
/*!40000 ALTER TABLE `JobAlertSearches_JobCategories` DISABLE KEYS */;
INSERT INTO `JobAlertSearches_JobCategories` VALUES (2,13),(2,16);
/*!40000 ALTER TABLE `JobAlertSearches_JobCategories` ENABLE KEYS */;
UNLOCK TABLES;

--
-- Table structure for table `JobAlertSearches_JobTags`
--

DROP TABLE IF EXISTS `JobAlertSearches_JobTags`;
/*!40101 SET @saved_cs_client     = @@character_set_client */;
/*!40101 SET character_set_client = utf8 */;
CREATE TABLE `JobAlertSearches_JobTags` (
  `job_alert_search_id` int(11) NOT NULL,
  `job_tag_id` int(11) NOT NULL,
  PRIMARY KEY (`job_alert_search_id`,`job_tag_id`),
  KEY `IDX_2041BDC3FE53212` (`job_alert_search_id`),
  KEY `IDX_2041BDCEAD64E90` (`job_tag_id`),
  CONSTRAINT `FK_2041BDC3FE53212` FOREIGN KEY (`job_alert_search_id`) REFERENCES `JobAlertSearch` (`id`),
  CONSTRAINT `FK_2041BDCEAD64E90` FOREIGN KEY (`job_tag_id`) REFERENCES `JobTag` (`id`)
) ENGINE=InnoDB DEFAULT CHARSET=utf8 COLLATE=utf8_unicode_ci;
/*!40101 SET character_set_client = @saved_cs_client */;

--
-- Dumping data for table `JobAlertSearches_JobTags`
--

LOCK TABLES `JobAlertSearches_JobTags` WRITE;
/*!40000 ALTER TABLE `JobAlertSearches_JobTags` DISABLE KEYS */;
/*!40000 ALTER TABLE `JobAlertSearches_JobTags` ENABLE KEYS */;
UNLOCK TABLES;

--
-- Table structure for table `JobAlertSearches_Provinces`
--

DROP TABLE IF EXISTS `JobAlertSearches_Provinces`;
/*!40101 SET @saved_cs_client     = @@character_set_client */;
/*!40101 SET character_set_client = utf8 */;
CREATE TABLE `JobAlertSearches_Provinces` (
  `job_alert_search_id` int(11) NOT NULL,
  `province_id` int(11) NOT NULL,
  PRIMARY KEY (`job_alert_search_id`,`province_id`),
  KEY `IDX_930A62B33FE53212` (`job_alert_search_id`),
  KEY `IDX_930A62B3E946114A` (`province_id`),
  CONSTRAINT `FK_930A62B33FE53212` FOREIGN KEY (`job_alert_search_id`) REFERENCES `JobAlertSearch` (`id`),
  CONSTRAINT `FK_930A62B3E946114A` FOREIGN KEY (`province_id`) REFERENCES `Province` (`id`)
) ENGINE=InnoDB DEFAULT CHARSET=utf8 COLLATE=utf8_unicode_ci;
/*!40101 SET character_set_client = @saved_cs_client */;

--
-- Dumping data for table `JobAlertSearches_Provinces`
--

LOCK TABLES `JobAlertSearches_Provinces` WRITE;
/*!40000 ALTER TABLE `JobAlertSearches_Provinces` DISABLE KEYS */;
INSERT INTO `JobAlertSearches_Provinces` VALUES (1,5),(2,6);
/*!40000 ALTER TABLE `JobAlertSearches_Provinces` ENABLE KEYS */;
UNLOCK TABLES;

--
-- Table structure for table `JobCategory`
--

DROP TABLE IF EXISTS `JobCategory`;
/*!40101 SET @saved_cs_client     = @@character_set_client */;
/*!40101 SET character_set_client = utf8 */;
CREATE TABLE `JobCategory` (
  `id` int(11) NOT NULL AUTO_INCREMENT,
  `job_parent_category_id` int(11) DEFAULT NULL,
  `isActive` tinyint(1) NOT NULL,
  `isSpecial` tinyint(1) NOT NULL,
  `nameVi` varchar(255) COLLATE utf8_unicode_ci DEFAULT NULL,
  `nameEn` varchar(255) COLLATE utf8_unicode_ci DEFAULT NULL,
  `nameJa` varchar(255) COLLATE utf8_unicode_ci DEFAULT NULL,
  `nameKh` varchar(255) COLLATE utf8_unicode_ci DEFAULT NULL,
  `nameTh` varchar(255) COLLATE utf8_unicode_ci DEFAULT NULL,
  `nameId` varchar(255) COLLATE utf8_unicode_ci DEFAULT NULL,
  `nameTl` varchar(255) COLLATE utf8_unicode_ci DEFAULT NULL,
  `nameZh` varchar(255) COLLATE utf8_unicode_ci DEFAULT NULL,
  PRIMARY KEY (`id`),
  UNIQUE KEY `parent_nameVi` (`job_parent_category_id`,`nameVi`),
  UNIQUE KEY `parent_nameEn` (`job_parent_category_id`,`nameEn`),
  UNIQUE KEY `parent_nameJa` (`job_parent_category_id`,`nameJa`),
  UNIQUE KEY `parent_nameKh` (`job_parent_category_id`,`nameKh`),
  UNIQUE KEY `parent_nameTh` (`job_parent_category_id`,`nameTh`),
  UNIQUE KEY `parent_nameId` (`job_parent_category_id`,`nameId`),
  UNIQUE KEY `parent_nameTl` (`job_parent_category_id`,`nameTl`),
  UNIQUE KEY `parent_nameZh` (`job_parent_category_id`,`nameZh`),
  KEY `IDX_9701A2A6B4B98FC1` (`job_parent_category_id`),
  CONSTRAINT `FK_9701A2A6B4B98FC1` FOREIGN KEY (`job_parent_category_id`) REFERENCES `JobParentCategory` (`id`)
) ENGINE=InnoDB AUTO_INCREMENT=46 DEFAULT CHARSET=utf8 COLLATE=utf8_unicode_ci;
/*!40101 SET character_set_client = @saved_cs_client */;

--
-- Dumping data for table `JobCategory`
--

LOCK TABLES `JobCategory` WRITE;
/*!40000 ALTER TABLE `JobCategory` DISABLE KEYS */;
INSERT INTO `JobCategory` VALUES (1,1,1,0,'Clerical/ Administrative (vi)','Clerical/ Administrative','Clerical/ Administrative (ja)',NULL,NULL,NULL,NULL,NULL),(2,1,1,0,'Human Resources (vi)','Human Resources','Human Resources (ja)',NULL,NULL,NULL,NULL,NULL),(3,1,1,0,'Interpreter/ Translator (vi)','Interpreter/ Translator','Interpreter/ Translator (ja)',NULL,NULL,NULL,NULL,NULL),(4,1,1,0,'Interpreter/ Translator (Japanese) (vi)','Interpreter/ Translator (Japanese)','Interpreter/ Translator (Japanese) (ja)',NULL,NULL,NULL,NULL,NULL),(5,1,1,0,'Legal (vi)','Legal','Legal (ja)',NULL,NULL,NULL,NULL,NULL),(6,2,1,0,'Customer Service (vi)','Customer Service','Customer Service (ja)',NULL,NULL,NULL,NULL,NULL),(7,2,1,0,'Education/ Training/ Library (vi)','Education/ Training/ Library','Education/ Training/ Library (ja)',NULL,NULL,NULL,NULL,NULL),(8,2,1,0,'Health Care/ Medical (vi)','Health Care/ Medical','Health Care/ Medical (ja)',NULL,NULL,NULL,NULL,NULL),(9,2,1,0,'Non-Profit/ Volunteer (vi)','Non-Profit/ Volunteer','Non-Profit/ Volunteer (ja)',NULL,NULL,NULL,NULL,NULL),(10,3,1,0,'Accounting/ Finance / Audit (vi)','Accounting/ Finance / Audit','Accounting/ Finance / Audit (ja)',NULL,NULL,NULL,NULL,NULL),(11,3,1,0,'Banking/ Securities/ Invest (vi)','Banking/ Securities/ Invest','Banking/ Securities/ Invest (ja)',NULL,NULL,NULL,NULL,NULL),(12,3,1,0,'Insurance (vi)','Insurance','Insurance (ja)',NULL,NULL,NULL,NULL,NULL),(13,4,1,0,'Advertising/ Promotion/ PR (vi)','Advertising/ Promotion/ PR','Advertising/ Promotion/ PR (ja)',NULL,NULL,NULL,NULL,NULL),(14,4,1,0,'Consulting (vi)','Consulting','Consulting (ja)',NULL,NULL,NULL,NULL,NULL),(15,4,1,0,'Marketing (vi)','Marketing','Marketing (ja)',NULL,NULL,NULL,NULL,NULL),(16,4,1,0,'Sales (vi)','Sales','Sales (ja)',NULL,NULL,NULL,NULL,NULL),(17,5,1,0,'Export/ Import (vi)','Export/ Import','Export/ Import (ja)',NULL,NULL,NULL,NULL,NULL),(18,5,1,0,'Purchasing (vi)','Purchasing','Purchasing (ja)',NULL,NULL,NULL,NULL,NULL),(19,5,1,0,'QA/ QC (vi)','QA/ QC','QA/ QC (ja)',NULL,NULL,NULL,NULL,NULL),(20,5,1,0,'Transportation/Logistics/Warehouse (vi)','Transportation/Logistics/Warehouse','Transportation/Logistics/Warehouse (ja)',NULL,NULL,NULL,NULL,NULL),(21,6,1,0,'IT - Hardware/ Networking (vi)','IT - Hardware/ Networking','IT - Hardware/ Networking (ja)',NULL,NULL,NULL,NULL,NULL),(22,6,1,0,'IT - Software (vi)','IT - Software','IT - Software (ja)',NULL,NULL,NULL,NULL,NULL),(23,7,1,0,'Hotel/ Travel (vi)','Hotel/ Travel','Hotel/ Travel (ja)',NULL,NULL,NULL,NULL,NULL),(24,7,1,0,'Restaurant/ Food Service (vi)','Restaurant/ Food Service','Restaurant/ Food Service (ja)',NULL,NULL,NULL,NULL,NULL),(25,8,1,0,'Electrical/ Electronics (vi)','Electrical/ Electronics','Electrical/ Electronics (ja)',NULL,NULL,NULL,NULL,NULL),(26,8,1,0,'Engineering/ Mechanical (vi)','Engineering/ Mechanical','Engineering/ Mechanical (ja)',NULL,NULL,NULL,NULL,NULL),(27,8,1,0,'Environment/ Waste Services (vi)','Environment/ Waste Services','Environment/ Waste Services (ja)',NULL,NULL,NULL,NULL,NULL),(28,8,1,0,'Pharmaceutical/ Biotech (vi)','Pharmaceutical/ Biotech','Pharmaceutical/ Biotech (ja)',NULL,NULL,NULL,NULL,NULL),(29,9,1,0,'Automotive (vi)','Automotive','Automotive (ja)',NULL,NULL,NULL,NULL,NULL),(30,9,1,0,'Agriculture/ Forestry (vi)','Agriculture/ Forestry','Agriculture/ Forestry (ja)',NULL,NULL,NULL,NULL,NULL),(31,9,1,0,'Chemical/ Biochemical/ Food Science (vi)','Chemical/ Biochemical/ Food Science','Chemical/ Biochemical/ Food Science (ja)',NULL,NULL,NULL,NULL,NULL),(32,9,1,0,'Manufacturing/ Operations (vi)','Manufacturing/ Operations','Manufacturing/ Operations (ja)',NULL,NULL,NULL,NULL,NULL),(33,9,1,0,'Oil/ Gas/ Mineral (vi)','Oil/ Gas/ Mineral','Oil/ Gas/ Mineral (ja)',NULL,NULL,NULL,NULL,NULL),(34,9,1,0,'Textiles/ Garments (vi)','Textiles/ Garments','Textiles/ Garments (ja)',NULL,NULL,NULL,NULL,NULL),(35,10,1,0,'Architecture (vi)','Architecture','Architecture (ja)',NULL,NULL,NULL,NULL,NULL),(36,10,1,0,'Construction (vi)','Construction','Construction (ja)',NULL,NULL,NULL,NULL,NULL),(37,10,1,0,'Real Estate (vi)','Real Estate','Real Estate (ja)',NULL,NULL,NULL,NULL,NULL),(38,11,1,0,'Arts/ Entertainment (vi)','Arts/ Entertainment','Arts/ Entertainment (ja)',NULL,NULL,NULL,NULL,NULL),(39,11,1,0,'Newspaper/ Editor/ Publishing (vi)','Newspaper/ Editor/ Publishing','Newspaper/ Editor/ Publishing (ja)',NULL,NULL,NULL,NULL,NULL),(40,11,1,0,'Telecommunications (vi)','Telecommunications','Telecommunications (ja)',NULL,NULL,NULL,NULL,NULL),(41,12,1,0,'Entry level/ Internship (vi)','Entry level/ Internship','Entry level/ Internship (ja)',NULL,NULL,NULL,NULL,NULL),(42,12,1,0,'Executive Management (vi)','Executive Management','Executive Management (ja)',NULL,NULL,NULL,NULL,NULL),(43,12,1,0,'Expatriate/ Foreigner (vi)','Expatriate/ Foreigner','Expatriate/ Foreigner (ja)',NULL,NULL,NULL,NULL,NULL),(44,12,1,0,'Labour (vi)','Labour','Labour (ja)',NULL,NULL,NULL,NULL,NULL),(45,13,1,0,'Other (vi)','Other','Other (ja)',NULL,NULL,NULL,NULL,NULL);
/*!40000 ALTER TABLE `JobCategory` ENABLE KEYS */;
UNLOCK TABLES;

--
-- Table structure for table `JobCount`
--

DROP TABLE IF EXISTS `JobCount`;
/*!40101 SET @saved_cs_client     = @@character_set_client */;
/*!40101 SET character_set_client = utf8 */;
CREATE TABLE `JobCount` (
  `id` int(11) NOT NULL AUTO_INCREMENT,
  `job_category_id` int(11) DEFAULT NULL,
  `province_id` int(11) DEFAULT NULL,
  `count` int(11) NOT NULL,
  `tlpCount` int(11) NOT NULL,
  `isJobCategoryNotSpecified` tinyint(1) DEFAULT NULL,
  `isProvinceNotSpecified` tinyint(1) DEFAULT NULL,
  `siteId` int(11) NOT NULL,
  PRIMARY KEY (`id`),
  UNIQUE KEY `u1` (`siteId`,`job_category_id`,`province_id`),
  UNIQUE KEY `u2` (`siteId`,`job_category_id`,`isProvinceNotSpecified`),
  UNIQUE KEY `u3` (`siteId`,`province_id`,`isJobCategoryNotSpecified`),
  UNIQUE KEY `u4` (`siteId`,`isJobCategoryNotSpecified`,`isProvinceNotSpecified`),
  KEY `IDX_67870F6A712A86AB` (`job_category_id`),
  KEY `IDX_67870F6AE946114A` (`province_id`),
  CONSTRAINT `FK_67870F6A712A86AB` FOREIGN KEY (`job_category_id`) REFERENCES `JobCategory` (`id`) ON DELETE CASCADE,
  CONSTRAINT `FK_67870F6AE946114A` FOREIGN KEY (`province_id`) REFERENCES `Province` (`id`) ON DELETE CASCADE
) ENGINE=InnoDB AUTO_INCREMENT=553 DEFAULT CHARSET=utf8 COLLATE=utf8_unicode_ci;
/*!40101 SET character_set_client = @saved_cs_client */;

--
-- Dumping data for table `JobCount`
--

LOCK TABLES `JobCount` WRITE;
/*!40000 ALTER TABLE `JobCount` DISABLE KEYS */;
INSERT INTO `JobCount` VALUES (1,19,39,1,1,NULL,NULL,1),(2,19,NULL,4,3,NULL,1,1),(3,23,39,1,1,NULL,NULL,1),(4,23,NULL,2,2,NULL,1,1),(5,40,39,1,1,NULL,NULL,1),(6,40,NULL,1,1,NULL,1,1),(7,27,39,1,1,NULL,NULL,1),(8,27,NULL,6,4,NULL,1,1),(9,41,39,1,1,NULL,NULL,1),(10,41,NULL,3,1,NULL,1,1),(11,NULL,39,1,1,1,NULL,1),(12,NULL,NULL,50,24,1,1,1),(13,35,21,1,1,NULL,NULL,1),(14,35,NULL,5,2,NULL,1,1),(15,NULL,21,2,1,1,NULL,1),(17,36,66,1,1,NULL,NULL,1),(18,36,NULL,3,1,NULL,1,1),(19,26,66,1,1,NULL,NULL,1),(20,26,NULL,3,2,NULL,1,1),(21,NULL,66,1,1,1,NULL,1),(23,9,11,1,0,NULL,NULL,1),(24,9,29,1,0,NULL,NULL,1),(25,9,23,1,0,NULL,NULL,1),(26,9,NULL,2,0,NULL,1,1),(27,NULL,11,4,1,1,NULL,1),(28,NULL,29,2,1,1,NULL,1),(29,NULL,23,3,0,1,NULL,1),(31,32,47,1,0,NULL,NULL,1),(32,32,59,1,0,NULL,NULL,1),(33,32,5,3,2,NULL,NULL,1),(34,32,NULL,5,2,NULL,1,1),(35,NULL,47,3,2,1,NULL,1),(36,NULL,59,3,2,1,NULL,1),(37,NULL,5,3,2,1,NULL,1),(39,9,7,1,0,NULL,NULL,1),(40,9,22,1,0,NULL,NULL,1),(42,22,7,1,0,NULL,NULL,1),(43,22,22,1,0,NULL,NULL,1),(44,22,NULL,5,2,NULL,1,1),(45,24,7,2,1,NULL,NULL,1),(46,24,22,1,0,NULL,NULL,1),(47,24,NULL,7,3,NULL,1,1),(48,28,7,1,0,NULL,NULL,1),(49,28,22,1,0,NULL,NULL,1),(50,28,NULL,4,0,NULL,1,1),(51,NULL,7,5,2,1,NULL,1),(52,NULL,22,3,2,1,NULL,1),(54,29,60,1,0,NULL,NULL,1),(55,29,36,1,0,NULL,NULL,1),(56,29,NULL,3,2,NULL,1,1),(57,3,60,1,0,NULL,NULL,1),(58,3,36,1,0,NULL,NULL,1),(59,3,NULL,5,1,NULL,1,1),(60,NULL,60,3,0,1,NULL,1),(61,NULL,36,5,4,1,NULL,1),(63,8,11,1,0,NULL,NULL,1),(64,8,50,1,0,NULL,NULL,1),(65,8,67,1,0,NULL,NULL,1),(66,8,NULL,3,1,NULL,1,1),(68,NULL,50,1,0,1,NULL,1),(69,NULL,67,3,1,1,NULL,1),(71,20,57,1,0,NULL,NULL,1),(72,20,14,1,0,NULL,NULL,1),(73,20,NULL,3,1,NULL,1,1),(74,15,57,1,0,NULL,NULL,1),(75,15,14,1,0,NULL,NULL,1),(76,15,NULL,4,2,NULL,1,1),(77,31,57,1,0,NULL,NULL,1),(78,31,14,1,0,NULL,NULL,1),(79,31,NULL,5,2,NULL,1,1),(80,36,57,1,0,NULL,NULL,1),(81,36,14,1,0,NULL,NULL,1),(83,22,57,1,0,NULL,NULL,1),(84,22,14,1,0,NULL,NULL,1),(86,NULL,57,2,1,1,NULL,1),(87,NULL,14,1,0,1,NULL,1),(89,28,53,1,0,NULL,NULL,1),(90,28,30,1,0,NULL,NULL,1),(91,28,8,1,0,NULL,NULL,1),(93,NULL,53,1,0,1,NULL,1),(94,NULL,30,1,0,1,NULL,1),(95,NULL,8,2,1,1,NULL,1),(97,31,36,2,2,NULL,NULL,1),(99,30,36,2,2,NULL,NULL,1),(100,30,NULL,3,2,NULL,1,1),(101,22,36,2,2,NULL,NULL,1),(103,5,36,1,1,NULL,NULL,1),(104,5,NULL,3,3,NULL,1,1),(107,7,47,1,1,NULL,NULL,1),(108,7,27,1,1,NULL,NULL,1),(109,7,35,1,1,NULL,NULL,1),(110,7,NULL,5,5,NULL,1,1),(111,24,47,1,1,NULL,NULL,1),(112,24,27,1,1,NULL,NULL,1),(113,24,35,1,1,NULL,NULL,1),(116,NULL,27,2,2,1,NULL,1),(117,NULL,35,4,1,1,NULL,1),(119,44,7,1,0,NULL,NULL,1),(120,44,52,1,0,NULL,NULL,1),(121,44,17,1,0,NULL,NULL,1),(122,44,NULL,5,4,NULL,1,1),(124,NULL,52,4,1,1,NULL,1),(125,NULL,17,1,0,1,NULL,1),(127,26,40,1,1,NULL,NULL,1),(128,26,68,1,1,NULL,NULL,1),(130,44,40,1,1,NULL,NULL,1),(131,44,68,1,1,NULL,NULL,1),(133,15,40,1,1,NULL,NULL,1),(134,15,68,1,1,NULL,NULL,1),(136,5,40,1,1,NULL,NULL,1),(137,5,68,1,1,NULL,NULL,1),(139,39,40,1,1,NULL,NULL,1),(140,39,68,1,1,NULL,NULL,1),(141,39,NULL,2,1,NULL,1,1),(142,NULL,40,2,2,1,NULL,1),(143,NULL,68,2,1,1,NULL,1),(145,12,8,1,1,NULL,NULL,1),(146,12,NULL,3,1,NULL,1,1),(147,7,8,1,1,NULL,NULL,1),(149,29,8,1,1,NULL,NULL,1),(151,6,8,1,1,NULL,NULL,1),(152,6,NULL,6,2,NULL,1,1),(153,45,8,1,1,NULL,NULL,1),(154,45,NULL,1,1,NULL,1,1),(157,8,24,1,0,NULL,NULL,1),(158,8,68,1,0,NULL,NULL,1),(160,31,24,1,0,NULL,NULL,1),(161,31,68,1,0,NULL,NULL,1),(163,3,24,1,0,NULL,NULL,1),(164,3,68,1,0,NULL,NULL,1),(166,NULL,24,1,0,1,NULL,1),(173,18,36,1,1,NULL,NULL,1),(174,18,NULL,3,2,NULL,1,1),(175,33,36,1,1,NULL,NULL,1),(176,33,NULL,4,2,NULL,1,1),(177,15,36,1,1,NULL,NULL,1),(181,5,25,1,1,NULL,NULL,1),(182,5,7,1,1,NULL,NULL,1),(183,5,26,1,1,NULL,NULL,1),(185,NULL,25,1,1,1,NULL,1),(187,NULL,26,3,1,1,NULL,1),(189,32,19,1,0,NULL,NULL,1),(190,32,21,1,0,NULL,NULL,1),(192,31,19,1,0,NULL,NULL,1),(193,31,21,1,0,NULL,NULL,1),(195,22,19,1,0,NULL,NULL,1),(196,22,21,1,0,NULL,NULL,1),(198,3,19,1,0,NULL,NULL,1),(199,3,21,1,0,NULL,NULL,1),(201,37,19,1,0,NULL,NULL,1),(202,37,21,1,0,NULL,NULL,1),(203,37,NULL,3,1,NULL,1,1),(204,NULL,19,3,0,1,NULL,1),(207,33,67,1,0,NULL,NULL,1),(209,6,67,1,0,NULL,NULL,1),(211,15,67,1,0,NULL,NULL,1),(213,17,67,1,0,NULL,NULL,1),(214,17,NULL,4,1,NULL,1,1),(215,42,67,1,0,NULL,NULL,1),(216,42,NULL,3,1,NULL,1,1),(219,33,52,1,1,NULL,NULL,1),(220,33,22,1,1,NULL,NULL,1),(222,23,52,1,1,NULL,NULL,1),(223,23,22,1,1,NULL,NULL,1),(225,27,52,2,1,NULL,NULL,1),(226,27,22,1,1,NULL,NULL,1),(231,3,29,1,1,NULL,NULL,1),(232,3,9,1,1,NULL,NULL,1),(233,3,22,1,1,NULL,NULL,1),(235,14,29,1,1,NULL,NULL,1),(236,14,9,1,1,NULL,NULL,1),(237,14,22,1,1,NULL,NULL,1),(238,14,NULL,2,1,NULL,1,1),(239,43,29,1,1,NULL,NULL,1),(240,43,9,1,1,NULL,NULL,1),(241,43,22,1,1,NULL,NULL,1),(242,43,NULL,4,1,NULL,1,1),(243,6,29,1,1,NULL,NULL,1),(244,6,9,1,1,NULL,NULL,1),(245,6,22,1,1,NULL,NULL,1),(248,NULL,9,1,1,1,NULL,1),(251,42,56,1,1,NULL,NULL,1),(252,42,40,1,1,NULL,NULL,1),(253,42,16,1,1,NULL,NULL,1),(255,7,56,1,1,NULL,NULL,1),(256,7,40,1,1,NULL,NULL,1),(257,7,16,1,1,NULL,NULL,1),(259,NULL,56,1,1,1,NULL,1),(261,NULL,16,1,1,1,NULL,1),(263,37,12,1,0,NULL,NULL,1),(264,37,15,1,0,NULL,NULL,1),(266,38,12,2,0,NULL,NULL,1),(267,38,15,1,0,NULL,NULL,1),(268,38,NULL,4,1,NULL,1,1),(269,28,12,1,0,NULL,NULL,1),(270,28,15,1,0,NULL,NULL,1),(272,27,12,1,0,NULL,NULL,1),(273,27,15,1,0,NULL,NULL,1),(275,1,12,1,0,NULL,NULL,1),(276,1,15,1,0,NULL,NULL,1),(277,1,NULL,3,2,NULL,1,1),(278,NULL,12,2,0,1,NULL,1),(279,NULL,15,3,1,1,NULL,1),(281,25,27,1,1,NULL,NULL,1),(282,25,47,1,1,NULL,NULL,1),(283,25,NULL,2,1,NULL,1,1),(284,8,27,1,1,NULL,NULL,1),(285,8,47,1,1,NULL,NULL,1),(290,29,5,1,1,NULL,NULL,1),(291,29,48,1,1,NULL,NULL,1),(293,44,5,1,1,NULL,NULL,1),(294,44,48,1,1,NULL,NULL,1),(296,19,5,1,1,NULL,NULL,1),(297,19,48,1,1,NULL,NULL,1),(300,32,48,1,1,NULL,NULL,1),(303,NULL,48,1,1,1,NULL,1),(305,43,35,2,0,NULL,NULL,1),(307,39,35,1,0,NULL,NULL,1),(309,33,35,1,0,NULL,NULL,1),(313,4,42,1,1,NULL,NULL,1),(314,4,33,1,1,NULL,NULL,1),(315,4,49,1,1,NULL,NULL,1),(316,4,NULL,5,2,NULL,1,1),(317,NULL,42,1,1,1,NULL,1),(318,NULL,33,1,1,1,NULL,1),(319,NULL,49,2,1,1,NULL,1),(321,6,35,1,0,NULL,NULL,1),(323,20,35,1,0,NULL,NULL,1),(325,4,35,1,0,NULL,NULL,1),(327,42,35,1,0,NULL,NULL,1),(331,34,19,1,0,NULL,NULL,1),(332,34,35,1,0,NULL,NULL,1),(333,34,37,1,0,NULL,NULL,1),(334,34,NULL,1,0,NULL,1,1),(335,12,19,1,0,NULL,NULL,1),(336,12,35,1,0,NULL,NULL,1),(337,12,37,1,0,NULL,NULL,1),(339,43,19,2,0,NULL,NULL,1),(341,43,37,1,0,NULL,NULL,1),(345,NULL,37,1,0,1,NULL,1),(347,24,28,1,0,NULL,NULL,1),(349,35,28,1,0,NULL,NULL,1),(351,NULL,28,1,0,1,NULL,1),(353,19,61,1,0,NULL,NULL,1),(354,19,43,1,0,NULL,NULL,1),(356,4,61,1,0,NULL,NULL,1),(357,4,43,1,0,NULL,NULL,1),(359,18,61,1,0,NULL,NULL,1),(360,18,43,1,0,NULL,NULL,1),(362,3,61,1,0,NULL,NULL,1),(363,3,43,1,0,NULL,NULL,1),(365,35,61,1,0,NULL,NULL,1),(366,35,43,1,0,NULL,NULL,1),(368,NULL,61,1,0,1,NULL,1),(369,NULL,43,3,1,1,NULL,1),(371,30,26,1,0,NULL,NULL,1),(373,6,26,1,0,NULL,NULL,1),(377,43,11,1,0,NULL,NULL,1),(379,43,60,1,0,NULL,NULL,1),(381,41,11,1,0,NULL,NULL,1),(382,41,19,1,0,NULL,NULL,1),(383,41,60,1,0,NULL,NULL,1),(389,27,59,1,1,NULL,NULL,1),(390,27,67,1,1,NULL,NULL,1),(395,4,51,1,1,NULL,NULL,1),(397,7,51,1,1,NULL,NULL,1),(399,35,51,1,1,NULL,NULL,1),(401,24,51,1,1,NULL,NULL,1),(403,NULL,51,1,1,1,NULL,1),(405,24,45,1,0,NULL,NULL,1),(407,41,45,1,0,NULL,NULL,1),(409,NULL,45,2,1,1,NULL,1),(411,38,45,1,1,NULL,NULL,1),(412,38,43,2,1,NULL,NULL,1),(413,38,34,1,1,NULL,NULL,1),(417,NULL,34,1,1,1,NULL,1),(419,38,23,1,0,NULL,NULL,1),(421,38,62,1,0,NULL,NULL,1),(423,24,23,1,0,NULL,NULL,1),(424,24,12,1,0,NULL,NULL,1),(425,24,62,1,0,NULL,NULL,1),(429,NULL,62,1,0,1,NULL,1),(431,18,64,1,1,NULL,NULL,1),(432,18,41,1,1,NULL,NULL,1),(433,18,59,1,1,NULL,NULL,1),(435,NULL,64,1,1,1,NULL,1),(436,NULL,41,2,1,1,NULL,1),(439,1,36,2,2,NULL,NULL,1),(440,1,7,1,1,NULL,NULL,1),(442,24,36,1,1,NULL,NULL,1),(445,17,36,1,1,NULL,NULL,1),(446,17,7,2,1,NULL,NULL,1),(448,27,36,1,1,NULL,NULL,1),(449,27,7,1,1,NULL,NULL,1),(454,44,54,1,1,NULL,NULL,1),(456,NULL,54,1,1,1,NULL,1),(458,7,11,1,1,NULL,NULL,1),(459,7,15,1,1,NULL,NULL,1),(461,20,11,1,1,NULL,NULL,1),(462,20,15,1,1,NULL,NULL,1),(467,37,57,1,1,NULL,NULL,1),(468,37,5,1,1,NULL,NULL,1),(470,32,57,1,1,NULL,NULL,1),(476,14,23,1,0,NULL,NULL,1),(477,14,26,1,0,NULL,NULL,1),(478,14,52,1,0,NULL,NULL,1),(480,26,23,1,0,NULL,NULL,1),(481,26,26,1,0,NULL,NULL,1),(482,26,52,1,0,NULL,NULL,1),(484,17,23,1,0,NULL,NULL,1),(485,17,26,1,0,NULL,NULL,1),(486,17,52,1,0,NULL,NULL,1),(488,28,23,1,0,NULL,NULL,1),(489,28,26,1,0,NULL,NULL,1),(490,28,52,1,0,NULL,NULL,1),(496,38,49,1,0,NULL,NULL,1),(498,38,52,1,0,NULL,NULL,1),(500,6,49,1,0,NULL,NULL,1),(501,6,43,1,0,NULL,NULL,1),(502,6,52,1,0,NULL,NULL,1),(504,32,49,1,0,NULL,NULL,1),(505,32,43,1,0,NULL,NULL,1),(506,32,52,1,0,NULL,NULL,1),(508,27,49,1,0,NULL,NULL,1),(509,27,43,1,0,NULL,NULL,1),(516,36,13,1,0,NULL,NULL,1),(518,NULL,13,1,0,1,NULL,1),(520,35,15,1,0,NULL,NULL,1),(521,35,41,1,0,NULL,NULL,1),(522,35,7,1,0,NULL,NULL,1),(524,17,15,1,0,NULL,NULL,1),(525,17,41,1,0,NULL,NULL,1),(532,12,60,1,0,NULL,NULL,1),(534,4,60,1,0,NULL,NULL,1),(536,25,60,1,0,NULL,NULL,1),(540,44,58,1,1,NULL,NULL,1),(541,44,36,1,1,NULL,NULL,1),(543,19,58,1,1,NULL,NULL,1),(544,19,36,1,1,NULL,NULL,1),(546,31,58,1,1,NULL,NULL,1),(549,1,58,1,1,NULL,NULL,1),(552,NULL,58,1,1,1,NULL,1);
/*!40000 ALTER TABLE `JobCount` ENABLE KEYS */;
UNLOCK TABLES;

--
-- Table structure for table `JobOfficeReference`
--

DROP TABLE IF EXISTS `JobOfficeReference`;
/*!40101 SET @saved_cs_client     = @@character_set_client */;
/*!40101 SET character_set_client = utf8 */;
CREATE TABLE `JobOfficeReference` (
  `id` int(11) NOT NULL AUTO_INCREMENT,
  `job_id` int(11) DEFAULT NULL,
  `office_id` varchar(255) COLLATE utf8_unicode_ci DEFAULT NULL,
  PRIMARY KEY (`id`),
  KEY `IDX_1B779EBBE04EA9` (`job_id`),
  CONSTRAINT `FK_1B779EBBE04EA9` FOREIGN KEY (`job_id`) REFERENCES `Job` (`id`)
) ENGINE=InnoDB DEFAULT CHARSET=utf8 COLLATE=utf8_unicode_ci;
/*!40101 SET character_set_client = @saved_cs_client */;

--
-- Dumping data for table `JobOfficeReference`
--

LOCK TABLES `JobOfficeReference` WRITE;
/*!40000 ALTER TABLE `JobOfficeReference` DISABLE KEYS */;
/*!40000 ALTER TABLE `JobOfficeReference` ENABLE KEYS */;
UNLOCK TABLES;

--
-- Table structure for table `JobParentCategory`
--

DROP TABLE IF EXISTS `JobParentCategory`;
/*!40101 SET @saved_cs_client     = @@character_set_client */;
/*!40101 SET character_set_client = utf8 */;
CREATE TABLE `JobParentCategory` (
  `id` int(11) NOT NULL AUTO_INCREMENT,
  `isActive` tinyint(1) NOT NULL,
  `isSpecial` tinyint(1) NOT NULL,
  `nameVi` varchar(255) COLLATE utf8_unicode_ci DEFAULT NULL,
  `nameEn` varchar(255) COLLATE utf8_unicode_ci DEFAULT NULL,
  `nameJa` varchar(255) COLLATE utf8_unicode_ci DEFAULT NULL,
  `nameKh` varchar(255) COLLATE utf8_unicode_ci DEFAULT NULL,
  `nameTh` varchar(255) COLLATE utf8_unicode_ci DEFAULT NULL,
  `nameId` varchar(255) COLLATE utf8_unicode_ci DEFAULT NULL,
  `nameTl` varchar(255) COLLATE utf8_unicode_ci DEFAULT NULL,
  `nameZh` varchar(255) COLLATE utf8_unicode_ci DEFAULT NULL,
  PRIMARY KEY (`id`),
  UNIQUE KEY `UNIQ_1E73BA6C78B1944F` (`nameVi`),
  UNIQUE KEY `UNIQ_1E73BA6C873A407E` (`nameEn`),
  UNIQUE KEY `UNIQ_1E73BA6C901D4120` (`nameJa`),
  UNIQUE KEY `UNIQ_1E73BA6CF0DAC8C5` (`nameKh`),
  UNIQUE KEY `UNIQ_1E73BA6C3D80C65B` (`nameTh`),
  UNIQUE KEY `UNIQ_1E73BA6CCB5AE66C` (`nameId`),
  UNIQUE KEY `UNIQ_1E73BA6C3AED0242` (`nameTl`),
  UNIQUE KEY `UNIQ_1E73BA6CA303EBD5` (`nameZh`)
) ENGINE=InnoDB AUTO_INCREMENT=14 DEFAULT CHARSET=utf8 COLLATE=utf8_unicode_ci;
/*!40101 SET character_set_client = @saved_cs_client */;

--
-- Dumping data for table `JobParentCategory`
--

LOCK TABLES `JobParentCategory` WRITE;
/*!40000 ALTER TABLE `JobParentCategory` DISABLE KEYS */;
INSERT INTO `JobParentCategory` VALUES (1,1,0,'Back Office (vi)','Back Office','Back Office (ja)',NULL,NULL,NULL,NULL,NULL),(2,1,0,'Service (vi)','Service','Service (ja)',NULL,NULL,NULL,NULL,NULL),(3,1,0,'Financial Services (vi)','Financial Services','Financial Services (ja)',NULL,NULL,NULL,NULL,NULL),(4,1,0,'Customer Care (vi)','Customer Care','Customer Care (ja)',NULL,NULL,NULL,NULL,NULL),(5,1,0,'Production (vi)','Production','Production (ja)',NULL,NULL,NULL,NULL,NULL),(6,1,0,'IT (vi)','IT','IT (ja)',NULL,NULL,NULL,NULL,NULL),(7,1,0,'Tourism / Hospitality (vi)','Tourism / Hospitality','Tourism / Hospitality (ja)',NULL,NULL,NULL,NULL,NULL),(8,1,0,'Engineering (vi)','Engineering','Engineering (ja)',NULL,NULL,NULL,NULL,NULL),(9,1,0,'Manufacturing (vi)','Manufacturing','Manufacturing (ja)',NULL,NULL,NULL,NULL,NULL),(10,1,0,'Building / Construction (vi)','Building / Construction','Building / Construction (ja)',NULL,NULL,NULL,NULL,NULL),(11,1,0,'Communication & Media (vi)','Communication & Media','Communication & Media (ja)',NULL,NULL,NULL,NULL,NULL),(12,1,0,'By Type (vi)','By Type','By Type (ja)',NULL,NULL,NULL,NULL,NULL),(13,1,0,'Other (vi)','Other','Other (ja)',NULL,NULL,NULL,NULL,NULL);
/*!40000 ALTER TABLE `JobParentCategory` ENABLE KEYS */;
UNLOCK TABLES;

--
-- Table structure for table `JobSeekerJobTagRelation`
--

DROP TABLE IF EXISTS `JobSeekerJobTagRelation`;
/*!40101 SET @saved_cs_client     = @@character_set_client */;
/*!40101 SET character_set_client = utf8 */;
CREATE TABLE `JobSeekerJobTagRelation` (
  `id` int(11) NOT NULL AUTO_INCREMENT,
  `job_tag_id` int(11) DEFAULT NULL,
  `job_seeker_id` int(11) NOT NULL,
  `is_tagged_by_admin` tinyint(1) DEFAULT NULL,
  `is_tagged_by_job_seeker` tinyint(1) DEFAULT NULL,
  `is_tagged_by_employer` tinyint(1) DEFAULT NULL,
  `employer_id` int(11) DEFAULT NULL,
  `siteId` int(11) NOT NULL,
  PRIMARY KEY (`id`),
  UNIQUE KEY `UNIQ_CA17EABEC2C5BAA3EAD64E90B758CFE8` (`job_seeker_id`,`job_tag_id`,`is_tagged_by_admin`),
  UNIQUE KEY `UNIQ_CA17EABEC2C5BAA3EAD64E9051C460B0` (`job_seeker_id`,`job_tag_id`,`is_tagged_by_job_seeker`),
  UNIQUE KEY `UNIQ_CA17EABEC2C5BAA3EAD64E90520524AE41CD9E7A` (`job_seeker_id`,`job_tag_id`,`is_tagged_by_employer`,`employer_id`),
  KEY `IDX_CA17EABEEAD64E90` (`job_tag_id`),
  CONSTRAINT `FK_CA17EABEEAD64E90` FOREIGN KEY (`job_tag_id`) REFERENCES `JobTag` (`id`)
) ENGINE=InnoDB DEFAULT CHARSET=utf8 COLLATE=utf8_unicode_ci;
/*!40101 SET character_set_client = @saved_cs_client */;

--
-- Dumping data for table `JobSeekerJobTagRelation`
--

LOCK TABLES `JobSeekerJobTagRelation` WRITE;
/*!40000 ALTER TABLE `JobSeekerJobTagRelation` DISABLE KEYS */;
/*!40000 ALTER TABLE `JobSeekerJobTagRelation` ENABLE KEYS */;
UNLOCK TABLES;

--
-- Table structure for table `JobSeekerSearch`
--

DROP TABLE IF EXISTS `JobSeekerSearch`;
/*!40101 SET @saved_cs_client     = @@character_set_client */;
/*!40101 SET character_set_client = utf8 */;
CREATE TABLE `JobSeekerSearch` (
  `id` int(11) NOT NULL AUTO_INCREMENT,
  `province_id` int(11) DEFAULT NULL,
  `country_id` int(11) DEFAULT NULL,
  `email` varchar(255) COLLATE utf8_unicode_ci DEFAULT NULL,
  `fullNameInAscii` varchar(255) COLLATE utf8_unicode_ci DEFAULT NULL,
  `gender` char(1) COLLATE utf8_unicode_ci DEFAULT NULL,
  `ageFrom` int(11) DEFAULT NULL,
  `ageTo` int(11) DEFAULT NULL,
  `maritalStatus` char(1) COLLATE utf8_unicode_ci DEFAULT NULL,
  `txtProvince` varchar(255) COLLATE utf8_unicode_ci DEFAULT NULL,
  `addressInAscii` varchar(255) COLLATE utf8_unicode_ci DEFAULT NULL,
  `phoneNum` varchar(255) COLLATE utf8_unicode_ci DEFAULT NULL,
  `status` char(1) COLLATE utf8_unicode_ci DEFAULT NULL,
  PRIMARY KEY (`id`),
  KEY `IDX_AC3D2362E946114A` (`province_id`),
  KEY `IDX_AC3D2362F92F3E70` (`country_id`),
  CONSTRAINT `FK_AC3D2362E946114A` FOREIGN KEY (`province_id`) REFERENCES `Province` (`id`),
  CONSTRAINT `FK_AC3D2362F92F3E70` FOREIGN KEY (`country_id`) REFERENCES `Country` (`id`)
) ENGINE=InnoDB DEFAULT CHARSET=utf8 COLLATE=utf8_unicode_ci;
/*!40101 SET character_set_client = @saved_cs_client */;

--
-- Dumping data for table `JobSeekerSearch`
--

LOCK TABLES `JobSeekerSearch` WRITE;
/*!40000 ALTER TABLE `JobSeekerSearch` DISABLE KEYS */;
/*!40000 ALTER TABLE `JobSeekerSearch` ENABLE KEYS */;
UNLOCK TABLES;

--
-- Table structure for table `JobTag`
--

DROP TABLE IF EXISTS `JobTag`;
/*!40101 SET @saved_cs_client     = @@character_set_client */;
/*!40101 SET character_set_client = utf8 */;
CREATE TABLE `JobTag` (
  `id` int(11) NOT NULL AUTO_INCREMENT,
  `job_tag_category_id` int(11) DEFAULT NULL,
  `isActive` tinyint(1) NOT NULL,
  `status` char(1) COLLATE utf8_unicode_ci NOT NULL,
  `nameVi` varchar(255) COLLATE utf8_unicode_ci DEFAULT NULL,
  `nameEn` varchar(255) COLLATE utf8_unicode_ci DEFAULT NULL,
  `nameJa` varchar(255) COLLATE utf8_unicode_ci DEFAULT NULL,
  `nameKh` varchar(255) COLLATE utf8_unicode_ci DEFAULT NULL,
  `nameTh` varchar(255) COLLATE utf8_unicode_ci DEFAULT NULL,
  `nameId` varchar(255) COLLATE utf8_unicode_ci DEFAULT NULL,
  `nameTl` varchar(255) COLLATE utf8_unicode_ci DEFAULT NULL,
  `nameZh` varchar(255) COLLATE utf8_unicode_ci DEFAULT NULL,
  `urlNameVi` varchar(255) COLLATE utf8_unicode_ci DEFAULT NULL,
  `urlNameEn` varchar(255) COLLATE utf8_unicode_ci DEFAULT NULL,
  `urlNameJa` varchar(255) COLLATE utf8_unicode_ci DEFAULT NULL,
  `urlNameKh` varchar(255) COLLATE utf8_unicode_ci DEFAULT NULL,
  `urlNameTh` varchar(255) COLLATE utf8_unicode_ci DEFAULT NULL,
  `urlNameId` varchar(255) COLLATE utf8_unicode_ci DEFAULT NULL,
  `urlNameTl` varchar(255) COLLATE utf8_unicode_ci DEFAULT NULL,
  `urlNameZh` varchar(255) COLLATE utf8_unicode_ci DEFAULT NULL,
  PRIMARY KEY (`id`),
  UNIQUE KEY `UNIQ_51C97FCC78B1944F` (`nameVi`),
  UNIQUE KEY `UNIQ_51C97FCC873A407E` (`nameEn`),
  UNIQUE KEY `UNIQ_51C97FCC901D4120` (`nameJa`),
  UNIQUE KEY `UNIQ_51C97FCCF0DAC8C5` (`nameKh`),
  UNIQUE KEY `UNIQ_51C97FCC3D80C65B` (`nameTh`),
  UNIQUE KEY `UNIQ_51C97FCCCB5AE66C` (`nameId`),
  UNIQUE KEY `UNIQ_51C97FCC3AED0242` (`nameTl`),
  UNIQUE KEY `UNIQ_51C97FCCA303EBD5` (`nameZh`),
  UNIQUE KEY `UNIQ_51C97FCC30811292` (`urlNameVi`),
  UNIQUE KEY `UNIQ_51C97FCCCF0AC6A3` (`urlNameEn`),
  UNIQUE KEY `UNIQ_51C97FCCD82DC7FD` (`urlNameJa`),
  UNIQUE KEY `UNIQ_51C97FCCB8EA4E18` (`urlNameKh`),
  UNIQUE KEY `UNIQ_51C97FCC75B04086` (`urlNameTh`),
  UNIQUE KEY `UNIQ_51C97FCC836A60B1` (`urlNameId`),
  UNIQUE KEY `UNIQ_51C97FCC72DD849F` (`urlNameTl`),
  UNIQUE KEY `UNIQ_51C97FCCEB336D08` (`urlNameZh`),
  KEY `IDX_51C97FCCE513A86D` (`job_tag_category_id`),
  CONSTRAINT `FK_51C97FCCE513A86D` FOREIGN KEY (`job_tag_category_id`) REFERENCES `JobTagCategory` (`id`)
) ENGINE=InnoDB AUTO_INCREMENT=12 DEFAULT CHARSET=utf8 COLLATE=utf8_unicode_ci;
/*!40101 SET character_set_client = @saved_cs_client */;

--
-- Dumping data for table `JobTag`
--

LOCK TABLES `JobTag` WRITE;
/*!40000 ALTER TABLE `JobTag` DISABLE KEYS */;
INSERT INTO `JobTag` VALUES (1,1,1,'A','PHP','PHP','PHP','PHP','PHP',NULL,NULL,NULL,'php','php','php','php','php',NULL,NULL,NULL),(2,1,1,'A','MySQL','MySQL','MySQL','MySQL','MySQL',NULL,NULL,NULL,'mysql','mysql','mysql','mysql','mysql',NULL,NULL,NULL),(3,1,1,'A','Java','Java','Java','Java','Java',NULL,NULL,NULL,'java','java','java','java','java',NULL,NULL,NULL),(4,1,1,'A','CSS','CSS','CSS','CSS','CSS',NULL,NULL,NULL,'css','css','css','css','css',NULL,NULL,NULL),(5,1,1,'A','.Net','.Net','.Net','.Net','.Net',NULL,NULL,NULL,'.net','.net','.net','.net','.net',NULL,NULL,NULL),(6,1,1,'A','Joomla','Joomla','Joomla','Joomla','Joomla',NULL,NULL,NULL,'joomla','joomla','joomla','joomla','joomla',NULL,NULL,NULL),(7,2,1,'A','Tiếng Việt','Vietnamese','ベトナム語',NULL,NULL,NULL,NULL,NULL,'tieng-viet','vietnamese','ベトナム語',NULL,NULL,NULL,NULL,NULL),(8,3,1,'A','Quận Tân Bình','Tan Binh District','Tan Binh区',NULL,NULL,NULL,NULL,NULL,'quan-tan-binh','tan-binh-district','tan-binh区',NULL,NULL,NULL,NULL,NULL),(9,4,1,'A','Khách sạn','Hotel','ホテル','សណ្ឋាគារ','โรงแรม',NULL,NULL,NULL,'khach-san','hotel','ホテル','សណ្ឋាគារ','โรงแรม',NULL,NULL,NULL),(10,4,1,'A','Dự án','Project','プロジェクト','គម្រោង','โครงการ',NULL,NULL,NULL,'du-an','project','プロジェクト','គម្រោង','โครงการ',NULL,NULL,NULL),(11,4,1,'A','Mỹ phẩm','Cosmetics','化粧品',NULL,NULL,NULL,NULL,NULL,'my-pham','cosmetics','化粧品',NULL,NULL,NULL,NULL,NULL);
/*!40000 ALTER TABLE `JobTag` ENABLE KEYS */;
UNLOCK TABLES;

--
-- Table structure for table `JobTagCategory`
--

DROP TABLE IF EXISTS `JobTagCategory`;
/*!40101 SET @saved_cs_client     = @@character_set_client */;
/*!40101 SET character_set_client = utf8 */;
CREATE TABLE `JobTagCategory` (
  `id` int(11) NOT NULL AUTO_INCREMENT,
  `isActive` tinyint(1) NOT NULL,
  `isAdminCategory` tinyint(1) NOT NULL,
  `nameVi` varchar(255) COLLATE utf8_unicode_ci DEFAULT NULL,
  `nameEn` varchar(255) COLLATE utf8_unicode_ci DEFAULT NULL,
  `nameJa` varchar(255) COLLATE utf8_unicode_ci DEFAULT NULL,
  `nameKh` varchar(255) COLLATE utf8_unicode_ci DEFAULT NULL,
  `nameTh` varchar(255) COLLATE utf8_unicode_ci DEFAULT NULL,
  `nameId` varchar(255) COLLATE utf8_unicode_ci DEFAULT NULL,
  `nameTl` varchar(255) COLLATE utf8_unicode_ci DEFAULT NULL,
  `nameZh` varchar(255) COLLATE utf8_unicode_ci DEFAULT NULL,
  PRIMARY KEY (`id`),
  UNIQUE KEY `UNIQ_FB87202A78B1944F` (`nameVi`),
  UNIQUE KEY `UNIQ_FB87202A873A407E` (`nameEn`),
  UNIQUE KEY `UNIQ_FB87202A901D4120` (`nameJa`),
  UNIQUE KEY `UNIQ_FB87202AF0DAC8C5` (`nameKh`),
  UNIQUE KEY `UNIQ_FB87202A3D80C65B` (`nameTh`),
  UNIQUE KEY `UNIQ_FB87202ACB5AE66C` (`nameId`),
  UNIQUE KEY `UNIQ_FB87202A3AED0242` (`nameTl`),
  UNIQUE KEY `UNIQ_FB87202AA303EBD5` (`nameZh`)
) ENGINE=InnoDB AUTO_INCREMENT=5 DEFAULT CHARSET=utf8 COLLATE=utf8_unicode_ci;
/*!40101 SET character_set_client = @saved_cs_client */;

--
-- Dumping data for table `JobTagCategory`
--

LOCK TABLES `JobTagCategory` WRITE;
/*!40000 ALTER TABLE `JobTagCategory` DISABLE KEYS */;
INSERT INTO `JobTagCategory` VALUES (1,1,1,'IT','IT','プログラミング',NULL,NULL,NULL,NULL,NULL),(2,1,1,'Language(vi)','Language','語学',NULL,NULL,NULL,NULL,NULL),(3,1,1,'HCMC','HCMC','HCMC','HCMC','HCMC',NULL,NULL,NULL),(4,1,1,'Industrial Field','Industrial Field','Industrial Field','Industrial Field','Industrial Field',NULL,NULL,NULL);
/*!40000 ALTER TABLE `JobTagCategory` ENABLE KEYS */;
UNLOCK TABLES;

--
-- Table structure for table `JobViewInfo`
--

DROP TABLE IF EXISTS `JobViewInfo`;
/*!40101 SET @saved_cs_client     = @@character_set_client */;
/*!40101 SET character_set_client = utf8 */;
CREATE TABLE `JobViewInfo` (
  `id` int(11) NOT NULL AUTO_INCREMENT,
  `count` int(11) NOT NULL,
  PRIMARY KEY (`id`)
) ENGINE=InnoDB AUTO_INCREMENT=54 DEFAULT CHARSET=utf8 COLLATE=utf8_unicode_ci;
/*!40101 SET character_set_client = @saved_cs_client */;

--
-- Dumping data for table `JobViewInfo`
--

LOCK TABLES `JobViewInfo` WRITE;
/*!40000 ALTER TABLE `JobViewInfo` DISABLE KEYS */;
INSERT INTO `JobViewInfo` VALUES (1,1),(2,0),(3,0),(4,0),(5,0),(6,0),(7,0),(8,0),(9,0),(10,0),(11,0),(12,0),(13,0),(14,0),(15,0),(16,0),(17,0),(18,0),(19,0),(20,0),(21,0),(22,0),(23,0),(24,0),(25,0),(26,0),(27,0),(28,0),(29,0),(30,0),(31,0),(32,0),(33,0),(34,0),(35,1),(36,0),(37,0),(38,0),(39,0),(40,0),(41,0),(42,0),(43,0),(44,0),(45,0),(46,0),(47,1),(48,0),(49,1),(50,21),(51,0),(52,0),(53,0);
/*!40000 ALTER TABLE `JobViewInfo` ENABLE KEYS */;
UNLOCK TABLES;

--
-- Table structure for table `JobWorkLocation_District`
--

DROP TABLE IF EXISTS `JobWorkLocation_District`;
/*!40101 SET @saved_cs_client     = @@character_set_client */;
/*!40101 SET character_set_client = utf8 */;
CREATE TABLE `JobWorkLocation_District` (
  `job_work_location_id` int(11) NOT NULL,
  `district_id` int(11) NOT NULL,
  PRIMARY KEY (`job_work_location_id`,`district_id`),
  KEY `IDX_FE34E474C46A21CB` (`job_work_location_id`),
  KEY `IDX_FE34E474B08FA272` (`district_id`),
  CONSTRAINT `FK_FE34E474B08FA272` FOREIGN KEY (`district_id`) REFERENCES `District` (`id`),
  CONSTRAINT `FK_FE34E474C46A21CB` FOREIGN KEY (`job_work_location_id`) REFERENCES `job_work_locations` (`id`)
) ENGINE=InnoDB DEFAULT CHARSET=utf8 COLLATE=utf8_unicode_ci;
/*!40101 SET character_set_client = @saved_cs_client */;

--
-- Dumping data for table `JobWorkLocation_District`
--

LOCK TABLES `JobWorkLocation_District` WRITE;
/*!40000 ALTER TABLE `JobWorkLocation_District` DISABLE KEYS */;
/*!40000 ALTER TABLE `JobWorkLocation_District` ENABLE KEYS */;
UNLOCK TABLES;

--
-- Table structure for table `Jobs_JobCategories`
--

DROP TABLE IF EXISTS `Jobs_JobCategories`;
/*!40101 SET @saved_cs_client     = @@character_set_client */;
/*!40101 SET character_set_client = utf8 */;
CREATE TABLE `Jobs_JobCategories` (
  `job_id` int(11) NOT NULL,
  `job_category_id` int(11) NOT NULL,
  PRIMARY KEY (`job_id`,`job_category_id`),
  KEY `IDX_E1A37FE0BE04EA9` (`job_id`),
  KEY `IDX_E1A37FE0712A86AB` (`job_category_id`),
  CONSTRAINT `FK_E1A37FE0712A86AB` FOREIGN KEY (`job_category_id`) REFERENCES `JobCategory` (`id`),
  CONSTRAINT `FK_E1A37FE0BE04EA9` FOREIGN KEY (`job_id`) REFERENCES `Job` (`id`)
) ENGINE=InnoDB DEFAULT CHARSET=utf8 COLLATE=utf8_unicode_ci;
/*!40101 SET character_set_client = @saved_cs_client */;

--
-- Dumping data for table `Jobs_JobCategories`
--

LOCK TABLES `Jobs_JobCategories` WRITE;
/*!40000 ALTER TABLE `Jobs_JobCategories` DISABLE KEYS */;
INSERT INTO `Jobs_JobCategories` VALUES (1,3),(1,22),(1,31),(1,32),(1,37),(2,6),(2,15),(2,17),(2,33),(2,42),(3,23),(3,27),(3,33),(4,3),(4,6),(4,14),(4,43),(5,7),(5,42),(6,1),(6,27),(6,28),(6,37),(6,38),(7,8),(7,25),(8,19),(8,29),(8,32),(8,44),(9,33),(9,39),(9,43),(10,4),(11,4),(11,6),(11,20),(11,42),(12,12),(12,34),(12,43),(13,24),(13,35),(14,3),(14,4),(14,18),(14,19),(14,35),(15,6),(15,30),(16,41),(16,43),(17,27),(18,4),(18,7),(18,24),(18,35),(19,24),(19,41),(20,38),(21,24),(21,38),(22,18),(23,1),(23,17),(23,24),(23,27),(24,44),(25,7),(25,20),(26,32),(26,37),(27,14),(27,17),(27,26),(27,28),(28,6),(28,27),(28,32),(28,38),(29,36),(30,17),(30,35),(31,4),(31,12),(31,25),(32,1),(32,19),(32,31),(32,44),(33,19),(33,23),(33,27),(33,40),(33,41),(34,35),(35,26),(35,36),(36,9),(37,32),(38,9),(38,22),(38,24),(38,28),(39,3),(39,29),(40,8),(41,15),(41,20),(41,22),(41,31),(41,36),(42,28),(43,5),(43,22),(43,30),(43,31),(44,7),(44,24),(45,44),(46,5),(46,15),(46,26),(46,39),(46,44),(47,6),(47,7),(47,12),(47,29),(47,45),(48,3),(48,8),(48,31),(49,15),(49,18),(49,22),(49,30),(49,33),(50,5),(51,13),(52,10),(52,13),(53,1);
/*!40000 ALTER TABLE `Jobs_JobCategories` ENABLE KEYS */;
UNLOCK TABLES;

--
-- Table structure for table `Jobs_JobTags`
--

DROP TABLE IF EXISTS `Jobs_JobTags`;
/*!40101 SET @saved_cs_client     = @@character_set_client */;
/*!40101 SET character_set_client = utf8 */;
CREATE TABLE `Jobs_JobTags` (
  `job_id` int(11) NOT NULL,
  `job_tag_id` int(11) NOT NULL,
  PRIMARY KEY (`job_id`,`job_tag_id`),
  KEY `IDX_E67666A6BE04EA9` (`job_id`),
  KEY `IDX_E67666A6EAD64E90` (`job_tag_id`),
  CONSTRAINT `FK_E67666A6BE04EA9` FOREIGN KEY (`job_id`) REFERENCES `Job` (`id`),
  CONSTRAINT `FK_E67666A6EAD64E90` FOREIGN KEY (`job_tag_id`) REFERENCES `JobTag` (`id`)
) ENGINE=InnoDB DEFAULT CHARSET=utf8 COLLATE=utf8_unicode_ci;
/*!40101 SET character_set_client = @saved_cs_client */;

--
-- Dumping data for table `Jobs_JobTags`
--

LOCK TABLES `Jobs_JobTags` WRITE;
/*!40000 ALTER TABLE `Jobs_JobTags` DISABLE KEYS */;
INSERT INTO `Jobs_JobTags` VALUES (1,4),(1,6),(2,3),(2,7),(3,5),(4,7),(4,11),(5,5),(6,5),(7,4),(7,8),(8,2),(8,6),(8,9),(9,7),(9,8),(10,3),(10,10),(11,1),(11,4),(11,7),(11,8),(11,11),(12,9),(13,5),(14,2),(14,4),(14,8),(14,10),(14,11),(15,5),(15,6),(16,1),(16,2),(16,5),(16,10),(17,5),(17,7),(17,9),(18,6),(18,7),(18,11),(19,3),(19,4),(19,7),(19,8),(20,2),(21,3),(21,4),(21,6),(21,8),(21,9),(22,1),(22,4),(22,7),(23,8),(23,9),(24,10),(25,1),(25,3),(26,8),(26,10),(27,1),(27,4),(27,10),(28,7),(28,8),(28,10),(29,1),(30,1),(30,10),(31,5),(32,2),(32,5),(32,6),(32,7),(33,3),(33,9),(33,11),(34,4),(34,8),(34,9),(34,10),(34,11),(35,8),(35,10),(36,3),(36,4),(36,6),(36,7),(36,10),(37,3),(38,1),(38,2),(38,4),(38,10),(38,11),(39,5),(39,10),(40,2),(40,4),(40,5),(41,1),(41,2),(42,1),(42,6),(42,7),(42,10),(43,4),(43,5),(43,6),(43,8),(43,10),(44,3),(44,5),(44,6),(44,7),(44,8),(45,7),(45,8),(46,2),(46,3),(46,4),(46,5),(46,11),(47,2),(48,10),(49,1),(49,3),(49,4),(49,7),(49,11),(50,8);
/*!40000 ALTER TABLE `Jobs_JobTags` ENABLE KEYS */;
UNLOCK TABLES;

--
-- Table structure for table `Language`
--

DROP TABLE IF EXISTS `Language`;
/*!40101 SET @saved_cs_client     = @@character_set_client */;
/*!40101 SET character_set_client = utf8 */;
CREATE TABLE `Language` (
  `id` int(11) NOT NULL AUTO_INCREMENT,
  `isActive` tinyint(1) NOT NULL,
  `code` varchar(255) COLLATE utf8_unicode_ci NOT NULL,
  `nameVi` varchar(255) COLLATE utf8_unicode_ci DEFAULT NULL,
  `nameEn` varchar(255) COLLATE utf8_unicode_ci DEFAULT NULL,
  `nameJa` varchar(255) COLLATE utf8_unicode_ci DEFAULT NULL,
  `nameKh` varchar(255) COLLATE utf8_unicode_ci DEFAULT NULL,
  `nameTh` varchar(255) COLLATE utf8_unicode_ci DEFAULT NULL,
  `nameId` varchar(255) COLLATE utf8_unicode_ci DEFAULT NULL,
  `nameTl` varchar(255) COLLATE utf8_unicode_ci DEFAULT NULL,
  `nameZh` varchar(255) COLLATE utf8_unicode_ci DEFAULT NULL,
  `sortVi` int(11) DEFAULT NULL,
  `sortEn` int(11) DEFAULT NULL,
  `sortJa` int(11) DEFAULT NULL,
  `sortKh` int(11) DEFAULT NULL,
  `sortTh` int(11) DEFAULT NULL,
  `sortId` int(11) DEFAULT NULL,
  `sortTl` int(11) DEFAULT NULL,
  `sortZh` int(11) DEFAULT NULL,
  PRIMARY KEY (`id`),
  UNIQUE KEY `UNIQ_2DAD13E377153098` (`code`),
  UNIQUE KEY `UNIQ_2DAD13E378B1944F` (`nameVi`),
  UNIQUE KEY `UNIQ_2DAD13E3873A407E` (`nameEn`),
  UNIQUE KEY `UNIQ_2DAD13E3901D4120` (`nameJa`),
  UNIQUE KEY `UNIQ_2DAD13E3F0DAC8C5` (`nameKh`),
  UNIQUE KEY `UNIQ_2DAD13E33D80C65B` (`nameTh`),
  UNIQUE KEY `UNIQ_2DAD13E3CB5AE66C` (`nameId`),
  UNIQUE KEY `UNIQ_2DAD13E33AED0242` (`nameTl`),
  UNIQUE KEY `UNIQ_2DAD13E3A303EBD5` (`nameZh`)
) ENGINE=InnoDB AUTO_INCREMENT=10 DEFAULT CHARSET=utf8 COLLATE=utf8_unicode_ci;
/*!40101 SET character_set_client = @saved_cs_client */;

--
-- Dumping data for table `Language`
--

LOCK TABLES `Language` WRITE;
/*!40000 ALTER TABLE `Language` DISABLE KEYS */;
INSERT INTO `Language` VALUES (1,1,'VI','Tiếng Việt','Vietnamese','ベトナム語','Vietnamese (kh)','Vietnamese (th)',NULL,NULL,NULL,NULL,NULL,NULL,NULL,NULL,NULL,NULL,NULL),(2,1,'TH','Thai (vi)','Thai','タイ語','Thai (kh)','Thai (th)',NULL,NULL,NULL,NULL,NULL,NULL,NULL,NULL,NULL,NULL,NULL),(3,1,'KH','Cambodian (vi)','Cambodian','カンボジア語','Cambodian (kh)','Cambodian (th)',NULL,NULL,NULL,NULL,NULL,NULL,NULL,NULL,NULL,NULL,NULL),(4,1,'JA','Tiếng Nhật','Japanese','日本語','Japanese (kh)','Japanese (th)',NULL,NULL,NULL,NULL,NULL,NULL,NULL,NULL,NULL,NULL,NULL),(5,1,'EN','Tiếng Anh','English','英語','English (kh)','English (th)',NULL,NULL,NULL,NULL,NULL,NULL,NULL,NULL,NULL,NULL,NULL),(6,1,'ID','Indonesian','Indonesian','インドネシア語','Indonesian','Indonesian',NULL,NULL,NULL,NULL,NULL,NULL,NULL,NULL,NULL,NULL,NULL),(7,1,'TL','Filipino','Filipino','フィリピン語','Filipino','Filipino',NULL,NULL,NULL,NULL,NULL,NULL,NULL,NULL,NULL,NULL,NULL),(8,1,'ZH','Chinese','Chinese','中国語','Chinese','Chinese',NULL,NULL,NULL,NULL,NULL,NULL,NULL,NULL,NULL,NULL,NULL),(9,1,'OT','Other (vi)','Other','Other (ja)','Other (kh)','Other (th)',NULL,NULL,NULL,NULL,NULL,NULL,NULL,NULL,NULL,NULL,NULL);
/*!40000 ALTER TABLE `Language` ENABLE KEYS */;
UNLOCK TABLES;

--
-- Table structure for table `LetterTemplate`
--

DROP TABLE IF EXISTS `LetterTemplate`;
/*!40101 SET @saved_cs_client     = @@character_set_client */;
/*!40101 SET character_set_client = utf8 */;
CREATE TABLE `LetterTemplate` (
  `id` int(11) NOT NULL AUTO_INCREMENT,
  `name` varchar(255) COLLATE utf8_unicode_ci NOT NULL,
  `title` varchar(255) COLLATE utf8_unicode_ci NOT NULL,
  `employer_id` int(11) DEFAULT NULL,
  `message` longtext COLLATE utf8_unicode_ci NOT NULL,
  `status` char(1) COLLATE utf8_unicode_ci NOT NULL,
  `modifiedAt` datetime DEFAULT NULL,
  PRIMARY KEY (`id`),
  KEY `idx_employer_id` (`employer_id`)
) ENGINE=InnoDB DEFAULT CHARSET=utf8 COLLATE=utf8_unicode_ci;
/*!40101 SET character_set_client = @saved_cs_client */;

--
-- Dumping data for table `LetterTemplate`
--

LOCK TABLES `LetterTemplate` WRITE;
/*!40000 ALTER TABLE `LetterTemplate` DISABLE KEYS */;
/*!40000 ALTER TABLE `LetterTemplate` ENABLE KEYS */;
UNLOCK TABLES;

--
-- Table structure for table `Major`
--

DROP TABLE IF EXISTS `Major`;
/*!40101 SET @saved_cs_client     = @@character_set_client */;
/*!40101 SET character_set_client = utf8 */;
CREATE TABLE `Major` (
  `id` int(11) NOT NULL AUTO_INCREMENT,
  `isActive` tinyint(1) NOT NULL,
  `isSpecial` tinyint(1) NOT NULL,
  `code` varchar(255) COLLATE utf8_unicode_ci DEFAULT NULL,
  `isLanguageMajor` tinyint(1) NOT NULL,
  `nameVi` varchar(255) COLLATE utf8_unicode_ci DEFAULT NULL,
  `nameEn` varchar(255) COLLATE utf8_unicode_ci DEFAULT NULL,
  `nameJa` varchar(255) COLLATE utf8_unicode_ci DEFAULT NULL,
  `nameKh` varchar(255) COLLATE utf8_unicode_ci DEFAULT NULL,
  `nameTh` varchar(255) COLLATE utf8_unicode_ci DEFAULT NULL,
  `nameId` varchar(255) COLLATE utf8_unicode_ci DEFAULT NULL,
  `nameTl` varchar(255) COLLATE utf8_unicode_ci DEFAULT NULL,
  `nameZh` varchar(255) COLLATE utf8_unicode_ci DEFAULT NULL,
  `sortVi` int(11) DEFAULT NULL,
  `sortEn` int(11) DEFAULT NULL,
  `sortJa` int(11) DEFAULT NULL,
  `sortKh` int(11) DEFAULT NULL,
  `sortTh` int(11) DEFAULT NULL,
  `sortId` int(11) DEFAULT NULL,
  `sortTl` int(11) DEFAULT NULL,
  `sortZh` int(11) DEFAULT NULL,
  PRIMARY KEY (`id`),
  UNIQUE KEY `UNIQ_FCF5D20D77153098` (`code`),
  UNIQUE KEY `UNIQ_FCF5D20D78B1944F` (`nameVi`),
  UNIQUE KEY `UNIQ_FCF5D20D873A407E` (`nameEn`),
  UNIQUE KEY `UNIQ_FCF5D20D901D4120` (`nameJa`),
  UNIQUE KEY `UNIQ_FCF5D20DF0DAC8C5` (`nameKh`),
  UNIQUE KEY `UNIQ_FCF5D20D3D80C65B` (`nameTh`),
  UNIQUE KEY `UNIQ_FCF5D20DCB5AE66C` (`nameId`),
  UNIQUE KEY `UNIQ_FCF5D20D3AED0242` (`nameTl`),
  UNIQUE KEY `UNIQ_FCF5D20DA303EBD5` (`nameZh`)
) ENGINE=InnoDB AUTO_INCREMENT=5 DEFAULT CHARSET=utf8 COLLATE=utf8_unicode_ci;
/*!40101 SET character_set_client = @saved_cs_client */;

--
-- Dumping data for table `Major`
--

LOCK TABLES `Major` WRITE;
/*!40000 ALTER TABLE `Major` DISABLE KEYS */;
INSERT INTO `Major` VALUES (1,1,0,NULL,0,'Quảng cáo/ Đối ngoại','Advertising/ PR','広告/PR','Advertising/ PR (kh)','Advertising/ PR (th)',NULL,NULL,NULL,1,1,1,1,1,NULL,NULL,NULL),(2,1,0,NULL,0,'Kiến trúc','Architecture','建築','Architecture (kh)','Architecture (th)',NULL,NULL,NULL,2,2,2,2,2,NULL,NULL,NULL),(3,1,0,'LANGUAGES',1,'Ngôn ngữ','Languages','言語','Languages (kh)','Languages (th)',NULL,NULL,NULL,3,3,3,3,3,NULL,NULL,NULL),(4,1,0,'OTHER',0,'other','other','other','other','other',NULL,NULL,NULL,500,500,500,500,500,NULL,NULL,NULL);
/*!40000 ALTER TABLE `Major` ENABLE KEYS */;
UNLOCK TABLES;

--
-- Table structure for table `Message`
--

DROP TABLE IF EXISTS `Message`;
/*!40101 SET @saved_cs_client     = @@character_set_client */;
/*!40101 SET character_set_client = utf8 */;
CREATE TABLE `Message` (
  `id` int(11) NOT NULL AUTO_INCREMENT,
  `root_id` int(11) DEFAULT NULL,
  `sentAt` datetime NOT NULL,
  `jobseeker_id` int(11) DEFAULT NULL,
  `employer_id` int(11) DEFAULT NULL,
  `type` char(1) COLLATE utf8_unicode_ci DEFAULT NULL,
  `title` longtext COLLATE utf8_unicode_ci NOT NULL,
  `body` longtext COLLATE utf8_unicode_ci NOT NULL,
  `isDeletedByJobSeeker` tinyint(1) NOT NULL,
  `isDeletedByEmployer` tinyint(1) NOT NULL,
  `isRead` tinyint(1) NOT NULL,
  `isNotifiedByEmail` tinyint(1) NOT NULL,
  `application_id` int(11) DEFAULT NULL,
  `siteId` int(11) NOT NULL,
  PRIMARY KEY (`id`),
  KEY `IDX_790009E379066886` (`root_id`),
  KEY `idx_jobseeker_id` (`jobseeker_id`),
  KEY `idx_employer_id` (`employer_id`),
  CONSTRAINT `FK_790009E379066886` FOREIGN KEY (`root_id`) REFERENCES `Message` (`id`)
) ENGINE=InnoDB DEFAULT CHARSET=utf8 COLLATE=utf8_unicode_ci;
/*!40101 SET character_set_client = @saved_cs_client */;

--
-- Dumping data for table `Message`
--

LOCK TABLES `Message` WRITE;
/*!40000 ALTER TABLE `Message` DISABLE KEYS */;
/*!40000 ALTER TABLE `Message` ENABLE KEYS */;
UNLOCK TABLES;

--
-- Table structure for table `Money`
--

DROP TABLE IF EXISTS `Money`;
/*!40101 SET @saved_cs_client     = @@character_set_client */;
/*!40101 SET character_set_client = utf8 */;
CREATE TABLE `Money` (
  `id` int(11) NOT NULL AUTO_INCREMENT,
  `isActive` tinyint(1) NOT NULL,
  `name` varchar(255) COLLATE utf8_unicode_ci NOT NULL,
  `rate` double NOT NULL,
  `code` varchar(255) COLLATE utf8_unicode_ci NOT NULL,
  PRIMARY KEY (`id`),
  UNIQUE KEY `UNIQ_761E3CE077153098` (`code`)
) ENGINE=InnoDB AUTO_INCREMENT=6 DEFAULT CHARSET=utf8 COLLATE=utf8_unicode_ci;
/*!40101 SET character_set_client = @saved_cs_client */;

--
-- Dumping data for table `Money`
--

LOCK TABLES `Money` WRITE;
/*!40000 ALTER TABLE `Money` DISABLE KEYS */;
INSERT INTO `Money` VALUES (1,1,'JPY',0.01,'JPY'),(2,1,'VND',0.000047,'VND'),(3,1,'USD',1,'USD'),(4,1,'THB',0.0307,'THB'),(5,1,'IDR',0.0001,'IDR');
/*!40000 ALTER TABLE `Money` ENABLE KEYS */;
UNLOCK TABLES;

--
-- Table structure for table `Page`
--

DROP TABLE IF EXISTS `Page`;
/*!40101 SET @saved_cs_client     = @@character_set_client */;
/*!40101 SET character_set_client = utf8 */;
CREATE TABLE `Page` (
  `id` int(11) NOT NULL AUTO_INCREMENT,
  `contentVi` longtext COLLATE utf8_unicode_ci,
  `contentEn` longtext COLLATE utf8_unicode_ci,
  `contentJa` longtext COLLATE utf8_unicode_ci,
  `contentKh` longtext COLLATE utf8_unicode_ci,
  `contentTh` longtext COLLATE utf8_unicode_ci,
  `contentId` longtext COLLATE utf8_unicode_ci,
  `contentTl` longtext COLLATE utf8_unicode_ci,
  `contentZh` longtext COLLATE utf8_unicode_ci,
  `metaDescriptionVi` varchar(255) COLLATE utf8_unicode_ci DEFAULT NULL,
  `metaDescriptionEn` varchar(255) COLLATE utf8_unicode_ci DEFAULT NULL,
  `metaDescriptionJa` varchar(255) COLLATE utf8_unicode_ci DEFAULT NULL,
  `metaDescriptionKh` varchar(255) COLLATE utf8_unicode_ci DEFAULT NULL,
  `metaDescriptionTh` varchar(255) COLLATE utf8_unicode_ci DEFAULT NULL,
  `metaDescriptionId` varchar(255) COLLATE utf8_unicode_ci DEFAULT NULL,
  `metaDescriptionTl` varchar(255) COLLATE utf8_unicode_ci DEFAULT NULL,
  `metaDescriptionZh` varchar(255) COLLATE utf8_unicode_ci DEFAULT NULL,
  `metaKeywordVi` varchar(255) COLLATE utf8_unicode_ci DEFAULT NULL,
  `metaKeywordEn` varchar(255) COLLATE utf8_unicode_ci DEFAULT NULL,
  `metaKeywordJa` varchar(255) COLLATE utf8_unicode_ci DEFAULT NULL,
  `metaKeywordKh` varchar(255) COLLATE utf8_unicode_ci DEFAULT NULL,
  `metaKeywordTh` varchar(255) COLLATE utf8_unicode_ci DEFAULT NULL,
  `metaKeywordId` varchar(255) COLLATE utf8_unicode_ci DEFAULT NULL,
  `metaKeywordTl` varchar(255) COLLATE utf8_unicode_ci DEFAULT NULL,
  `metaKeywordZh` varchar(255) COLLATE utf8_unicode_ci DEFAULT NULL,
  PRIMARY KEY (`id`)
) ENGINE=InnoDB AUTO_INCREMENT=31 DEFAULT CHARSET=utf8 COLLATE=utf8_unicode_ci;
/*!40101 SET character_set_client = @saved_cs_client */;

--
-- Dumping data for table `Page`
--

LOCK TABLES `Page` WRITE;
/*!40000 ALTER TABLE `Page` DISABLE KEYS */;
INSERT INTO `Page` VALUES (1,NULL,NULL,NULL,NULL,NULL,NULL,NULL,NULL,NULL,NULL,NULL,NULL,NULL,NULL,NULL,NULL,NULL,NULL,NULL,NULL,NULL,NULL,NULL,NULL),(2,NULL,NULL,NULL,NULL,NULL,NULL,NULL,NULL,NULL,NULL,NULL,NULL,NULL,NULL,NULL,NULL,NULL,NULL,NULL,NULL,NULL,NULL,NULL,NULL),(3,NULL,NULL,NULL,NULL,NULL,NULL,NULL,NULL,NULL,NULL,NULL,NULL,NULL,NULL,NULL,NULL,NULL,NULL,NULL,NULL,NULL,NULL,NULL,NULL),(4,NULL,NULL,NULL,NULL,NULL,NULL,NULL,NULL,NULL,NULL,NULL,NULL,NULL,NULL,NULL,NULL,NULL,NULL,NULL,NULL,NULL,NULL,NULL,NULL),(5,NULL,NULL,NULL,NULL,NULL,NULL,NULL,NULL,NULL,NULL,NULL,NULL,NULL,NULL,NULL,NULL,NULL,NULL,NULL,NULL,NULL,NULL,NULL,NULL),(6,'<p>(vi) Phát triển nghề nghiệp luôn luôn là khát vọng và mục tiêu chính của hầu hết những người trẻ ngày hôm nay. Để thực hiện điều này, ngoài việc chuẩn bị một kế hoạch hoàn hảo cho sự nghiệp của bạn, bạn cần phải biết để tránh cơ hội lỗi lớn có thể ảnh hưởng phát triển nghề nghiệp của bạn.</p><p>&nbsp;</p>','<p>(en) Career advancement is always aspirations and major goal of most young people today. To accomplish this, in addition to preparing a perfect plan for your career, you need to be aware to avoid large errors opportunities can affect your career advancement.</p><p>&nbsp;</p>','<p>(ja) キャリアアップは常に願望と、ほとんどの若者の大きな目標今日です。これを実現するために、あなたのキャリアのための完璧な計画を準備するだけでなく、大きな誤差の機会があなたのキャリアアップに影響を与える可能性を避けるために注意する必要があります。</p><p>&nbsp;</p>',NULL,NULL,NULL,NULL,NULL,NULL,NULL,NULL,NULL,NULL,NULL,NULL,NULL,NULL,NULL,NULL,NULL,NULL,NULL,NULL,NULL),(7,'<p>(vi) Phát triển nghề nghiệp luôn luôn là khát vọng và mục tiêu chính của hầu hết những người trẻ ngày hôm nay. Để thực hiện điều này, ngoài việc chuẩn bị một kế hoạch hoàn hảo cho sự nghiệp của bạn, bạn cần phải biết để tránh cơ hội lỗi lớn có thể ảnh hưởng phát triển nghề nghiệp của bạn.</p><p>&nbsp;</p>','<p>(en) Career advancement is always aspirations and major goal of most young people today. To accomplish this, in addition to preparing a perfect plan for your career, you need to be aware to avoid large errors opportunities can affect your career advancement.</p><p>&nbsp;</p>','<p>(ja) キャリアアップは常に願望と、ほとんどの若者の大きな目標今日です。これを実現するために、あなたのキャリアのための完璧な計画を準備するだけでなく、大きな誤差の機会があなたのキャリアアップに影響を与える可能性を避けるために注意する必要があります。</p><p>&nbsp;</p>',NULL,NULL,NULL,NULL,NULL,NULL,NULL,NULL,NULL,NULL,NULL,NULL,NULL,NULL,NULL,NULL,NULL,NULL,NULL,NULL,NULL),(8,'<p>(vi) Phát triển nghề nghiệp luôn luôn là khát vọng và mục tiêu chính của hầu hết những người trẻ ngày hôm nay. Để thực hiện điều này, ngoài việc chuẩn bị một kế hoạch hoàn hảo cho sự nghiệp của bạn, bạn cần phải biết để tránh cơ hội lỗi lớn có thể ảnh hưởng phát triển nghề nghiệp của bạn.</p><p>&nbsp;</p>','<p>(en) Career advancement is always aspirations and major goal of most young people today. To accomplish this, in addition to preparing a perfect plan for your career, you need to be aware to avoid large errors opportunities can affect your career advancement.</p><p>&nbsp;</p>','<p>(ja) キャリアアップは常に願望と、ほとんどの若者の大きな目標今日です。これを実現するために、あなたのキャリアのための完璧な計画を準備するだけでなく、大きな誤差の機会があなたのキャリアアップに影響を与える可能性を避けるために注意する必要があります。</p><p>&nbsp;</p>',NULL,NULL,NULL,NULL,NULL,NULL,NULL,NULL,NULL,NULL,NULL,NULL,NULL,NULL,NULL,NULL,NULL,NULL,NULL,NULL,NULL),(9,'<p>(vi) Phát triển nghề nghiệp luôn luôn là khát vọng và mục tiêu chính của hầu hết những người trẻ ngày hôm nay. Để thực hiện điều này, ngoài việc chuẩn bị một kế hoạch hoàn hảo cho sự nghiệp của bạn, bạn cần phải biết để tránh cơ hội lỗi lớn có thể ảnh hưởng phát triển nghề nghiệp của bạn.</p><p>&nbsp;</p>','<p>(en) Career advancement is always aspirations and major goal of most young people today. To accomplish this, in addition to preparing a perfect plan for your career, you need to be aware to avoid large errors opportunities can affect your career advancement.</p><p>&nbsp;</p>','<p>(ja) キャリアアップは常に願望と、ほとんどの若者の大きな目標今日です。これを実現するために、あなたのキャリアのための完璧な計画を準備するだけでなく、大きな誤差の機会があなたのキャリアアップに影響を与える可能性を避けるために注意する必要があります。</p><p>&nbsp;</p>',NULL,NULL,NULL,NULL,NULL,NULL,NULL,NULL,NULL,NULL,NULL,NULL,NULL,NULL,NULL,NULL,NULL,NULL,NULL,NULL,NULL),(10,'<p>(vi) Phát triển nghề nghiệp luôn luôn là khát vọng và mục tiêu chính của hầu hết những người trẻ ngày hôm nay. Để thực hiện điều này, ngoài việc chuẩn bị một kế hoạch hoàn hảo cho sự nghiệp của bạn, bạn cần phải biết để tránh cơ hội lỗi lớn có thể ảnh hưởng phát triển nghề nghiệp của bạn.</p><p>&nbsp;</p>','<p>(en) Career advancement is always aspirations and major goal of most young people today. To accomplish this, in addition to preparing a perfect plan for your career, you need to be aware to avoid large errors opportunities can affect your career advancement.</p><p>&nbsp;</p>','<p>(ja) キャリアアップは常に願望と、ほとんどの若者の大きな目標今日です。これを実現するために、あなたのキャリアのための完璧な計画を準備するだけでなく、大きな誤差の機会があなたのキャリアアップに影響を与える可能性を避けるために注意する必要があります。</p><p>&nbsp;</p>',NULL,NULL,NULL,NULL,NULL,NULL,NULL,NULL,NULL,NULL,NULL,NULL,NULL,NULL,NULL,NULL,NULL,NULL,NULL,NULL,NULL),(11,'<p>(vi) Phát triển nghề nghiệp luôn luôn là khát vọng và mục tiêu chính của hầu hết những người trẻ ngày hôm nay. Để thực hiện điều này, ngoài việc chuẩn bị một kế hoạch hoàn hảo cho sự nghiệp của bạn, bạn cần phải biết để tránh cơ hội lỗi lớn có thể ảnh hưởng phát triển nghề nghiệp của bạn.</p><p>&nbsp;</p>','<p>(en) Career advancement is always aspirations and major goal of most young people today. To accomplish this, in addition to preparing a perfect plan for your career, you need to be aware to avoid large errors opportunities can affect your career advancement.</p><p>&nbsp;</p>','<p>(ja) キャリアアップは常に願望と、ほとんどの若者の大きな目標今日です。これを実現するために、あなたのキャリアのための完璧な計画を準備するだけでなく、大きな誤差の機会があなたのキャリアアップに影響を与える可能性を避けるために注意する必要があります。</p><p>&nbsp;</p>',NULL,NULL,NULL,NULL,NULL,NULL,NULL,NULL,NULL,NULL,NULL,NULL,NULL,NULL,NULL,NULL,NULL,NULL,NULL,NULL,NULL),(12,'<p>(vi) Phát triển nghề nghiệp luôn luôn là khát vọng và mục tiêu chính của hầu hết những người trẻ ngày hôm nay. Để thực hiện điều này, ngoài việc chuẩn bị một kế hoạch hoàn hảo cho sự nghiệp của bạn, bạn cần phải biết để tránh cơ hội lỗi lớn có thể ảnh hưởng phát triển nghề nghiệp của bạn.</p><p>&nbsp;</p>','<p>(en) Career advancement is always aspirations and major goal of most young people today. To accomplish this, in addition to preparing a perfect plan for your career, you need to be aware to avoid large errors opportunities can affect your career advancement.</p><p>&nbsp;</p>','<p>(ja) キャリアアップは常に願望と、ほとんどの若者の大きな目標今日です。これを実現するために、あなたのキャリアのための完璧な計画を準備するだけでなく、大きな誤差の機会があなたのキャリアアップに影響を与える可能性を避けるために注意する必要があります。</p><p>&nbsp;</p>',NULL,NULL,NULL,NULL,NULL,NULL,NULL,NULL,NULL,NULL,NULL,NULL,NULL,NULL,NULL,NULL,NULL,NULL,NULL,NULL,NULL),(13,'<p>(vi) Phát triển nghề nghiệp luôn luôn là khát vọng và mục tiêu chính của hầu hết những người trẻ ngày hôm nay. Để thực hiện điều này, ngoài việc chuẩn bị một kế hoạch hoàn hảo cho sự nghiệp của bạn, bạn cần phải biết để tránh cơ hội lỗi lớn có thể ảnh hưởng phát triển nghề nghiệp của bạn.</p><p>&nbsp;</p>','<p>(en) Career advancement is always aspirations and major goal of most young people today. To accomplish this, in addition to preparing a perfect plan for your career, you need to be aware to avoid large errors opportunities can affect your career advancement.</p><p>&nbsp;</p>','<p>(ja) キャリアアップは常に願望と、ほとんどの若者の大きな目標今日です。これを実現するために、あなたのキャリアのための完璧な計画を準備するだけでなく、大きな誤差の機会があなたのキャリアアップに影響を与える可能性を避けるために注意する必要があります。</p><p>&nbsp;</p>',NULL,NULL,NULL,NULL,NULL,NULL,NULL,NULL,NULL,NULL,NULL,NULL,NULL,NULL,NULL,NULL,NULL,NULL,NULL,NULL,NULL),(14,'<p>(vi) Phát triển nghề nghiệp luôn luôn là khát vọng và mục tiêu chính của hầu hết những người trẻ ngày hôm nay. Để thực hiện điều này, ngoài việc chuẩn bị một kế hoạch hoàn hảo cho sự nghiệp của bạn, bạn cần phải biết để tránh cơ hội lỗi lớn có thể ảnh hưởng phát triển nghề nghiệp của bạn.</p><p>&nbsp;</p>','<p>(en) Career advancement is always aspirations and major goal of most young people today. To accomplish this, in addition to preparing a perfect plan for your career, you need to be aware to avoid large errors opportunities can affect your career advancement.</p><p>&nbsp;</p>','<p>(ja) キャリアアップは常に願望と、ほとんどの若者の大きな目標今日です。これを実現するために、あなたのキャリアのための完璧な計画を準備するだけでなく、大きな誤差の機会があなたのキャリアアップに影響を与える可能性を避けるために注意する必要があります。</p><p>&nbsp;</p>',NULL,NULL,NULL,NULL,NULL,NULL,NULL,NULL,NULL,NULL,NULL,NULL,NULL,NULL,NULL,NULL,NULL,NULL,NULL,NULL,NULL),(15,'<p>(vi) Phát triển nghề nghiệp luôn luôn là khát vọng và mục tiêu chính của hầu hết những người trẻ ngày hôm nay. Để thực hiện điều này, ngoài việc chuẩn bị một kế hoạch hoàn hảo cho sự nghiệp của bạn, bạn cần phải biết để tránh cơ hội lỗi lớn có thể ảnh hưởng phát triển nghề nghiệp của bạn.</p><p>&nbsp;</p>','<p>(en) Career advancement is always aspirations and major goal of most young people today. To accomplish this, in addition to preparing a perfect plan for your career, you need to be aware to avoid large errors opportunities can affect your career advancement.</p><p>&nbsp;</p>','<p>(ja) キャリアアップは常に願望と、ほとんどの若者の大きな目標今日です。これを実現するために、あなたのキャリアのための完璧な計画を準備するだけでなく、大きな誤差の機会があなたのキャリアアップに影響を与える可能性を避けるために注意する必要があります。</p><p>&nbsp;</p>',NULL,NULL,NULL,NULL,NULL,NULL,NULL,NULL,NULL,NULL,NULL,NULL,NULL,NULL,NULL,NULL,NULL,NULL,NULL,NULL,NULL),(16,'<p>(vi) Phát triển nghề nghiệp luôn luôn là khát vọng và mục tiêu chính của hầu hết những người trẻ ngày hôm nay. Để thực hiện điều này, ngoài việc chuẩn bị một kế hoạch hoàn hảo cho sự nghiệp của bạn, bạn cần phải biết để tránh cơ hội lỗi lớn có thể ảnh hưởng phát triển nghề nghiệp của bạn.</p><p>&nbsp;</p>','<p>(en) Career advancement is always aspirations and major goal of most young people today. To accomplish this, in addition to preparing a perfect plan for your career, you need to be aware to avoid large errors opportunities can affect your career advancement.</p><p>&nbsp;</p>','<p>(ja) キャリアアップは常に願望と、ほとんどの若者の大きな目標今日です。これを実現するために、あなたのキャリアのための完璧な計画を準備するだけでなく、大きな誤差の機会があなたのキャリアアップに影響を与える可能性を避けるために注意する必要があります。</p><p>&nbsp;</p>',NULL,NULL,NULL,NULL,NULL,NULL,NULL,NULL,NULL,NULL,NULL,NULL,NULL,NULL,NULL,NULL,NULL,NULL,NULL,NULL,NULL),(17,'<p>(vi) Phát triển nghề nghiệp luôn luôn là khát vọng và mục tiêu chính của hầu hết những người trẻ ngày hôm nay. Để thực hiện điều này, ngoài việc chuẩn bị một kế hoạch hoàn hảo cho sự nghiệp của bạn, bạn cần phải biết để tránh cơ hội lỗi lớn có thể ảnh hưởng phát triển nghề nghiệp của bạn.</p><p>&nbsp;</p>','<p>(en) Career advancement is always aspirations and major goal of most young people today. To accomplish this, in addition to preparing a perfect plan for your career, you need to be aware to avoid large errors opportunities can affect your career advancement.</p><p>&nbsp;</p>','<p>(ja) キャリアアップは常に願望と、ほとんどの若者の大きな目標今日です。これを実現するために、あなたのキャリアのための完璧な計画を準備するだけでなく、大きな誤差の機会があなたのキャリアアップに影響を与える可能性を避けるために注意する必要があります。</p><p>&nbsp;</p>',NULL,NULL,NULL,NULL,NULL,NULL,NULL,NULL,NULL,NULL,NULL,NULL,NULL,NULL,NULL,NULL,NULL,NULL,NULL,NULL,NULL),(18,'<p>(vi) Phát triển nghề nghiệp luôn luôn là khát vọng và mục tiêu chính của hầu hết những người trẻ ngày hôm nay. Để thực hiện điều này, ngoài việc chuẩn bị một kế hoạch hoàn hảo cho sự nghiệp của bạn, bạn cần phải biết để tránh cơ hội lỗi lớn có thể ảnh hưởng phát triển nghề nghiệp của bạn.</p><p>&nbsp;</p>','<p>(en) Career advancement is always aspirations and major goal of most young people today. To accomplish this, in addition to preparing a perfect plan for your career, you need to be aware to avoid large errors opportunities can affect your career advancement.</p><p>&nbsp;</p>','<p>(ja) キャリアアップは常に願望と、ほとんどの若者の大きな目標今日です。これを実現するために、あなたのキャリアのための完璧な計画を準備するだけでなく、大きな誤差の機会があなたのキャリアアップに影響を与える可能性を避けるために注意する必要があります。</p><p>&nbsp;</p>',NULL,NULL,NULL,NULL,NULL,NULL,NULL,NULL,NULL,NULL,NULL,NULL,NULL,NULL,NULL,NULL,NULL,NULL,NULL,NULL,NULL),(19,'<p>(vi) Phát triển nghề nghiệp luôn luôn là khát vọng và mục tiêu chính của hầu hết những người trẻ ngày hôm nay. Để thực hiện điều này, ngoài việc chuẩn bị một kế hoạch hoàn hảo cho sự nghiệp của bạn, bạn cần phải biết để tránh cơ hội lỗi lớn có thể ảnh hưởng phát triển nghề nghiệp của bạn.</p><p>&nbsp;</p>','<p>(en) Career advancement is always aspirations and major goal of most young people today. To accomplish this, in addition to preparing a perfect plan for your career, you need to be aware to avoid large errors opportunities can affect your career advancement.</p><p>&nbsp;</p>','<p>(ja) キャリアアップは常に願望と、ほとんどの若者の大きな目標今日です。これを実現するために、あなたのキャリアのための完璧な計画を準備するだけでなく、大きな誤差の機会があなたのキャリアアップに影響を与える可能性を避けるために注意する必要があります。</p><p>&nbsp;</p>',NULL,NULL,NULL,NULL,NULL,NULL,NULL,NULL,NULL,NULL,NULL,NULL,NULL,NULL,NULL,NULL,NULL,NULL,NULL,NULL,NULL),(20,'<p>(vi) Phát triển nghề nghiệp luôn luôn là khát vọng và mục tiêu chính của hầu hết những người trẻ ngày hôm nay. Để thực hiện điều này, ngoài việc chuẩn bị một kế hoạch hoàn hảo cho sự nghiệp của bạn, bạn cần phải biết để tránh cơ hội lỗi lớn có thể ảnh hưởng phát triển nghề nghiệp của bạn.</p><p>&nbsp;</p>','<p>(en) Career advancement is always aspirations and major goal of most young people today. To accomplish this, in addition to preparing a perfect plan for your career, you need to be aware to avoid large errors opportunities can affect your career advancement.</p><p>&nbsp;</p>','<p>(ja) キャリアアップは常に願望と、ほとんどの若者の大きな目標今日です。これを実現するために、あなたのキャリアのための完璧な計画を準備するだけでなく、大きな誤差の機会があなたのキャリアアップに影響を与える可能性を避けるために注意する必要があります。</p><p>&nbsp;</p>',NULL,NULL,NULL,NULL,NULL,NULL,NULL,NULL,NULL,NULL,NULL,NULL,NULL,NULL,NULL,NULL,NULL,NULL,NULL,NULL,NULL),(21,'content (vi)','content (en)','content (ja)',NULL,NULL,NULL,NULL,NULL,NULL,NULL,NULL,NULL,NULL,NULL,NULL,NULL,NULL,NULL,NULL,NULL,NULL,NULL,NULL,NULL),(22,'content (vi)','content (en)','content (ja)',NULL,NULL,NULL,NULL,NULL,NULL,NULL,NULL,NULL,NULL,NULL,NULL,NULL,NULL,NULL,NULL,NULL,NULL,NULL,NULL,NULL),(23,'content (vi)','content (en)','content (ja)',NULL,NULL,NULL,NULL,NULL,NULL,NULL,NULL,NULL,NULL,NULL,NULL,NULL,NULL,NULL,NULL,NULL,NULL,NULL,NULL,NULL),(24,'content (vi)','content (en)','content (ja)',NULL,NULL,NULL,NULL,NULL,NULL,NULL,NULL,NULL,NULL,NULL,NULL,NULL,NULL,NULL,NULL,NULL,NULL,NULL,NULL,NULL),(25,'content (vi)','content (en)','content (ja)',NULL,NULL,NULL,NULL,NULL,NULL,NULL,NULL,NULL,NULL,NULL,NULL,NULL,NULL,NULL,NULL,NULL,NULL,NULL,NULL,NULL),(26,'content (vi)','content (en)','content (ja)',NULL,NULL,NULL,NULL,NULL,NULL,NULL,NULL,NULL,NULL,NULL,NULL,NULL,NULL,NULL,NULL,NULL,NULL,NULL,NULL,NULL),(27,'Chưa cần biết một ứng viên thể hiện tuyệt vời như thế nào trên giấy, hãy giữ cho bản thân luôn tập trung để không có những sai sót không đáng có.\n- Làm rõ về công việc sắp đến. Mặc dù ứng viên có thể có những kinh nghiệm và kỹ năng phỏng vấn tuyệt vời, có thể họ vẫn hướng tới việc thường xuyên thay đổi công việc. Hãy cố gắng tìm ra những điểm trống trong quá trình tìm việc, các lý do hợp lý và bất kỳ lịch sử làm việc nào mà họ không đề cập trong hồ sơ.\n- Luôn luôn cảnh báo cho ứng viên về những vấn đề trong tiền lương và vị trí ứng tuyển. Chưa biết một ứng viên giỏi như thế nào, một công việc với vấn đề lớn về giao tiếp hay ở một thành phố khách thường không phù hợp để làm việc một cách hiệu quả với ứng viên. Hãy lắng nghe thông qua việc hỏi các ứng viên về công việc và mức lương họ mong đợi cho công việc mới nếu họ được nhận. Do đó, không nên giới thiệu ứng viên đến một công việc có các yếu tố không phù hợp với nhu cầu của họ. (vi)','Lorem ipsum dolor sit amet, consectetuer adipiscing elit. Aenean commodo ligula eget dolor. Aenean massa. Cum sociis natoque penatibus et magnis dis parturient montes, nascetur ridiculus mus. Donec quam felis, ultricies nec, pellentesque eu, pretium quis, sem. Nulla consequat massa quis enim. Donec pede justo, fringilla vel, aliquet nec, vulputate eget, arcu. In enim justo, rhoncus ut, imperdiet a, venenatis vitae, justo. Nullam dictum felis eu pede mollis pretium. Integer tincidunt. Cras dapibus. Vivamus elementum semper nisi.\n                 Aenean vulputate eleifend tellus. Aenean leo ligula, porttitor eu, consequat vitae, eleifend ac, enim. Aliquam lorem ante, dapibus in, viverra quis, feugiat a, tellus. Phasellus viverra nulla ut metus varius laoreet. Quisque rutrum. Aenean imperdiet. Etiam ultricies nisi vel augue. Curabitur ullamcorper ultricies nisi. Nam eget dui. Etiam rhoncus. Maecenas tempus, tellus eget condimentum rhoncus, sem quam semper libero, sit amet adipiscing sem neque sed ipsum. (en)','content (ja)',NULL,NULL,NULL,NULL,NULL,NULL,NULL,NULL,NULL,NULL,NULL,NULL,NULL,NULL,NULL,NULL,NULL,NULL,NULL,NULL,NULL),(28,'content (vi)','content (en)','content (ja)',NULL,NULL,NULL,NULL,NULL,NULL,NULL,NULL,NULL,NULL,NULL,NULL,NULL,NULL,NULL,NULL,NULL,NULL,NULL,NULL,NULL),(29,'content (vi)','content (en)','content (ja)',NULL,NULL,NULL,NULL,NULL,NULL,NULL,NULL,NULL,NULL,NULL,NULL,NULL,NULL,NULL,NULL,NULL,NULL,NULL,NULL,NULL),(30,'content (vi)','content (en)','content (ja)',NULL,NULL,NULL,NULL,NULL,NULL,NULL,NULL,NULL,NULL,NULL,NULL,NULL,NULL,NULL,NULL,NULL,NULL,NULL,NULL,NULL);
/*!40000 ALTER TABLE `Page` ENABLE KEYS */;
UNLOCK TABLES;

--
-- Table structure for table `PdfContentCensorship`
--

DROP TABLE IF EXISTS `PdfContentCensorship`;
/*!40101 SET @saved_cs_client     = @@character_set_client */;
/*!40101 SET character_set_client = utf8 */;
CREATE TABLE `PdfContentCensorship` (
  `id` int(11) NOT NULL AUTO_INCREMENT,
  `pdfContentChecksum` varchar(255) COLLATE utf8_unicode_ci NOT NULL,
  `pagesToDrop` longtext COLLATE utf8_unicode_ci,
  `textsToMask` longtext COLLATE utf8_unicode_ci,
  `textsToDrop` longtext COLLATE utf8_unicode_ci,
  PRIMARY KEY (`id`),
  UNIQUE KEY `UNIQ_12590BF5170177DC` (`pdfContentChecksum`)
) ENGINE=InnoDB DEFAULT CHARSET=utf8 COLLATE=utf8_unicode_ci;
/*!40101 SET character_set_client = @saved_cs_client */;

--
-- Dumping data for table `PdfContentCensorship`
--

LOCK TABLES `PdfContentCensorship` WRITE;
/*!40000 ALTER TABLE `PdfContentCensorship` DISABLE KEYS */;
/*!40000 ALTER TABLE `PdfContentCensorship` ENABLE KEYS */;
UNLOCK TABLES;

--
-- Table structure for table `Province`
--

DROP TABLE IF EXISTS `Province`;
/*!40101 SET @saved_cs_client     = @@character_set_client */;
/*!40101 SET character_set_client = utf8 */;
CREATE TABLE `Province` (
  `id` int(11) NOT NULL AUTO_INCREMENT,
  `country_id` int(11) DEFAULT NULL,
  `isActive` tinyint(1) NOT NULL,
  `isSpecial` tinyint(1) NOT NULL,
  `code` varchar(255) COLLATE utf8_unicode_ci NOT NULL,
  `nameVi` varchar(255) COLLATE utf8_unicode_ci DEFAULT NULL,
  `nameEn` varchar(255) COLLATE utf8_unicode_ci DEFAULT NULL,
  `nameJa` varchar(255) COLLATE utf8_unicode_ci DEFAULT NULL,
  `nameKh` varchar(255) COLLATE utf8_unicode_ci DEFAULT NULL,
  `nameTh` varchar(255) COLLATE utf8_unicode_ci DEFAULT NULL,
  `nameId` varchar(255) COLLATE utf8_unicode_ci DEFAULT NULL,
  `nameTl` varchar(255) COLLATE utf8_unicode_ci DEFAULT NULL,
  `nameZh` varchar(255) COLLATE utf8_unicode_ci DEFAULT NULL,
  PRIMARY KEY (`id`),
  UNIQUE KEY `country_id_code` (`country_id`,`code`),
  UNIQUE KEY `country_id_nameVi` (`country_id`,`nameVi`),
  UNIQUE KEY `country_id_nameEn` (`country_id`,`nameEn`),
  UNIQUE KEY `country_id_nameJa` (`country_id`,`nameJa`),
  UNIQUE KEY `country_id_nameKh` (`country_id`,`nameKh`),
  UNIQUE KEY `country_id_nameTh` (`country_id`,`nameTh`),
  UNIQUE KEY `country_id_nameId` (`country_id`,`nameId`),
  UNIQUE KEY `country_id_nameTl` (`country_id`,`nameTl`),
  UNIQUE KEY `country_id_nameZh` (`country_id`,`nameZh`),
  KEY `IDX_B3ACB65DF92F3E70` (`country_id`),
  CONSTRAINT `FK_B3ACB65DF92F3E70` FOREIGN KEY (`country_id`) REFERENCES `Country` (`id`)
) ENGINE=InnoDB AUTO_INCREMENT=97 DEFAULT CHARSET=utf8 COLLATE=utf8_unicode_ci;
/*!40101 SET character_set_client = @saved_cs_client */;

--
-- Dumping data for table `Province`
--

LOCK TABLES `Province` WRITE;
/*!40000 ALTER TABLE `Province` DISABLE KEYS */;
INSERT INTO `Province` VALUES (1,2,1,0,'1','北海道(vi)','北海道','北海道(ja)','北海道(kh)','北海道(th)','北海道(id)',NULL,NULL),(2,2,1,0,'13','東京(vi)','東京','東京(ja)','東京(kh)','東京(th)','東京(id)',NULL,NULL),(3,2,1,0,'OT','その他(vi)','その他','その他(ja)','その他(kh)','その他(th)','その他(id)',NULL,NULL),(4,2,1,0,'NN','海外(vi)','海外','海外(ja)','海外(kh)','海外(th)','海外(id)',NULL,NULL),(5,1,1,0,'HCM','Ho Chi Minh(vi)','Ho Chi Minh','Ho Chi Minh(ja)','Ho Chi Minh(kh)','Ho Chi Minh(th)','Ho Chi Minh(id)',NULL,NULL),(6,1,1,0,'HN','Ha Noi(vi)','Ha Noi','Ha Noi(ja)','Ha Noi(kh)','Ha Noi(th)','Ha Noi(id)',NULL,NULL),(7,1,1,0,'DN','Da Nang(vi)','Da Nang','Da Nang(ja)','Da Nang(kh)','Da Nang(th)','Da Nang(id)',NULL,NULL),(8,1,1,0,'AG','An Giang(vi)','An Giang','An Giang(ja)','An Giang(kh)','An Giang(th)','An Giang(id)',NULL,NULL),(9,1,1,0,'BRVT','Ba Ria - Vung Tau(vi)','Ba Ria - Vung Tau','Ba Ria - Vung Tau(ja)','Ba Ria - Vung Tau(kh)','Ba Ria - Vung Tau(th)','Ba Ria - Vung Tau(id)',NULL,NULL),(10,1,1,0,'BK','Bac Can(vi)','Bac Can','Bac Can(ja)','Bac Can(kh)','Bac Can(th)','Bac Can(id)',NULL,NULL),(11,1,1,0,'BG','Bac Giang(vi)','Bac Giang','Bac Giang(ja)','Bac Giang(kh)','Bac Giang(th)','Bac Giang(id)',NULL,NULL),(12,1,1,0,'BL','Bac Lieu(vi)','Bac Lieu','Bac Lieu(ja)','Bac Lieu(kh)','Bac Lieu(th)','Bac Lieu(id)',NULL,NULL),(13,1,1,0,'BN','Bac Ninh(vi)','Bac Ninh','Bac Ninh(ja)','Bac Ninh(kh)','Bac Ninh(th)','Bac Ninh(id)',NULL,NULL),(14,1,1,0,'BTE','Ben Tre(vi)','Ben Tre','Ben Tre(ja)','Ben Tre(kh)','Ben Tre(th)','Ben Tre(id)',NULL,NULL),(15,1,1,0,'BDH','Binh Dinh(vi)','Binh Dinh','Binh Dinh(ja)','Binh Dinh(kh)','Binh Dinh(th)','Binh Dinh(id)',NULL,NULL),(16,1,1,0,'BD','Binh Duong(vi)','Binh Duong','Binh Duong(ja)','Binh Duong(kh)','Binh Duong(th)','Binh Duong(id)',NULL,NULL),(17,1,1,0,'BP','Binh Phuoc(vi)','Binh Phuoc','Binh Phuoc(ja)','Binh Phuoc(kh)','Binh Phuoc(th)','Binh Phuoc(id)',NULL,NULL),(18,1,1,0,'BT','Binh Thuan(vi)','Binh Thuan','Binh Thuan(ja)','Binh Thuan(kh)','Binh Thuan(th)','Binh Thuan(id)',NULL,NULL),(19,1,1,0,'CM','Ca Mau(vi)','Ca Mau','Ca Mau(ja)','Ca Mau(kh)','Ca Mau(th)','Ca Mau(id)',NULL,NULL),(20,1,1,0,'CT','Can Tho(vi)','Can Tho','Can Tho(ja)','Can Tho(kh)','Can Tho(th)','Can Tho(id)',NULL,NULL),(21,1,1,0,'CB','Cao Bang(vi)','Cao Bang','Cao Bang(ja)','Cao Bang(kh)','Cao Bang(th)','Cao Bang(id)',NULL,NULL),(22,1,1,0,'DL','Dak Lak(vi)','Dak Lak','Dak Lak(ja)','Dak Lak(kh)','Dak Lak(th)','Dak Lak(id)',NULL,NULL),(23,1,1,0,'DNG','Dak Nong(vi)','Dak Nong','Dak Nong(ja)','Dak Nong(kh)','Dak Nong(th)','Dak Nong(id)',NULL,NULL),(24,1,1,0,'DB','Dien Bien(vi)','Dien Bien','Dien Bien(ja)','Dien Bien(kh)','Dien Bien(th)','Dien Bien(id)',NULL,NULL),(25,1,1,0,'DNI','Dong Nai(vi)','Dong Nai','Dong Nai(ja)','Dong Nai(kh)','Dong Nai(th)','Dong Nai(id)',NULL,NULL),(26,1,1,0,'DT','Dong Thap(vi)','Dong Thap','Dong Thap(ja)','Dong Thap(kh)','Dong Thap(th)','Dong Thap(id)',NULL,NULL),(27,1,1,0,'GL','Gia Lai(vi)','Gia Lai','Gia Lai(ja)','Gia Lai(kh)','Gia Lai(th)','Gia Lai(id)',NULL,NULL),(28,1,1,0,'HG','Ha Giang(vi)','Ha Giang','Ha Giang(ja)','Ha Giang(kh)','Ha Giang(th)','Ha Giang(id)',NULL,NULL),(29,1,1,0,'HNM','Ha Nam(vi)','Ha Nam','Ha Nam(ja)','Ha Nam(kh)','Ha Nam(th)','Ha Nam(id)',NULL,NULL),(30,1,1,0,'HT','Ha Tay(vi)','Ha Tay','Ha Tay(ja)','Ha Tay(kh)','Ha Tay(th)','Ha Tay(id)',NULL,NULL),(31,1,1,0,'HTH','Ha Tinh(vi)','Ha Tinh','Ha Tinh(ja)','Ha Tinh(kh)','Ha Tinh(th)','Ha Tinh(id)',NULL,NULL),(32,1,1,0,'HD','Hai Duong(vi)','Hai Duong','Hai Duong(ja)','Hai Duong(kh)','Hai Duong(th)','Hai Duong(id)',NULL,NULL),(33,1,1,0,'HP','Hai Phong(vi)','Hai Phong','Hai Phong(ja)','Hai Phong(kh)','Hai Phong(th)','Hai Phong(id)',NULL,NULL),(34,1,1,0,'HAG','Hau Giang(vi)','Hau Giang','Hau Giang(ja)','Hau Giang(kh)','Hau Giang(th)','Hau Giang(id)',NULL,NULL),(35,1,1,0,'HB','Hoa Binh(vi)','Hoa Binh','Hoa Binh(ja)','Hoa Binh(kh)','Hoa Binh(th)','Hoa Binh(id)',NULL,NULL),(36,1,1,0,'HY','Hung Yen(vi)','Hung Yen','Hung Yen(ja)','Hung Yen(kh)','Hung Yen(th)','Hung Yen(id)',NULL,NULL),(37,1,1,0,'KG','Kien Giang(vi)','Kien Giang','Kien Giang(ja)','Kien Giang(kh)','Kien Giang(th)','Kien Giang(id)',NULL,NULL),(38,1,1,0,'KH','Khanh Hoa(vi)','Khanh Hoa','Khanh Hoa(ja)','Khanh Hoa(kh)','Khanh Hoa(th)','Khanh Hoa(id)',NULL,NULL),(39,1,1,0,'KT','Kon Tum(vi)','Kon Tum','Kon Tum(ja)','Kon Tum(kh)','Kon Tum(th)','Kon Tum(id)',NULL,NULL),(40,1,1,0,'LD','Lam Dong(vi)','Lam Dong','Lam Dong(ja)','Lam Dong(kh)','Lam Dong(th)','Lam Dong(id)',NULL,NULL),(41,1,1,0,'LS','Lang Son(vi)','Lang Son','Lang Son(ja)','Lang Son(kh)','Lang Son(th)','Lang Son(id)',NULL,NULL),(42,1,1,0,'LA','Long An(vi)','Long An','Long An(ja)','Long An(kh)','Long An(th)','Long An(id)',NULL,NULL),(43,1,1,0,'ND','Nam Dinh(vi)','Nam Dinh','Nam Dinh(ja)','Nam Dinh(kh)','Nam Dinh(th)','Nam Dinh(id)',NULL,NULL),(44,1,1,0,'NA','Nghe An(vi)','Nghe An','Nghe An(ja)','Nghe An(kh)','Nghe An(th)','Nghe An(id)',NULL,NULL),(45,1,1,0,'NB','Ninh Binh(vi)','Ninh Binh','Ninh Binh(ja)','Ninh Binh(kh)','Ninh Binh(th)','Ninh Binh(id)',NULL,NULL),(46,1,1,0,'NT','Ninh Thuan(vi)','Ninh Thuan','Ninh Thuan(ja)','Ninh Thuan(kh)','Ninh Thuan(th)','Ninh Thuan(id)',NULL,NULL),(47,1,1,0,'PT','Phu Tho(vi)','Phu Tho','Phu Tho(ja)','Phu Tho(kh)','Phu Tho(th)','Phu Tho(id)',NULL,NULL),(48,1,1,0,'PY','Phu Yen(vi)','Phu Yen','Phu Yen(ja)','Phu Yen(kh)','Phu Yen(th)','Phu Yen(id)',NULL,NULL),(49,1,1,0,'QB','Quang Binh(vi)','Quang Binh','Quang Binh(ja)','Quang Binh(kh)','Quang Binh(th)','Quang Binh(id)',NULL,NULL),(50,1,1,0,'QN','Quang Nam(vi)','Quang Nam','Quang Nam(ja)','Quang Nam(kh)','Quang Nam(th)','Quang Nam(id)',NULL,NULL),(51,1,1,0,'QNI','Quang Ngai(vi)','Quang Ngai','Quang Ngai(ja)','Quang Ngai(kh)','Quang Ngai(th)','Quang Ngai(id)',NULL,NULL),(52,1,1,0,'QNH','Quang Ninh(vi)','Quang Ninh','Quang Ninh(ja)','Quang Ninh(kh)','Quang Ninh(th)','Quang Ninh(id)',NULL,NULL),(53,1,1,0,'QT','Quang Tri(vi)','Quang Tri','Quang Tri(ja)','Quang Tri(kh)','Quang Tri(th)','Quang Tri(id)',NULL,NULL),(54,1,1,0,'ST','Soc Trang(vi)','Soc Trang','Soc Trang(ja)','Soc Trang(kh)','Soc Trang(th)','Soc Trang(id)',NULL,NULL),(55,1,1,0,'SL','Son La(vi)','Son La','Son La(ja)','Son La(kh)','Son La(th)','Son La(id)',NULL,NULL),(56,1,1,0,'TN','Tay Ninh(vi)','Tay Ninh','Tay Ninh(ja)','Tay Ninh(kh)','Tay Ninh(th)','Tay Ninh(id)',NULL,NULL),(57,1,1,0,'TB','Thai Binh(vi)','Thai Binh','Thai Binh(ja)','Thai Binh(kh)','Thai Binh(th)','Thai Binh(id)',NULL,NULL),(58,1,1,0,'TNN','Thai Nguyen(vi)','Thai Nguyen','Thai Nguyen(ja)','Thai Nguyen(kh)','Thai Nguyen(th)','Thai Nguyen(id)',NULL,NULL),(59,1,1,0,'THH','Thanh Hoa(vi)','Thanh Hoa','Thanh Hoa(ja)','Thanh Hoa(kh)','Thanh Hoa(th)','Thanh Hoa(id)',NULL,NULL),(60,1,1,0,'TTH','Thua Thien - Hue(vi)','Thua Thien - Hue','Thua Thien - Hue(ja)','Thua Thien - Hue(kh)','Thua Thien - Hue(th)','Thua Thien - Hue(id)',NULL,NULL),(61,1,1,0,'TG','Tien Giang(vi)','Tien Giang','Tien Giang(ja)','Tien Giang(kh)','Tien Giang(th)','Tien Giang(id)',NULL,NULL),(62,1,1,0,'TV','Tra Vinh(vi)','Tra Vinh','Tra Vinh(ja)','Tra Vinh(kh)','Tra Vinh(th)','Tra Vinh(id)',NULL,NULL),(63,1,1,0,'TQ','Tuyen Quang(vi)','Tuyen Quang','Tuyen Quang(ja)','Tuyen Quang(kh)','Tuyen Quang(th)','Tuyen Quang(id)',NULL,NULL),(64,1,1,0,'VL','Vinh Long(vi)','Vinh Long','Vinh Long(ja)','Vinh Long(kh)','Vinh Long(th)','Vinh Long(id)',NULL,NULL),(65,1,1,0,'VP','Vinh Phuc(vi)','Vinh Phuc','Vinh Phuc(ja)','Vinh Phuc(kh)','Vinh Phuc(th)','Vinh Phuc(id)',NULL,NULL),(66,1,1,0,'YB','Yen Bai(vi)','Yen Bai','Yen Bai(ja)','Yen Bai(kh)','Yen Bai(th)','Yen Bai(id)',NULL,NULL),(67,1,1,0,'OT','Other(vi)','Other','Other(ja)','Other(kh)','Other(th)','Other(id)',NULL,NULL),(68,1,1,0,'NN','Overseas(vi)','Overseas','Overseas(ja)','Overseas(kh)','Overseas(th)','Overseas(id)',NULL,NULL),(69,1,1,0,'JP','Japan(vi)','Japan','Japan(ja)','Japan(kh)','Japan(th)','Japan(id)',NULL,NULL),(70,3,1,0,'12','Phnom Penh(vi)','Phnom Penh','Phnom Penh(ja)','Phnom Penh(kh)','Phnom Penh(th)','Phnom Penh(id)',NULL,NULL),(71,3,1,0,'17','Siem Reap(vi)','Siem Reap','Siem Reap(ja)','Siem Reap(kh)','Siem Reap(th)','Siem Reap(id)',NULL,NULL),(72,3,1,0,'OT','Other(vi)','Other','Other(ja)','Other(kh)','Other(th)','Other(id)',NULL,NULL),(73,3,1,0,'NN','Overseas(vi)','Overseas','Overseas(ja)','Overseas(kh)','Overseas(th)','Overseas(id)',NULL,NULL),(74,4,1,0,'BKK','Bangkok(vi)','Bangkok','Bangkok(ja)','Bangkok(kh)','Bangkok(th)','Bangkok(id)',NULL,NULL),(75,4,1,0,'14','Ayutthaya(vi)','Ayutthaya','Ayutthaya(ja)','Ayutthaya(kh)','Ayutthaya(th)','Ayutthaya(id)',NULL,NULL),(76,4,1,0,'20','Chon Buri(vi)','Chon Buri','Chon Buri(ja)','Chon Buri(kh)','Chon Buri(th)','Chon Buri(id)',NULL,NULL),(77,4,1,0,'21','Rayong(vi)','Rayong','Rayong(ja)','Rayong(kh)','Rayong(th)','Rayong(id)',NULL,NULL),(78,4,1,0,'OT','Other(vi)','Other','Other(ja)','Other(kh)','Other(th)','Other(id)',NULL,NULL),(79,4,1,0,'NN','Overseas(vi)','Overseas','Overseas(ja)','Overseas(kh)','Overseas(th)','Overseas(id)',NULL,NULL),(80,6,1,0,'KL','Kuala Lumpur(vi)','Kuala Lumpur','Kuala Lumpur(ja)','Kuala Lumpur(kh)','Kuala Lumpur(th)','Kuala Lumpur(id)',NULL,NULL),(81,6,1,0,'OT','Other(vi)','Other','Other(ja)','Other(kh)','Other(th)','Other(id)',NULL,NULL),(82,6,1,0,'NN','Overseas(vi)','Overseas','Overseas(ja)','Overseas(kh)','Overseas(th)','Overseas(id)',NULL,NULL),(83,5,1,0,'JK','Jakarta Raya(vi)','Jakarta Raya','Jakarta Raya(ja)','Jakarta Raya(kh)','Jakarta Raya(th)','Jakarta Raya(id)',NULL,NULL),(84,5,1,0,'OT','Other(vi)','Other','Other(ja)','Other(kh)','Other(th)','Other(id)',NULL,NULL),(85,5,1,0,'NN','Overseas(vi)','Overseas','Overseas(ja)','Overseas(kh)','Overseas(th)','Overseas(id)',NULL,NULL),(86,9,1,0,'00','Manila(vi)','Manila','Manila(ja)','Manila(kh)','Manila(th)','Manila(id)',NULL,NULL),(87,9,1,0,'OT','Other(vi)','Other','Other(ja)','Other(kh)','Other(th)','Other(id)',NULL,NULL),(88,9,1,0,'NN','Overseas(vi)','Overseas','Overseas(ja)','Overseas(kh)','Overseas(th)','Overseas(id)',NULL,NULL),(89,7,1,0,'OT','Other(vi)','Other','Other(ja)','Other(kh)','Other(th)','Other(id)',NULL,NULL),(90,7,1,0,'NN','Overseas(vi)','Overseas','Overseas(ja)','Overseas(kh)','Overseas(th)','Overseas(id)',NULL,NULL),(91,10,1,0,'VTE','Vientiane(vi)','Vientiane','Vientiane(ja)','Vientiane(kh)','Vientiane(th)','Vientiane(id)',NULL,NULL),(92,10,1,0,'OT','Other(vi)','Other','Other(ja)','Other(kh)','Other(th)','Other(id)',NULL,NULL),(93,10,1,0,'NN','Overseas(vi)','Overseas','Overseas(ja)','Overseas(kh)','Overseas(th)','Overseas(id)',NULL,NULL),(94,11,1,0,'RGN','Yangon(vi)','Yangon','Yangon(ja)','Yangon(kh)','Yangon(th)','Yangon(id)',NULL,NULL),(95,11,1,0,'OT','Other(vi)','Other','Other(ja)','Other(kh)','Other(th)','Other(id)',NULL,NULL),(96,11,1,0,'NN','Overseas(vi)','Overseas','Overseas(ja)','Overseas(kh)','Overseas(th)','Overseas(id)',NULL,NULL);
/*!40000 ALTER TABLE `Province` ENABLE KEYS */;
UNLOCK TABLES;

--
-- Table structure for table `Region`
--

DROP TABLE IF EXISTS `Region`;
/*!40101 SET @saved_cs_client     = @@character_set_client */;
/*!40101 SET character_set_client = utf8 */;
CREATE TABLE `Region` (
  `id` int(11) NOT NULL AUTO_INCREMENT,
  `country_id` int(11) DEFAULT NULL,
  `isActive` tinyint(1) NOT NULL,
  `code` varchar(255) COLLATE utf8_unicode_ci DEFAULT NULL,
  `nameVi` varchar(255) COLLATE utf8_unicode_ci DEFAULT NULL,
  `nameEn` varchar(255) COLLATE utf8_unicode_ci DEFAULT NULL,
  `nameJa` varchar(255) COLLATE utf8_unicode_ci DEFAULT NULL,
  `nameKh` varchar(255) COLLATE utf8_unicode_ci DEFAULT NULL,
  `nameTh` varchar(255) COLLATE utf8_unicode_ci DEFAULT NULL,
  `nameId` varchar(255) COLLATE utf8_unicode_ci DEFAULT NULL,
  `nameTl` varchar(255) COLLATE utf8_unicode_ci DEFAULT NULL,
  `nameZh` varchar(255) COLLATE utf8_unicode_ci DEFAULT NULL,
  `sortVi` int(11) DEFAULT NULL,
  `sortEn` int(11) DEFAULT NULL,
  `sortJa` int(11) DEFAULT NULL,
  `sortKh` int(11) DEFAULT NULL,
  `sortTh` int(11) DEFAULT NULL,
  `sortId` int(11) DEFAULT NULL,
  `sortTl` int(11) DEFAULT NULL,
  `sortZh` int(11) DEFAULT NULL,
  PRIMARY KEY (`id`),
  UNIQUE KEY `code` (`code`),
  UNIQUE KEY `country_id_nameVi` (`country_id`,`nameVi`),
  UNIQUE KEY `country_id_nameEn` (`country_id`,`nameEn`),
  UNIQUE KEY `country_id_nameJa` (`country_id`,`nameJa`),
  UNIQUE KEY `country_id_nameKh` (`country_id`,`nameKh`),
  UNIQUE KEY `country_id_nameTh` (`country_id`,`nameTh`),
  UNIQUE KEY `country_id_nameId` (`country_id`,`nameId`),
  UNIQUE KEY `country_id_nameTl` (`country_id`,`nameTl`),
  UNIQUE KEY `country_id_nameZh` (`country_id`,`nameZh`),
  KEY `IDX_8CEF440F92F3E70` (`country_id`),
  CONSTRAINT `FK_8CEF440F92F3E70` FOREIGN KEY (`country_id`) REFERENCES `Country` (`id`)
) ENGINE=InnoDB AUTO_INCREMENT=17 DEFAULT CHARSET=utf8 COLLATE=utf8_unicode_ci;
/*!40101 SET character_set_client = @saved_cs_client */;

--
-- Dumping data for table `Region`
--

LOCK TABLES `Region` WRITE;
/*!40000 ALTER TABLE `Region` DISABLE KEYS */;
INSERT INTO `Region` VALUES (1,1,1,NULL,'Miền Bắc','Northern Region','北部',NULL,NULL,NULL,NULL,NULL,-1,-1,-1,-1,-1,NULL,NULL,NULL),(2,1,1,NULL,'Miền Trung','Central Region','中部',NULL,NULL,NULL,NULL,NULL,-2,-2,-2,-2,-2,NULL,NULL,NULL),(3,1,1,NULL,'Miền Nam','Southern Region','南部',NULL,NULL,NULL,NULL,NULL,-3,-3,-3,-3,-3,NULL,NULL,NULL),(4,1,1,'VN_OTHER','other','other','other',NULL,NULL,NULL,NULL,NULL,-10,-10,-10,-10,-10,NULL,NULL,NULL),(5,2,1,NULL,NULL,'Hokkaido','北海道',NULL,NULL,NULL,NULL,NULL,-1,-1,-1,-1,-1,NULL,NULL,NULL),(6,2,1,NULL,NULL,'Tokyo','東京',NULL,NULL,NULL,NULL,NULL,-2,-2,-2,-2,-2,NULL,NULL,NULL),(7,2,1,'JP_OTHER',NULL,'other','other',NULL,NULL,NULL,NULL,NULL,-100,-100,-100,-100,-100,NULL,NULL,NULL),(8,3,1,'KH_OTHER',NULL,'other','other',NULL,NULL,NULL,NULL,NULL,-100,-100,-100,-100,-100,NULL,NULL,NULL),(9,4,1,'TH_OTHER',NULL,'other','other',NULL,NULL,NULL,NULL,NULL,-100,-100,-100,-100,-100,NULL,NULL,NULL),(10,5,1,'ID_OTHER',NULL,'other','other',NULL,NULL,NULL,NULL,NULL,-100,-100,-100,-100,-100,NULL,NULL,NULL),(11,6,1,'MY_OTHER',NULL,'other','other',NULL,NULL,NULL,NULL,NULL,-100,-100,-100,-100,-100,NULL,NULL,NULL),(12,7,1,'SG_OTHER',NULL,'other','other',NULL,NULL,NULL,NULL,NULL,-100,-100,-100,-100,-100,NULL,NULL,NULL),(13,8,1,'CN_OTHER',NULL,'other','other',NULL,NULL,NULL,NULL,NULL,-100,-100,-100,-100,-100,NULL,NULL,NULL),(14,9,1,'PH_OTHER',NULL,'other','other',NULL,NULL,NULL,NULL,NULL,-100,-100,-100,-100,-100,NULL,NULL,NULL),(15,10,1,'LA_OTHER',NULL,'other','other',NULL,NULL,NULL,NULL,NULL,-100,-100,-100,-100,-100,NULL,NULL,NULL),(16,11,1,'MM_OTHER',NULL,'other','other',NULL,NULL,NULL,NULL,NULL,-100,-100,-100,-100,-100,NULL,NULL,NULL);
/*!40000 ALTER TABLE `Region` ENABLE KEYS */;
UNLOCK TABLES;

--
-- Table structure for table `Resume`
--

DROP TABLE IF EXISTS `Resume`;
/*!40101 SET @saved_cs_client     = @@character_set_client */;
/*!40101 SET character_set_client = utf8 */;
CREATE TABLE `Resume` (
  `id` int(11) NOT NULL AUTO_INCREMENT,
  `resume_view_info_id` int(11) DEFAULT NULL,
  `district_id` int(11) DEFAULT NULL,
  `province_id` int(11) DEFAULT NULL,
  `country_id` int(11) DEFAULT NULL,
  `highest_education_level_id` int(11) DEFAULT NULL,
  `language1_id` int(11) DEFAULT NULL,
  `language2_id` int(11) DEFAULT NULL,
  `language3_id` int(11) DEFAULT NULL,
  `latest_work_experience_id` int(11) DEFAULT NULL,
  `most_recent_province_id` int(11) DEFAULT NULL,
  `most_recent_country_id` int(11) DEFAULT NULL,
  `jobseeker_id` int(11) DEFAULT NULL,
  `title` varchar(255) COLLATE utf8_unicode_ci NOT NULL,
  `type` char(1) COLLATE utf8_unicode_ci DEFAULT NULL,
  `fromHost` char(1) COLLATE utf8_unicode_ci NOT NULL,
  `origId` int(11) DEFAULT NULL,
  `externalResumeId` varchar(255) COLLATE utf8_unicode_ci DEFAULT NULL,
  `uploadedContent` longtext COLLATE utf8_unicode_ci,
  `desireJobTitle` varchar(255) COLLATE utf8_unicode_ci DEFAULT NULL,
  `desireCareerLevel` char(1) COLLATE utf8_unicode_ci DEFAULT NULL,
  `positionType` char(1) COLLATE utf8_unicode_ci DEFAULT NULL,
  `careerObjective` longtext COLLATE utf8_unicode_ci,
  `willRelocate` tinyint(1) DEFAULT NULL,
  `willTravel` tinyint(1) DEFAULT NULL,
  `address` varchar(255) COLLATE utf8_unicode_ci DEFAULT NULL,
  `txtProvince` varchar(255) COLLATE utf8_unicode_ci DEFAULT NULL,
  `phone` varchar(255) COLLATE utf8_unicode_ci DEFAULT NULL,
  `mobile` varchar(255) COLLATE utf8_unicode_ci DEFAULT NULL,
  `email` varchar(255) COLLATE utf8_unicode_ci NOT NULL,
  `hideAddress` tinyint(1) NOT NULL,
  `hidePhone` tinyint(1) NOT NULL,
  `hideMobile` tinyint(1) NOT NULL,
  `hideEmail` tinyint(1) NOT NULL,
  `highestEducationLevelLevel` int(11) DEFAULT NULL,
  `language1Level` int(11) DEFAULT NULL,
  `language2Level` int(11) DEFAULT NULL,
  `language3Level` int(11) DEFAULT NULL,
  `fullName` varchar(255) COLLATE utf8_unicode_ci NOT NULL,
  `gender` char(1) COLLATE utf8_unicode_ci NOT NULL,
  `birthDate` date DEFAULT NULL,
  `maritalStatus` char(1) COLLATE utf8_unicode_ci DEFAULT NULL,
  `nationality` char(1) COLLATE utf8_unicode_ci DEFAULT NULL,
  `hideFullName` tinyint(1) NOT NULL,
  `hideBirthday` tinyint(1) NOT NULL,
  `hidePicture` tinyint(1) NOT NULL,
  `reference` longtext COLLATE utf8_unicode_ci,
  `currentSalary` int(11) DEFAULT NULL,
  `salaryType` char(1) COLLATE utf8_unicode_ci DEFAULT NULL,
  `salaryFrom` bigint(20) DEFAULT NULL,
  `salaryTo` bigint(20) DEFAULT NULL,
  `skill` longtext COLLATE utf8_unicode_ci,
  `workExperience` longtext COLLATE utf8_unicode_ci,
  `totalWorkExperience` int(11) DEFAULT NULL,
  `latestJobTitleName` varchar(255) COLLATE utf8_unicode_ci DEFAULT NULL,
  `mostRecentEmployer` longtext COLLATE utf8_unicode_ci,
  `mostRecentJobTitle` longtext COLLATE utf8_unicode_ci,
  `hideRecentEmployer` tinyint(1) NOT NULL,
  `isSearchAllowed` tinyint(1) NOT NULL,
  `isSearchable` tinyint(1) NOT NULL,
  `status` char(1) COLLATE utf8_unicode_ci NOT NULL,
  `isHot` tinyint(1) NOT NULL,
  `isDeleted` tinyint(1) NOT NULL,
  `isArchived` tinyint(1) NOT NULL,
  `createdAt` datetime DEFAULT NULL,
  `modifiedAt` datetime NOT NULL,
  `updatedAt` datetime NOT NULL,
  `content` longtext COLLATE utf8_unicode_ci,
  `contentMasked` longtext COLLATE utf8_unicode_ci,
  `uploadId` varchar(255) COLLATE utf8_unicode_ci DEFAULT NULL,
  `origFileName` varchar(255) COLLATE utf8_unicode_ci DEFAULT NULL,
  `isSuccessfullyExtracted` tinyint(1) DEFAULT NULL,
  `languageDetection` longtext COLLATE utf8_unicode_ci,
  `pdfContent` longblob,
  `pdfMaskedContent` longblob,
  `version` int(11) NOT NULL,
  `siteId` int(11) NOT NULL,
  `mostRecentSalary` int(11) DEFAULT NULL,
  `mostRecentStart` date DEFAULT NULL,
  `mostRecentEnd` date DEFAULT NULL,
  `mostRecentTxtProvince` varchar(255) COLLATE utf8_unicode_ci DEFAULT NULL,
  `careerLevel` char(1) COLLATE utf8_unicode_ci DEFAULT NULL,
  `currentSalaryMoney_id` int(11) DEFAULT NULL,
  `salaryFromMoney_id` int(11) DEFAULT NULL,
  `salaryToMoney_id` int(11) DEFAULT NULL,
  `mostRecentSalaryMoney_id` int(11) DEFAULT NULL,
  PRIMARY KEY (`id`),
  UNIQUE KEY `UNIQ_676DD596D0E51A65` (`resume_view_info_id`),
  UNIQUE KEY `UNIQ_676DD596CD0AA648` (`latest_work_experience_id`),
  KEY `IDX_676DD596B08FA272` (`district_id`),
  KEY `IDX_676DD596E946114A` (`province_id`),
  KEY `IDX_676DD596F92F3E70` (`country_id`),
  KEY `IDX_676DD596AB0242BA` (`highest_education_level_id`),
  KEY `IDX_676DD5966C3EEA2C` (`language1_id`),
  KEY `IDX_676DD5967E8B45C2` (`language2_id`),
  KEY `IDX_676DD596C63722A7` (`language3_id`),
  KEY `IDX_676DD596D6D9A8DF` (`currentSalaryMoney_id`),
  KEY `IDX_676DD59634DD95D5` (`salaryFromMoney_id`),
  KEY `IDX_676DD596C9DB5A23` (`salaryToMoney_id`),
  KEY `IDX_676DD596347FC4CC` (`mostRecentSalaryMoney_id`),
  KEY `IDX_676DD5966499B656` (`most_recent_province_id`),
  KEY `IDX_676DD5962E85D76F` (`most_recent_country_id`),
  KEY `idx_jobseeker_id` (`jobseeker_id`),
  KEY `idx_site_id_is_searchable_modified_at` (`siteId`,`isSearchable`,`modifiedAt`),
  KEY `idx_site_id_is_deleted_is_archived_type_status` (`siteId`,`isDeleted`,`isArchived`,`type`,`status`),
  KEY `idx_site_id_is_deleted_is_archived_status_modified_at` (`siteId`,`isDeleted`,`isArchived`,`status`,`modifiedAt`),
  KEY `idx_site_id_is_deleted_is_archived_modified_at` (`siteId`,`isDeleted`,`isArchived`,`modifiedAt`),
  KEY `idx_site_id_external_resume_id` (`siteId`,`externalResumeId`),
  CONSTRAINT `FK_676DD5962E85D76F` FOREIGN KEY (`most_recent_country_id`) REFERENCES `Country` (`id`),
  CONSTRAINT `FK_676DD596347FC4CC` FOREIGN KEY (`mostRecentSalaryMoney_id`) REFERENCES `Money` (`id`),
  CONSTRAINT `FK_676DD59634DD95D5` FOREIGN KEY (`salaryFromMoney_id`) REFERENCES `Money` (`id`),
  CONSTRAINT `FK_676DD5966499B656` FOREIGN KEY (`most_recent_province_id`) REFERENCES `Province` (`id`),
  CONSTRAINT `FK_676DD5966C3EEA2C` FOREIGN KEY (`language1_id`) REFERENCES `Language` (`id`),
  CONSTRAINT `FK_676DD5967E8B45C2` FOREIGN KEY (`language2_id`) REFERENCES `Language` (`id`),
  CONSTRAINT `FK_676DD596AB0242BA` FOREIGN KEY (`highest_education_level_id`) REFERENCES `EducationLevel` (`id`),
  CONSTRAINT `FK_676DD596B08FA272` FOREIGN KEY (`district_id`) REFERENCES `District` (`id`),
  CONSTRAINT `FK_676DD596C63722A7` FOREIGN KEY (`language3_id`) REFERENCES `Language` (`id`),
  CONSTRAINT `FK_676DD596C9DB5A23` FOREIGN KEY (`salaryToMoney_id`) REFERENCES `Money` (`id`),
  CONSTRAINT `FK_676DD596CD0AA648` FOREIGN KEY (`latest_work_experience_id`) REFERENCES `ResumeWorkExperience` (`id`) ON DELETE SET NULL,
  CONSTRAINT `FK_676DD596D0E51A65` FOREIGN KEY (`resume_view_info_id`) REFERENCES `ResumeViewInfo` (`id`),
  CONSTRAINT `FK_676DD596D6D9A8DF` FOREIGN KEY (`currentSalaryMoney_id`) REFERENCES `Money` (`id`),
  CONSTRAINT `FK_676DD596E946114A` FOREIGN KEY (`province_id`) REFERENCES `Province` (`id`),
  CONSTRAINT `FK_676DD596F92F3E70` FOREIGN KEY (`country_id`) REFERENCES `Country` (`id`)
) ENGINE=InnoDB AUTO_INCREMENT=108 DEFAULT CHARSET=utf8 COLLATE=utf8_unicode_ci;
/*!40101 SET character_set_client = @saved_cs_client */;

--
-- Dumping data for table `Resume`
--

LOCK TABLES `Resume` WRITE;
/*!40000 ALTER TABLE `Resume` DISABLE KEYS */;
INSERT INTO `Resume` VALUES (1,1,NULL,5,1,6,4,NULL,NULL,4,NULL,NULL,1,'#1 Nhân viên Hành chính - Nhân sự có kinh nghiệm','N','C',NULL,NULL,NULL,'#1 Hành chính - Nhân sự','P','C','Với niềm đam mê sâu sắc đối với nghề Nhân sự cùng với kiến thức và những kinh nghiệm thực tế tôi mong muốn được làm việc ở lĩnh vực Hành chính – Nhân sự trong một môi trường chuyên nghiệp và áp lực cao để có thể phát huy được kiến thức, khả năng và sở trường của mình.',1,1,'Giấy phép ICP của CBC - BTTTT số 314/GP-CBC',NULL,'0854341457','0854341457','user1@careerlink.vn',0,0,0,0,4,3,NULL,NULL,'Nguyễn Thị Hà 1','M','1980-08-20','S','L',0,0,0,NULL,5000000,'N',NULL,NULL,NULL,NULL,2,'Nhân viên Nhân sự',NULL,NULL,0,0,0,'A',0,1,0,'2020-05-06 09:52:29','2020-05-06 14:40:06','2020-03-07 09:52:29',NULL,NULL,NULL,NULL,1,NULL,NULL,NULL,4,1,NULL,NULL,NULL,NULL,NULL,2,NULL,NULL,NULL),(2,2,NULL,5,1,6,4,NULL,NULL,NULL,NULL,NULL,1,'Free-Style #1 Nhân viên Hành chính - Nhân sự có kinh nghiệm','F','C',NULL,NULL,NULL,'#1 Hành chính - Nhân sự','T','F','Với niềm đam mê sâu sắc đối với nghề Nhân sự cùng với kiến thức và những kinh nghiệm thực tế tôi mong muốn được làm việc ở lĩnh vực Hành chính – Nhân sự trong một môi trường chuyên nghiệp và áp lực cao để có thể phát huy được kiến thức, khả năng và sở trường của mình.',1,1,'Giấy phép ICP của CBC - BTTTT số 314/GP-CBC',NULL,'0854341457','0854341457','user1@careerlink.vn',0,0,0,0,4,3,NULL,NULL,'Nguyễn Thị Hà 1','M','1980-08-20','S','L',0,0,0,NULL,5000000,'M',2006266,NULL,'<p>Thong thao cac ky nang ve vi tinh( word, excel, powerpoint, ms access)<br />Can than, sieng nang<br />Chiu duoc ap luc cong viec<br />Co kha nang lam viec doc lap<br />Hoa dong, ham hoc hoi.</p>','-       PG cho chương trình event của hãng Abbort Hoa Kỳ tại các trường mầm non trên địa bàn Thành phố Hồ Chí Minh;\n    -       Tham gia tổ chức, sắp xếp, bài trí vật dụng và công cụ của chương trình;\n    -       Tư vấn chỉ số chiều cao, cân nặng phù hợp với từng độ tuổi của các bé;\n    -       Giới thiệu, và bán sản phẩm;\n    -       Phát quà cho các bé.',2,NULL,'Cong ty TNHH SXP','Dev Team Leader',0,0,0,'A',0,1,0,'2020-05-06 09:52:30','2020-03-08 09:32:29','2020-03-08 09:52:29',NULL,NULL,NULL,NULL,1,NULL,NULL,NULL,3,1,NULL,NULL,NULL,NULL,NULL,2,2,NULL,NULL),(3,3,NULL,5,1,6,4,NULL,NULL,8,NULL,NULL,2,'#2 Nhân viên Hành chính - Nhân sự có kinh nghiệm','N','C',NULL,NULL,NULL,'#2 Hành chính - Nhân sự','T','F','Với niềm đam mê sâu sắc đối với nghề Nhân sự cùng với kiến thức và những kinh nghiệm thực tế tôi mong muốn được làm việc ở lĩnh vực Hành chính – Nhân sự trong một môi trường chuyên nghiệp và áp lực cao để có thể phát huy được kiến thức, khả năng và sở trường của mình.',1,1,'Giấy phép ICP của CBC - BTTTT số 314/GP-CBC',NULL,'0854341457','0854341457','user2@careerlink.vn',0,0,0,0,4,3,NULL,NULL,'Nguyễn Thị Hà 2','F','1977-02-09','M','L',0,0,0,NULL,5000000,'I',5447284,7952228,NULL,NULL,2,'Nhân viên Nhân sự',NULL,NULL,0,1,1,'A',0,0,0,'2020-05-06 09:52:31','2020-03-08 09:32:29','2020-03-08 09:52:29',NULL,NULL,NULL,NULL,1,NULL,NULL,NULL,1,1,NULL,NULL,NULL,NULL,NULL,2,2,2,NULL),(4,4,NULL,5,1,6,4,NULL,NULL,NULL,NULL,NULL,2,'Free-Style #2 Nhân viên Hành chính - Nhân sự có kinh nghiệm','F','C',NULL,NULL,NULL,'#2 Hành chính - Nhân sự','S','F','Với niềm đam mê sâu sắc đối với nghề Nhân sự cùng với kiến thức và những kinh nghiệm thực tế tôi mong muốn được làm việc ở lĩnh vực Hành chính – Nhân sự trong một môi trường chuyên nghiệp và áp lực cao để có thể phát huy được kiến thức, khả năng và sở trường của mình.',1,1,'Giấy phép ICP của CBC - BTTTT số 314/GP-CBC',NULL,'0854341457','0854341457','user2@careerlink.vn',0,0,0,0,4,3,NULL,NULL,'Nguyễn Thị Hà 2','F','1977-02-09','M','L',0,0,0,NULL,5000000,'I',3357523,4260311,'<p>Thong thao cac ky nang ve vi tinh( word, excel, powerpoint, ms access)<br />Can than, sieng nang<br />Chiu duoc ap luc cong viec<br />Co kha nang lam viec doc lap<br />Hoa dong, ham hoc hoi.</p>','-       PG cho chương trình event của hãng Abbort Hoa Kỳ tại các trường mầm non trên địa bàn Thành phố Hồ Chí Minh;\n    -       Tham gia tổ chức, sắp xếp, bài trí vật dụng và công cụ của chương trình;\n    -       Tư vấn chỉ số chiều cao, cân nặng phù hợp với từng độ tuổi của các bé;\n    -       Giới thiệu, và bán sản phẩm;\n    -       Phát quà cho các bé.',2,NULL,'Cong ty TNHH SXP','Dev Team Leader',0,0,0,'A',0,0,0,'2020-05-06 09:52:32','2020-03-09 09:32:29','2020-03-09 09:52:29',NULL,NULL,NULL,NULL,1,NULL,NULL,NULL,1,1,NULL,NULL,NULL,NULL,NULL,2,2,2,NULL),(5,5,NULL,5,1,6,4,NULL,NULL,12,NULL,NULL,3,'#3 Nhân viên Hành chính - Nhân sự có kinh nghiệm','N','C',NULL,NULL,NULL,'#3 Hành chính - Nhân sự','N','C','Với niềm đam mê sâu sắc đối với nghề Nhân sự cùng với kiến thức và những kinh nghiệm thực tế tôi mong muốn được làm việc ở lĩnh vực Hành chính – Nhân sự trong một môi trường chuyên nghiệp và áp lực cao để có thể phát huy được kiến thức, khả năng và sở trường của mình.',1,1,'Giấy phép ICP của CBC - BTTTT số 314/GP-CBC',NULL,'0854341457','0854341457','user3@careerlink.vn',0,0,0,0,4,3,NULL,NULL,'Nguyễn Thị Hà 3','F','1968-06-04','M','L',0,0,0,NULL,5000000,'M',9093669,NULL,NULL,NULL,2,'Nhân viên Nhân sự',NULL,NULL,0,1,1,'A',0,0,0,'2020-05-06 09:52:33','2020-03-10 09:32:29','2020-03-10 09:52:29',NULL,NULL,NULL,NULL,1,NULL,NULL,NULL,1,1,NULL,NULL,NULL,NULL,NULL,2,2,NULL,NULL),(6,6,NULL,5,1,6,4,NULL,NULL,NULL,NULL,NULL,3,'Free-Style #3 Nhân viên Hành chính - Nhân sự có kinh nghiệm','F','C',NULL,NULL,NULL,'#3 Hành chính - Nhân sự','I','D','Với niềm đam mê sâu sắc đối với nghề Nhân sự cùng với kiến thức và những kinh nghiệm thực tế tôi mong muốn được làm việc ở lĩnh vực Hành chính – Nhân sự trong một môi trường chuyên nghiệp và áp lực cao để có thể phát huy được kiến thức, khả năng và sở trường của mình.',1,1,'Giấy phép ICP của CBC - BTTTT số 314/GP-CBC',NULL,'0854341457','0854341457','user3@careerlink.vn',0,0,0,0,4,3,NULL,NULL,'Nguyễn Thị Hà 3','F','1968-06-04','M','L',0,0,0,NULL,5000000,'M',2646049,NULL,'<p>Thong thao cac ky nang ve vi tinh( word, excel, powerpoint, ms access)<br />Can than, sieng nang<br />Chiu duoc ap luc cong viec<br />Co kha nang lam viec doc lap<br />Hoa dong, ham hoc hoi.</p>','-       PG cho chương trình event của hãng Abbort Hoa Kỳ tại các trường mầm non trên địa bàn Thành phố Hồ Chí Minh;\n    -       Tham gia tổ chức, sắp xếp, bài trí vật dụng và công cụ của chương trình;\n    -       Tư vấn chỉ số chiều cao, cân nặng phù hợp với từng độ tuổi của các bé;\n    -       Giới thiệu, và bán sản phẩm;\n    -       Phát quà cho các bé.',2,NULL,'Cong ty TNHH SXP','Dev Team Leader',0,0,0,'A',0,0,0,'2020-05-06 09:52:34','2020-03-11 09:32:29','2020-03-11 09:52:29',NULL,NULL,NULL,NULL,1,NULL,NULL,NULL,1,1,NULL,NULL,NULL,NULL,NULL,2,2,NULL,NULL),(7,7,NULL,5,1,6,4,NULL,NULL,16,NULL,NULL,4,'#4 Nhân viên Hành chính - Nhân sự có kinh nghiệm','N','C',NULL,NULL,NULL,'#4 Hành chính - Nhân sự','M','F','Với niềm đam mê sâu sắc đối với nghề Nhân sự cùng với kiến thức và những kinh nghiệm thực tế tôi mong muốn được làm việc ở lĩnh vực Hành chính – Nhân sự trong một môi trường chuyên nghiệp và áp lực cao để có thể phát huy được kiến thức, khả năng và sở trường của mình.',1,1,'Giấy phép ICP của CBC - BTTTT số 314/GP-CBC',NULL,'0854341457','0854341457','user4@careerlink.vn',0,0,0,0,4,3,NULL,NULL,'Nguyễn Thị Hà 4','M','1983-04-04','M','L',0,0,0,NULL,5000000,'M',5476589,NULL,NULL,NULL,2,'Nhân viên Nhân sự',NULL,NULL,0,0,0,'A',0,0,0,'2020-05-06 09:52:36','2020-03-11 09:32:29','2020-03-11 09:52:29',NULL,NULL,NULL,NULL,1,NULL,NULL,NULL,1,1,NULL,NULL,NULL,NULL,NULL,2,2,NULL,NULL),(8,8,NULL,5,1,6,4,NULL,NULL,NULL,NULL,NULL,4,'Free-Style #4 Nhân viên Hành chính - Nhân sự có kinh nghiệm','F','C',NULL,NULL,NULL,'#4 Hành chính - Nhân sự','I','E','Với niềm đam mê sâu sắc đối với nghề Nhân sự cùng với kiến thức và những kinh nghiệm thực tế tôi mong muốn được làm việc ở lĩnh vực Hành chính – Nhân sự trong một môi trường chuyên nghiệp và áp lực cao để có thể phát huy được kiến thức, khả năng và sở trường của mình.',1,1,'Giấy phép ICP của CBC - BTTTT số 314/GP-CBC',NULL,'0854341457','0854341457','user4@careerlink.vn',0,0,0,0,4,3,NULL,NULL,'Nguyễn Thị Hà 4','M','1983-04-04','M','L',0,0,0,NULL,5000000,'M',5992761,NULL,'<p>Thong thao cac ky nang ve vi tinh( word, excel, powerpoint, ms access)<br />Can than, sieng nang<br />Chiu duoc ap luc cong viec<br />Co kha nang lam viec doc lap<br />Hoa dong, ham hoc hoi.</p>','-       PG cho chương trình event của hãng Abbort Hoa Kỳ tại các trường mầm non trên địa bàn Thành phố Hồ Chí Minh;\n    -       Tham gia tổ chức, sắp xếp, bài trí vật dụng và công cụ của chương trình;\n    -       Tư vấn chỉ số chiều cao, cân nặng phù hợp với từng độ tuổi của các bé;\n    -       Giới thiệu, và bán sản phẩm;\n    -       Phát quà cho các bé.',2,NULL,'Cong ty TNHH SXP','Dev Team Leader',0,1,1,'A',0,0,0,'2020-05-06 09:52:36','2020-03-12 09:32:29','2020-03-12 09:52:29',NULL,NULL,NULL,NULL,1,NULL,NULL,NULL,1,1,NULL,NULL,NULL,NULL,NULL,2,2,NULL,NULL),(9,9,NULL,5,1,6,4,NULL,NULL,20,NULL,NULL,5,'#5 Nhân viên Hành chính - Nhân sự có kinh nghiệm','N','C',NULL,NULL,NULL,'#5 Hành chính - Nhân sự','E','C','Với niềm đam mê sâu sắc đối với nghề Nhân sự cùng với kiến thức và những kinh nghiệm thực tế tôi mong muốn được làm việc ở lĩnh vực Hành chính – Nhân sự trong một môi trường chuyên nghiệp và áp lực cao để có thể phát huy được kiến thức, khả năng và sở trường của mình.',1,1,'Giấy phép ICP của CBC - BTTTT số 314/GP-CBC',NULL,'0854341457','0854341457','user5@careerlink.vn',0,0,0,0,4,3,NULL,NULL,'Nguyễn Thị Hà 5','F','1975-11-08','M','L',0,0,0,NULL,5000000,'I',4142401,9046342,NULL,NULL,2,'Nhân viên Nhân sự',NULL,NULL,0,0,0,'A',0,0,0,'2020-05-06 09:52:38','2020-03-14 09:32:29','2020-03-14 09:52:29',NULL,NULL,NULL,NULL,1,NULL,NULL,NULL,1,1,NULL,NULL,NULL,NULL,NULL,2,2,2,NULL),(10,10,NULL,5,1,6,4,NULL,NULL,NULL,NULL,NULL,5,'Free-Style #5 Nhân viên Hành chính - Nhân sự có kinh nghiệm','F','C',NULL,NULL,NULL,'#5 Hành chính - Nhân sự','N','A','Với niềm đam mê sâu sắc đối với nghề Nhân sự cùng với kiến thức và những kinh nghiệm thực tế tôi mong muốn được làm việc ở lĩnh vực Hành chính – Nhân sự trong một môi trường chuyên nghiệp và áp lực cao để có thể phát huy được kiến thức, khả năng và sở trường của mình.',1,1,'Giấy phép ICP của CBC - BTTTT số 314/GP-CBC',NULL,'0854341457','0854341457','user5@careerlink.vn',0,0,0,0,4,3,NULL,NULL,'Nguyễn Thị Hà 5','F','1975-11-08','M','L',0,0,0,NULL,5000000,'M',3236482,NULL,'<p>Thong thao cac ky nang ve vi tinh( word, excel, powerpoint, ms access)<br />Can than, sieng nang<br />Chiu duoc ap luc cong viec<br />Co kha nang lam viec doc lap<br />Hoa dong, ham hoc hoi.</p>','-       PG cho chương trình event của hãng Abbort Hoa Kỳ tại các trường mầm non trên địa bàn Thành phố Hồ Chí Minh;\n    -       Tham gia tổ chức, sắp xếp, bài trí vật dụng và công cụ của chương trình;\n    -       Tư vấn chỉ số chiều cao, cân nặng phù hợp với từng độ tuổi của các bé;\n    -       Giới thiệu, và bán sản phẩm;\n    -       Phát quà cho các bé.',2,NULL,'Cong ty TNHH SXP','Dev Team Leader',0,1,1,'A',0,0,0,'2020-05-06 09:52:38','2020-03-14 09:32:29','2020-03-14 09:52:29',NULL,NULL,NULL,NULL,1,NULL,NULL,NULL,1,1,NULL,NULL,NULL,NULL,NULL,2,2,NULL,NULL),(11,11,NULL,5,1,6,4,NULL,NULL,24,NULL,NULL,6,'#6 Nhân viên Hành chính - Nhân sự có kinh nghiệm','N','C',NULL,NULL,NULL,'#6 Hành chính - Nhân sự','M','A','Với niềm đam mê sâu sắc đối với nghề Nhân sự cùng với kiến thức và những kinh nghiệm thực tế tôi mong muốn được làm việc ở lĩnh vực Hành chính – Nhân sự trong một môi trường chuyên nghiệp và áp lực cao để có thể phát huy được kiến thức, khả năng và sở trường của mình.',1,1,'Giấy phép ICP của CBC - BTTTT số 314/GP-CBC',NULL,'0854341457','0854341457','user6@careerlink.vn',0,0,0,0,4,3,NULL,NULL,'Nguyễn Thị Hà 6','M','1952-10-09','S','L',0,0,0,NULL,5000000,'N',NULL,NULL,NULL,NULL,2,'Nhân viên Nhân sự',NULL,NULL,0,0,0,'A',0,0,0,'2020-05-06 09:52:39','2020-03-14 09:32:29','2020-03-14 09:52:29',NULL,NULL,NULL,NULL,1,NULL,NULL,NULL,1,1,NULL,NULL,NULL,NULL,NULL,2,NULL,NULL,NULL),(12,12,NULL,5,1,6,4,NULL,NULL,NULL,NULL,NULL,6,'Free-Style #6 Nhân viên Hành chính - Nhân sự có kinh nghiệm','F','C',NULL,NULL,NULL,'#6 Hành chính - Nhân sự','L','F','Với niềm đam mê sâu sắc đối với nghề Nhân sự cùng với kiến thức và những kinh nghiệm thực tế tôi mong muốn được làm việc ở lĩnh vực Hành chính – Nhân sự trong một môi trường chuyên nghiệp và áp lực cao để có thể phát huy được kiến thức, khả năng và sở trường của mình.',1,1,'Giấy phép ICP của CBC - BTTTT số 314/GP-CBC',NULL,'0854341457','0854341457','user6@careerlink.vn',0,0,0,0,4,3,NULL,NULL,'Nguyễn Thị Hà 6','M','1952-10-09','S','L',0,0,0,NULL,5000000,'M',4093445,NULL,'<p>Thong thao cac ky nang ve vi tinh( word, excel, powerpoint, ms access)<br />Can than, sieng nang<br />Chiu duoc ap luc cong viec<br />Co kha nang lam viec doc lap<br />Hoa dong, ham hoc hoi.</p>','-       PG cho chương trình event của hãng Abbort Hoa Kỳ tại các trường mầm non trên địa bàn Thành phố Hồ Chí Minh;\n    -       Tham gia tổ chức, sắp xếp, bài trí vật dụng và công cụ của chương trình;\n    -       Tư vấn chỉ số chiều cao, cân nặng phù hợp với từng độ tuổi của các bé;\n    -       Giới thiệu, và bán sản phẩm;\n    -       Phát quà cho các bé.',2,NULL,'Cong ty TNHH SXP','Dev Team Leader',0,1,1,'A',0,0,0,'2020-05-06 09:52:40','2020-03-21 09:32:29','2020-03-21 09:52:29',NULL,NULL,NULL,NULL,1,NULL,NULL,NULL,1,1,NULL,NULL,NULL,NULL,NULL,2,2,NULL,NULL),(13,13,NULL,5,1,6,4,NULL,NULL,28,NULL,NULL,7,'#7 Nhân viên Hành chính - Nhân sự có kinh nghiệm','N','C',NULL,NULL,NULL,'#7 Hành chính - Nhân sự','D','A','Với niềm đam mê sâu sắc đối với nghề Nhân sự cùng với kiến thức và những kinh nghiệm thực tế tôi mong muốn được làm việc ở lĩnh vực Hành chính – Nhân sự trong một môi trường chuyên nghiệp và áp lực cao để có thể phát huy được kiến thức, khả năng và sở trường của mình.',1,1,'Giấy phép ICP của CBC - BTTTT số 314/GP-CBC',NULL,'0854341457','0854341457','user7@careerlink.vn',0,0,0,0,4,3,NULL,NULL,'Nguyễn Thị Hà 7','M','1959-07-03','S','L',0,0,0,NULL,5000000,'M',1506200,NULL,NULL,NULL,2,'Nhân viên Nhân sự',NULL,NULL,0,1,1,'A',0,0,0,'2020-05-06 09:52:41','2020-03-22 09:32:29','2020-03-22 09:52:29',NULL,NULL,NULL,NULL,1,NULL,NULL,NULL,1,1,NULL,NULL,NULL,NULL,NULL,2,2,NULL,NULL),(14,14,NULL,5,1,6,4,NULL,NULL,NULL,NULL,NULL,7,'Free-Style #7 Nhân viên Hành chính - Nhân sự có kinh nghiệm','F','C',NULL,NULL,NULL,'#7 Hành chính - Nhân sự','E','C','Với niềm đam mê sâu sắc đối với nghề Nhân sự cùng với kiến thức và những kinh nghiệm thực tế tôi mong muốn được làm việc ở lĩnh vực Hành chính – Nhân sự trong một môi trường chuyên nghiệp và áp lực cao để có thể phát huy được kiến thức, khả năng và sở trường của mình.',1,1,'Giấy phép ICP của CBC - BTTTT số 314/GP-CBC',NULL,'0854341457','0854341457','user7@careerlink.vn',0,0,0,0,4,3,NULL,NULL,'Nguyễn Thị Hà 7','M','1959-07-03','S','L',0,0,0,NULL,5000000,'N',NULL,NULL,'<p>Thong thao cac ky nang ve vi tinh( word, excel, powerpoint, ms access)<br />Can than, sieng nang<br />Chiu duoc ap luc cong viec<br />Co kha nang lam viec doc lap<br />Hoa dong, ham hoc hoi.</p>','-       PG cho chương trình event của hãng Abbort Hoa Kỳ tại các trường mầm non trên địa bàn Thành phố Hồ Chí Minh;\n    -       Tham gia tổ chức, sắp xếp, bài trí vật dụng và công cụ của chương trình;\n    -       Tư vấn chỉ số chiều cao, cân nặng phù hợp với từng độ tuổi của các bé;\n    -       Giới thiệu, và bán sản phẩm;\n    -       Phát quà cho các bé.',2,NULL,'Cong ty TNHH SXP','Dev Team Leader',0,0,0,'A',0,0,0,'2020-05-06 09:52:42','2020-03-26 09:32:29','2020-03-26 09:52:29',NULL,NULL,NULL,NULL,1,NULL,NULL,NULL,1,1,NULL,NULL,NULL,NULL,NULL,2,NULL,NULL,NULL),(15,15,NULL,5,1,6,4,NULL,NULL,32,NULL,NULL,8,'#8 Nhân viên Hành chính - Nhân sự có kinh nghiệm','N','C',NULL,NULL,NULL,'#8 Hành chính - Nhân sự','T','C','Với niềm đam mê sâu sắc đối với nghề Nhân sự cùng với kiến thức và những kinh nghiệm thực tế tôi mong muốn được làm việc ở lĩnh vực Hành chính – Nhân sự trong một môi trường chuyên nghiệp và áp lực cao để có thể phát huy được kiến thức, khả năng và sở trường của mình.',1,1,'Giấy phép ICP của CBC - BTTTT số 314/GP-CBC',NULL,'0854341457','0854341457','user8@careerlink.vn',0,0,0,0,4,3,NULL,NULL,'Nguyễn Thị Hà 8','M','1952-09-25','M','L',0,0,0,NULL,5000000,'N',NULL,NULL,NULL,NULL,2,'Nhân viên Nhân sự',NULL,NULL,0,0,0,'A',0,0,0,'2020-05-06 09:52:43','2020-03-27 09:32:29','2020-03-27 09:52:29',NULL,NULL,NULL,NULL,1,NULL,NULL,NULL,1,1,NULL,NULL,NULL,NULL,NULL,2,NULL,NULL,NULL),(16,16,NULL,5,1,6,4,NULL,NULL,NULL,NULL,NULL,8,'Free-Style #8 Nhân viên Hành chính - Nhân sự có kinh nghiệm','F','C',NULL,NULL,NULL,'#8 Hành chính - Nhân sự','P','A','Với niềm đam mê sâu sắc đối với nghề Nhân sự cùng với kiến thức và những kinh nghiệm thực tế tôi mong muốn được làm việc ở lĩnh vực Hành chính – Nhân sự trong một môi trường chuyên nghiệp và áp lực cao để có thể phát huy được kiến thức, khả năng và sở trường của mình.',1,1,'Giấy phép ICP của CBC - BTTTT số 314/GP-CBC',NULL,'0854341457','0854341457','user8@careerlink.vn',0,0,0,0,4,3,NULL,NULL,'Nguyễn Thị Hà 8','M','1952-09-25','M','L',0,0,0,NULL,5000000,'M',1334567,NULL,'<p>Thong thao cac ky nang ve vi tinh( word, excel, powerpoint, ms access)<br />Can than, sieng nang<br />Chiu duoc ap luc cong viec<br />Co kha nang lam viec doc lap<br />Hoa dong, ham hoc hoi.</p>','-       PG cho chương trình event của hãng Abbort Hoa Kỳ tại các trường mầm non trên địa bàn Thành phố Hồ Chí Minh;\n    -       Tham gia tổ chức, sắp xếp, bài trí vật dụng và công cụ của chương trình;\n    -       Tư vấn chỉ số chiều cao, cân nặng phù hợp với từng độ tuổi của các bé;\n    -       Giới thiệu, và bán sản phẩm;\n    -       Phát quà cho các bé.',2,NULL,'Cong ty TNHH SXP','Dev Team Leader',0,1,1,'A',0,0,0,'2020-05-06 09:52:44','2020-03-28 09:32:29','2020-03-28 09:52:29',NULL,NULL,NULL,NULL,1,NULL,NULL,NULL,1,1,NULL,NULL,NULL,NULL,NULL,2,2,NULL,NULL),(17,17,NULL,5,1,6,4,NULL,NULL,36,NULL,NULL,9,'#9 Nhân viên Hành chính - Nhân sự có kinh nghiệm','N','C',NULL,NULL,NULL,'#9 Hành chính - Nhân sự','T','B','Với niềm đam mê sâu sắc đối với nghề Nhân sự cùng với kiến thức và những kinh nghiệm thực tế tôi mong muốn được làm việc ở lĩnh vực Hành chính – Nhân sự trong một môi trường chuyên nghiệp và áp lực cao để có thể phát huy được kiến thức, khả năng và sở trường của mình.',1,1,'Giấy phép ICP của CBC - BTTTT số 314/GP-CBC',NULL,'0854341457','0854341457','user9@careerlink.vn',0,0,0,0,4,3,NULL,NULL,'Nguyễn Thị Hà 9','F','1958-06-14','M','L',0,0,0,NULL,5000000,'N',NULL,NULL,NULL,NULL,2,'Nhân viên Nhân sự',NULL,NULL,0,1,1,'A',0,0,0,'2020-05-06 09:52:45','2020-03-28 09:32:29','2020-03-28 09:52:29',NULL,NULL,NULL,NULL,1,NULL,NULL,NULL,1,1,NULL,NULL,NULL,NULL,NULL,2,NULL,NULL,NULL),(18,18,NULL,5,1,6,4,NULL,NULL,NULL,NULL,NULL,9,'Free-Style #9 Nhân viên Hành chính - Nhân sự có kinh nghiệm','F','C',NULL,NULL,NULL,'#9 Hành chính - Nhân sự','N','B','Với niềm đam mê sâu sắc đối với nghề Nhân sự cùng với kiến thức và những kinh nghiệm thực tế tôi mong muốn được làm việc ở lĩnh vực Hành chính – Nhân sự trong một môi trường chuyên nghiệp và áp lực cao để có thể phát huy được kiến thức, khả năng và sở trường của mình.',1,1,'Giấy phép ICP của CBC - BTTTT số 314/GP-CBC',NULL,'0854341457','0854341457','user9@careerlink.vn',0,0,0,0,4,3,NULL,NULL,'Nguyễn Thị Hà 9','F','1958-06-14','M','L',0,0,0,NULL,5000000,'I',4360570,4504962,'<p>Thong thao cac ky nang ve vi tinh( word, excel, powerpoint, ms access)<br />Can than, sieng nang<br />Chiu duoc ap luc cong viec<br />Co kha nang lam viec doc lap<br />Hoa dong, ham hoc hoi.</p>','-       PG cho chương trình event của hãng Abbort Hoa Kỳ tại các trường mầm non trên địa bàn Thành phố Hồ Chí Minh;\n    -       Tham gia tổ chức, sắp xếp, bài trí vật dụng và công cụ của chương trình;\n    -       Tư vấn chỉ số chiều cao, cân nặng phù hợp với từng độ tuổi của các bé;\n    -       Giới thiệu, và bán sản phẩm;\n    -       Phát quà cho các bé.',2,NULL,'Cong ty TNHH SXP','Dev Team Leader',0,0,0,'A',0,0,0,'2020-05-06 09:52:46','2020-03-28 09:32:29','2020-03-28 09:52:29',NULL,NULL,NULL,NULL,1,NULL,NULL,NULL,1,1,NULL,NULL,NULL,NULL,NULL,2,2,2,NULL),(19,19,NULL,5,1,6,4,NULL,NULL,40,NULL,NULL,10,'#10 Nhân viên Hành chính - Nhân sự có kinh nghiệm','N','C',NULL,NULL,NULL,'#10 Hành chính - Nhân sự','P','B','Với niềm đam mê sâu sắc đối với nghề Nhân sự cùng với kiến thức và những kinh nghiệm thực tế tôi mong muốn được làm việc ở lĩnh vực Hành chính – Nhân sự trong một môi trường chuyên nghiệp và áp lực cao để có thể phát huy được kiến thức, khả năng và sở trường của mình.',1,1,'Giấy phép ICP của CBC - BTTTT số 314/GP-CBC',NULL,'0854341457','0854341457','user10@careerlink.vn',0,0,0,0,4,3,NULL,NULL,'Nguyễn Thị Hà 10','F','1958-02-10','M','L',0,0,0,NULL,5000000,'I',3335692,6571669,NULL,NULL,2,'Nhân viên Nhân sự',NULL,NULL,0,1,1,'A',0,0,0,'2020-05-06 09:52:47','2020-03-29 09:32:29','2020-03-29 09:52:29',NULL,NULL,NULL,NULL,1,NULL,NULL,NULL,1,1,NULL,NULL,NULL,NULL,NULL,2,2,2,NULL),(20,20,NULL,5,1,6,4,NULL,NULL,NULL,NULL,NULL,10,'Free-Style #10 Nhân viên Hành chính - Nhân sự có kinh nghiệm','F','C',NULL,NULL,NULL,'#10 Hành chính - Nhân sự','S','F','Với niềm đam mê sâu sắc đối với nghề Nhân sự cùng với kiến thức và những kinh nghiệm thực tế tôi mong muốn được làm việc ở lĩnh vực Hành chính – Nhân sự trong một môi trường chuyên nghiệp và áp lực cao để có thể phát huy được kiến thức, khả năng và sở trường của mình.',1,1,'Giấy phép ICP của CBC - BTTTT số 314/GP-CBC',NULL,'0854341457','0854341457','user10@careerlink.vn',0,0,0,0,4,3,NULL,NULL,'Nguyễn Thị Hà 10','F','1958-02-10','M','L',0,0,0,NULL,5000000,'N',NULL,NULL,'<p>Thong thao cac ky nang ve vi tinh( word, excel, powerpoint, ms access)<br />Can than, sieng nang<br />Chiu duoc ap luc cong viec<br />Co kha nang lam viec doc lap<br />Hoa dong, ham hoc hoi.</p>','-       PG cho chương trình event của hãng Abbort Hoa Kỳ tại các trường mầm non trên địa bàn Thành phố Hồ Chí Minh;\n    -       Tham gia tổ chức, sắp xếp, bài trí vật dụng và công cụ của chương trình;\n    -       Tư vấn chỉ số chiều cao, cân nặng phù hợp với từng độ tuổi của các bé;\n    -       Giới thiệu, và bán sản phẩm;\n    -       Phát quà cho các bé.',2,NULL,'Cong ty TNHH SXP','Dev Team Leader',0,0,0,'A',0,0,0,'2020-05-06 09:52:48','2020-04-01 09:32:29','2020-04-01 09:52:29',NULL,NULL,NULL,NULL,1,NULL,NULL,NULL,1,1,NULL,NULL,NULL,NULL,NULL,2,NULL,NULL,NULL),(21,21,NULL,5,1,6,4,NULL,NULL,44,NULL,NULL,11,'#11 Nhân viên Hành chính - Nhân sự có kinh nghiệm','N','C',NULL,NULL,NULL,'#11 Hành chính - Nhân sự','L','B','Với niềm đam mê sâu sắc đối với nghề Nhân sự cùng với kiến thức và những kinh nghiệm thực tế tôi mong muốn được làm việc ở lĩnh vực Hành chính – Nhân sự trong một môi trường chuyên nghiệp và áp lực cao để có thể phát huy được kiến thức, khả năng và sở trường của mình.',1,1,'Giấy phép ICP của CBC - BTTTT số 314/GP-CBC',NULL,'0854341457','0854341457','user11@careerlink.vn',0,0,0,0,4,3,NULL,NULL,'Nguyễn Thị Hà 11','F','1952-06-16','S','L',0,0,0,NULL,5000000,'I',1328554,2066148,NULL,NULL,2,'Nhân viên Nhân sự',NULL,NULL,0,0,0,'A',0,0,0,'2020-05-06 09:52:49','2020-04-01 09:32:29','2020-04-01 09:52:29',NULL,NULL,NULL,NULL,1,NULL,NULL,NULL,1,1,NULL,NULL,NULL,NULL,NULL,2,2,2,NULL),(22,22,NULL,5,1,6,4,NULL,NULL,NULL,NULL,NULL,11,'Free-Style #11 Nhân viên Hành chính - Nhân sự có kinh nghiệm','F','C',NULL,NULL,NULL,'#11 Hành chính - Nhân sự','N','C','Với niềm đam mê sâu sắc đối với nghề Nhân sự cùng với kiến thức và những kinh nghiệm thực tế tôi mong muốn được làm việc ở lĩnh vực Hành chính – Nhân sự trong một môi trường chuyên nghiệp và áp lực cao để có thể phát huy được kiến thức, khả năng và sở trường của mình.',1,1,'Giấy phép ICP của CBC - BTTTT số 314/GP-CBC',NULL,'0854341457','0854341457','user11@careerlink.vn',0,0,0,0,4,3,NULL,NULL,'Nguyễn Thị Hà 11','F','1952-06-16','S','L',0,0,0,NULL,5000000,'M',1835768,NULL,'<p>Thong thao cac ky nang ve vi tinh( word, excel, powerpoint, ms access)<br />Can than, sieng nang<br />Chiu duoc ap luc cong viec<br />Co kha nang lam viec doc lap<br />Hoa dong, ham hoc hoi.</p>','-       PG cho chương trình event của hãng Abbort Hoa Kỳ tại các trường mầm non trên địa bàn Thành phố Hồ Chí Minh;\n    -       Tham gia tổ chức, sắp xếp, bài trí vật dụng và công cụ của chương trình;\n    -       Tư vấn chỉ số chiều cao, cân nặng phù hợp với từng độ tuổi của các bé;\n    -       Giới thiệu, và bán sản phẩm;\n    -       Phát quà cho các bé.',2,NULL,'Cong ty TNHH SXP','Dev Team Leader',0,1,1,'A',0,0,0,'2020-05-06 09:52:50','2020-04-01 09:32:29','2020-04-01 09:52:29',NULL,NULL,NULL,NULL,1,NULL,NULL,NULL,1,1,NULL,NULL,NULL,NULL,NULL,2,2,NULL,NULL),(23,23,NULL,5,1,6,4,NULL,NULL,48,NULL,NULL,12,'#12 Nhân viên Hành chính - Nhân sự có kinh nghiệm','N','C',NULL,NULL,NULL,'#12 Hành chính - Nhân sự','M','A','Với niềm đam mê sâu sắc đối với nghề Nhân sự cùng với kiến thức và những kinh nghiệm thực tế tôi mong muốn được làm việc ở lĩnh vực Hành chính – Nhân sự trong một môi trường chuyên nghiệp và áp lực cao để có thể phát huy được kiến thức, khả năng và sở trường của mình.',1,1,'Giấy phép ICP của CBC - BTTTT số 314/GP-CBC',NULL,'0854341457','0854341457','user12@careerlink.vn',0,0,0,0,4,3,NULL,NULL,'Nguyễn Thị Hà 12','F','1992-05-24','S','L',0,0,0,NULL,5000000,'M',1341462,NULL,NULL,NULL,2,'Nhân viên Nhân sự',NULL,NULL,0,1,1,'A',0,0,0,'2020-05-06 09:52:51','2020-04-03 09:32:29','2020-04-03 09:52:29',NULL,NULL,NULL,NULL,1,NULL,NULL,NULL,1,1,NULL,NULL,NULL,NULL,NULL,2,2,NULL,NULL),(24,24,NULL,5,1,6,4,NULL,NULL,NULL,NULL,NULL,12,'Free-Style #12 Nhân viên Hành chính - Nhân sự có kinh nghiệm','F','C',NULL,NULL,NULL,'#12 Hành chính - Nhân sự','S','E','Với niềm đam mê sâu sắc đối với nghề Nhân sự cùng với kiến thức và những kinh nghiệm thực tế tôi mong muốn được làm việc ở lĩnh vực Hành chính – Nhân sự trong một môi trường chuyên nghiệp và áp lực cao để có thể phát huy được kiến thức, khả năng và sở trường của mình.',1,1,'Giấy phép ICP của CBC - BTTTT số 314/GP-CBC',NULL,'0854341457','0854341457','user12@careerlink.vn',0,0,0,0,4,3,NULL,NULL,'Nguyễn Thị Hà 12','F','1992-05-24','S','L',0,0,0,NULL,5000000,'N',NULL,NULL,'<p>Thong thao cac ky nang ve vi tinh( word, excel, powerpoint, ms access)<br />Can than, sieng nang<br />Chiu duoc ap luc cong viec<br />Co kha nang lam viec doc lap<br />Hoa dong, ham hoc hoi.</p>','-       PG cho chương trình event của hãng Abbort Hoa Kỳ tại các trường mầm non trên địa bàn Thành phố Hồ Chí Minh;\n    -       Tham gia tổ chức, sắp xếp, bài trí vật dụng và công cụ của chương trình;\n    -       Tư vấn chỉ số chiều cao, cân nặng phù hợp với từng độ tuổi của các bé;\n    -       Giới thiệu, và bán sản phẩm;\n    -       Phát quà cho các bé.',2,NULL,'Cong ty TNHH SXP','Dev Team Leader',0,0,0,'A',0,0,0,'2020-05-06 09:52:52','2020-04-04 09:32:29','2020-04-04 09:52:29',NULL,NULL,NULL,NULL,1,NULL,NULL,NULL,1,1,NULL,NULL,NULL,NULL,NULL,2,NULL,NULL,NULL),(25,25,NULL,5,1,6,4,NULL,NULL,52,NULL,NULL,13,'#13 Nhân viên Hành chính - Nhân sự có kinh nghiệm','N','C',NULL,NULL,NULL,'#13 Hành chính - Nhân sự','E','F','Với niềm đam mê sâu sắc đối với nghề Nhân sự cùng với kiến thức và những kinh nghiệm thực tế tôi mong muốn được làm việc ở lĩnh vực Hành chính – Nhân sự trong một môi trường chuyên nghiệp và áp lực cao để có thể phát huy được kiến thức, khả năng và sở trường của mình.',1,1,'Giấy phép ICP của CBC - BTTTT số 314/GP-CBC',NULL,'0854341457','0854341457','user13@careerlink.vn',0,0,0,0,4,3,NULL,NULL,'Nguyễn Thị Hà 13','F','1964-01-17','S','L',0,0,0,NULL,5000000,'N',NULL,NULL,NULL,NULL,2,'Nhân viên Nhân sự',NULL,NULL,0,0,0,'A',0,0,0,'2020-05-06 09:52:53','2020-04-04 09:32:29','2020-04-04 09:52:29',NULL,NULL,NULL,NULL,1,NULL,NULL,NULL,1,1,NULL,NULL,NULL,NULL,NULL,2,NULL,NULL,NULL),(26,26,NULL,5,1,6,4,NULL,NULL,NULL,NULL,NULL,13,'Free-Style #13 Nhân viên Hành chính - Nhân sự có kinh nghiệm','F','C',NULL,NULL,NULL,'#13 Hành chính - Nhân sự','E','B','Với niềm đam mê sâu sắc đối với nghề Nhân sự cùng với kiến thức và những kinh nghiệm thực tế tôi mong muốn được làm việc ở lĩnh vực Hành chính – Nhân sự trong một môi trường chuyên nghiệp và áp lực cao để có thể phát huy được kiến thức, khả năng và sở trường của mình.',1,1,'Giấy phép ICP của CBC - BTTTT số 314/GP-CBC',NULL,'0854341457','0854341457','user13@careerlink.vn',0,0,0,0,4,3,NULL,NULL,'Nguyễn Thị Hà 13','F','1964-01-17','S','L',0,0,0,NULL,5000000,'N',NULL,NULL,'<p>Thong thao cac ky nang ve vi tinh( word, excel, powerpoint, ms access)<br />Can than, sieng nang<br />Chiu duoc ap luc cong viec<br />Co kha nang lam viec doc lap<br />Hoa dong, ham hoc hoi.</p>','-       PG cho chương trình event của hãng Abbort Hoa Kỳ tại các trường mầm non trên địa bàn Thành phố Hồ Chí Minh;\n    -       Tham gia tổ chức, sắp xếp, bài trí vật dụng và công cụ của chương trình;\n    -       Tư vấn chỉ số chiều cao, cân nặng phù hợp với từng độ tuổi của các bé;\n    -       Giới thiệu, và bán sản phẩm;\n    -       Phát quà cho các bé.',2,NULL,'Cong ty TNHH SXP','Dev Team Leader',0,1,1,'A',0,0,0,'2020-05-06 09:52:54','2020-04-04 09:32:29','2020-04-04 09:52:29',NULL,NULL,NULL,NULL,1,NULL,NULL,NULL,1,1,NULL,NULL,NULL,NULL,NULL,2,NULL,NULL,NULL),(27,27,NULL,5,1,6,4,NULL,NULL,56,NULL,NULL,14,'#14 Nhân viên Hành chính - Nhân sự có kinh nghiệm','N','C',NULL,NULL,NULL,'#14 Hành chính - Nhân sự','P','B','Với niềm đam mê sâu sắc đối với nghề Nhân sự cùng với kiến thức và những kinh nghiệm thực tế tôi mong muốn được làm việc ở lĩnh vực Hành chính – Nhân sự trong một môi trường chuyên nghiệp và áp lực cao để có thể phát huy được kiến thức, khả năng và sở trường của mình.',1,1,'Giấy phép ICP của CBC - BTTTT số 314/GP-CBC',NULL,'0854341457','0854341457','user14@careerlink.vn',0,0,0,0,4,3,NULL,NULL,'Nguyễn Thị Hà 14','M','1965-01-21','M','L',0,0,0,NULL,5000000,'M',4677885,NULL,NULL,NULL,2,'Nhân viên Nhân sự',NULL,NULL,0,0,0,'A',0,0,0,'2020-05-06 09:52:55','2020-04-05 09:32:29','2020-04-05 09:52:29',NULL,NULL,NULL,NULL,1,NULL,NULL,NULL,1,1,NULL,NULL,NULL,NULL,NULL,2,2,NULL,NULL),(28,28,NULL,5,1,6,4,NULL,NULL,NULL,NULL,NULL,14,'Free-Style #14 Nhân viên Hành chính - Nhân sự có kinh nghiệm','F','C',NULL,NULL,NULL,'#14 Hành chính - Nhân sự','D','C','Với niềm đam mê sâu sắc đối với nghề Nhân sự cùng với kiến thức và những kinh nghiệm thực tế tôi mong muốn được làm việc ở lĩnh vực Hành chính – Nhân sự trong một môi trường chuyên nghiệp và áp lực cao để có thể phát huy được kiến thức, khả năng và sở trường của mình.',1,1,'Giấy phép ICP của CBC - BTTTT số 314/GP-CBC',NULL,'0854341457','0854341457','user14@careerlink.vn',0,0,0,0,4,3,NULL,NULL,'Nguyễn Thị Hà 14','M','1965-01-21','M','L',0,0,0,NULL,5000000,'N',NULL,NULL,'<p>Thong thao cac ky nang ve vi tinh( word, excel, powerpoint, ms access)<br />Can than, sieng nang<br />Chiu duoc ap luc cong viec<br />Co kha nang lam viec doc lap<br />Hoa dong, ham hoc hoi.</p>','-       PG cho chương trình event của hãng Abbort Hoa Kỳ tại các trường mầm non trên địa bàn Thành phố Hồ Chí Minh;\n    -       Tham gia tổ chức, sắp xếp, bài trí vật dụng và công cụ của chương trình;\n    -       Tư vấn chỉ số chiều cao, cân nặng phù hợp với từng độ tuổi của các bé;\n    -       Giới thiệu, và bán sản phẩm;\n    -       Phát quà cho các bé.',2,NULL,'Cong ty TNHH SXP','Dev Team Leader',0,1,1,'A',0,0,0,'2020-05-06 09:52:56','2020-04-05 09:32:29','2020-04-05 09:52:29',NULL,NULL,NULL,NULL,1,NULL,NULL,NULL,1,1,NULL,NULL,NULL,NULL,NULL,2,NULL,NULL,NULL),(29,29,NULL,5,1,6,4,NULL,NULL,60,NULL,NULL,15,'#15 Nhân viên Hành chính - Nhân sự có kinh nghiệm','N','C',NULL,NULL,NULL,'#15 Hành chính - Nhân sự','M','F','Với niềm đam mê sâu sắc đối với nghề Nhân sự cùng với kiến thức và những kinh nghiệm thực tế tôi mong muốn được làm việc ở lĩnh vực Hành chính – Nhân sự trong một môi trường chuyên nghiệp và áp lực cao để có thể phát huy được kiến thức, khả năng và sở trường của mình.',1,1,'Giấy phép ICP của CBC - BTTTT số 314/GP-CBC',NULL,'0854341457','0854341457','user15@careerlink.vn',0,0,0,0,4,3,NULL,NULL,'Nguyễn Thị Hà 15','F','1965-12-16','M','L',0,0,0,NULL,5000000,'M',5047768,NULL,NULL,NULL,2,'Nhân viên Nhân sự',NULL,NULL,0,0,0,'A',0,0,0,'2020-05-06 09:52:57','2020-04-08 09:32:29','2020-04-08 09:52:29',NULL,NULL,NULL,NULL,1,NULL,NULL,NULL,1,1,NULL,NULL,NULL,NULL,NULL,2,2,NULL,NULL),(30,30,NULL,5,1,6,4,NULL,NULL,NULL,NULL,NULL,15,'Free-Style #15 Nhân viên Hành chính - Nhân sự có kinh nghiệm','F','C',NULL,NULL,NULL,'#15 Hành chính - Nhân sự','S','C','Với niềm đam mê sâu sắc đối với nghề Nhân sự cùng với kiến thức và những kinh nghiệm thực tế tôi mong muốn được làm việc ở lĩnh vực Hành chính – Nhân sự trong một môi trường chuyên nghiệp và áp lực cao để có thể phát huy được kiến thức, khả năng và sở trường của mình.',1,1,'Giấy phép ICP của CBC - BTTTT số 314/GP-CBC',NULL,'0854341457','0854341457','user15@careerlink.vn',0,0,0,0,4,3,NULL,NULL,'Nguyễn Thị Hà 15','F','1965-12-16','M','L',0,0,0,NULL,5000000,'N',NULL,NULL,'<p>Thong thao cac ky nang ve vi tinh( word, excel, powerpoint, ms access)<br />Can than, sieng nang<br />Chiu duoc ap luc cong viec<br />Co kha nang lam viec doc lap<br />Hoa dong, ham hoc hoi.</p>','-       PG cho chương trình event của hãng Abbort Hoa Kỳ tại các trường mầm non trên địa bàn Thành phố Hồ Chí Minh;\n    -       Tham gia tổ chức, sắp xếp, bài trí vật dụng và công cụ của chương trình;\n    -       Tư vấn chỉ số chiều cao, cân nặng phù hợp với từng độ tuổi của các bé;\n    -       Giới thiệu, và bán sản phẩm;\n    -       Phát quà cho các bé.',2,NULL,'Cong ty TNHH SXP','Dev Team Leader',0,1,1,'A',0,0,0,'2020-05-06 09:52:58','2020-04-09 09:32:29','2020-04-09 09:52:29',NULL,NULL,NULL,NULL,1,NULL,NULL,NULL,1,1,NULL,NULL,NULL,NULL,NULL,2,NULL,NULL,NULL),(31,31,NULL,5,1,6,4,NULL,NULL,64,NULL,NULL,16,'#16 Nhân viên Hành chính - Nhân sự có kinh nghiệm','N','C',NULL,NULL,NULL,'#16 Hành chính - Nhân sự','I','C','Với niềm đam mê sâu sắc đối với nghề Nhân sự cùng với kiến thức và những kinh nghiệm thực tế tôi mong muốn được làm việc ở lĩnh vực Hành chính – Nhân sự trong một môi trường chuyên nghiệp và áp lực cao để có thể phát huy được kiến thức, khả năng và sở trường của mình.',1,1,'Giấy phép ICP của CBC - BTTTT số 314/GP-CBC',NULL,'0854341457','0854341457','user16@careerlink.vn',0,0,0,0,4,3,NULL,NULL,'Nguyễn Thị Hà 16','M','1985-07-27','S','L',0,0,0,NULL,5000000,'I',1658567,2961111,NULL,NULL,2,'Nhân viên Nhân sự',NULL,NULL,0,1,1,'A',0,0,0,'2020-05-06 09:52:59','2020-04-11 09:32:29','2020-04-11 09:52:29',NULL,NULL,NULL,NULL,1,NULL,NULL,NULL,1,1,NULL,NULL,NULL,NULL,NULL,2,2,2,NULL),(32,32,NULL,5,1,6,4,NULL,NULL,NULL,NULL,NULL,16,'Free-Style #16 Nhân viên Hành chính - Nhân sự có kinh nghiệm','F','C',NULL,NULL,NULL,'#16 Hành chính - Nhân sự','M','C','Với niềm đam mê sâu sắc đối với nghề Nhân sự cùng với kiến thức và những kinh nghiệm thực tế tôi mong muốn được làm việc ở lĩnh vực Hành chính – Nhân sự trong một môi trường chuyên nghiệp và áp lực cao để có thể phát huy được kiến thức, khả năng và sở trường của mình.',1,1,'Giấy phép ICP của CBC - BTTTT số 314/GP-CBC',NULL,'0854341457','0854341457','user16@careerlink.vn',0,0,0,0,4,3,NULL,NULL,'Nguyễn Thị Hà 16','M','1985-07-27','S','L',0,0,0,NULL,5000000,'I',4945264,8844329,'<p>Thong thao cac ky nang ve vi tinh( word, excel, powerpoint, ms access)<br />Can than, sieng nang<br />Chiu duoc ap luc cong viec<br />Co kha nang lam viec doc lap<br />Hoa dong, ham hoc hoi.</p>','-       PG cho chương trình event của hãng Abbort Hoa Kỳ tại các trường mầm non trên địa bàn Thành phố Hồ Chí Minh;\n    -       Tham gia tổ chức, sắp xếp, bài trí vật dụng và công cụ của chương trình;\n    -       Tư vấn chỉ số chiều cao, cân nặng phù hợp với từng độ tuổi của các bé;\n    -       Giới thiệu, và bán sản phẩm;\n    -       Phát quà cho các bé.',2,NULL,'Cong ty TNHH SXP','Dev Team Leader',0,0,0,'A',0,0,0,'2020-05-06 09:53:00','2020-04-11 09:32:29','2020-04-11 09:52:29',NULL,NULL,NULL,NULL,1,NULL,NULL,NULL,1,1,NULL,NULL,NULL,NULL,NULL,2,2,2,NULL),(33,33,NULL,5,1,6,4,NULL,NULL,68,NULL,NULL,17,'#17 Nhân viên Hành chính - Nhân sự có kinh nghiệm','N','C',NULL,NULL,NULL,'#17 Hành chính - Nhân sự','N','D','Với niềm đam mê sâu sắc đối với nghề Nhân sự cùng với kiến thức và những kinh nghiệm thực tế tôi mong muốn được làm việc ở lĩnh vực Hành chính – Nhân sự trong một môi trường chuyên nghiệp và áp lực cao để có thể phát huy được kiến thức, khả năng và sở trường của mình.',1,1,'Giấy phép ICP của CBC - BTTTT số 314/GP-CBC',NULL,'0854341457','0854341457','user17@careerlink.vn',0,0,0,0,4,3,NULL,NULL,'Nguyễn Thị Hà 17','F','1984-09-24','S','L',0,0,0,NULL,5000000,'N',NULL,NULL,NULL,NULL,2,'Nhân viên Nhân sự',NULL,NULL,0,0,0,'A',0,0,0,'2020-05-06 09:53:01','2020-04-13 09:32:29','2020-04-13 09:52:29',NULL,NULL,NULL,NULL,1,NULL,NULL,NULL,1,1,NULL,NULL,NULL,NULL,NULL,2,NULL,NULL,NULL),(34,34,NULL,5,1,6,4,NULL,NULL,NULL,NULL,NULL,17,'Free-Style #17 Nhân viên Hành chính - Nhân sự có kinh nghiệm','F','C',NULL,NULL,NULL,'#17 Hành chính - Nhân sự','M','C','Với niềm đam mê sâu sắc đối với nghề Nhân sự cùng với kiến thức và những kinh nghiệm thực tế tôi mong muốn được làm việc ở lĩnh vực Hành chính – Nhân sự trong một môi trường chuyên nghiệp và áp lực cao để có thể phát huy được kiến thức, khả năng và sở trường của mình.',1,1,'Giấy phép ICP của CBC - BTTTT số 314/GP-CBC',NULL,'0854341457','0854341457','user17@careerlink.vn',0,0,0,0,4,3,NULL,NULL,'Nguyễn Thị Hà 17','F','1984-09-24','S','L',0,0,0,NULL,5000000,'N',NULL,NULL,'<p>Thong thao cac ky nang ve vi tinh( word, excel, powerpoint, ms access)<br />Can than, sieng nang<br />Chiu duoc ap luc cong viec<br />Co kha nang lam viec doc lap<br />Hoa dong, ham hoc hoi.</p>','-       PG cho chương trình event của hãng Abbort Hoa Kỳ tại các trường mầm non trên địa bàn Thành phố Hồ Chí Minh;\n    -       Tham gia tổ chức, sắp xếp, bài trí vật dụng và công cụ của chương trình;\n    -       Tư vấn chỉ số chiều cao, cân nặng phù hợp với từng độ tuổi của các bé;\n    -       Giới thiệu, và bán sản phẩm;\n    -       Phát quà cho các bé.',2,NULL,'Cong ty TNHH SXP','Dev Team Leader',0,1,1,'A',0,0,0,'2020-05-06 09:53:02','2020-04-16 09:32:29','2020-04-16 09:52:29',NULL,NULL,NULL,NULL,1,NULL,NULL,NULL,1,1,NULL,NULL,NULL,NULL,NULL,2,NULL,NULL,NULL),(35,35,NULL,5,1,6,4,NULL,NULL,72,NULL,NULL,18,'#18 Nhân viên Hành chính - Nhân sự có kinh nghiệm','N','C',NULL,NULL,NULL,'#18 Hành chính - Nhân sự','D','F','Với niềm đam mê sâu sắc đối với nghề Nhân sự cùng với kiến thức và những kinh nghiệm thực tế tôi mong muốn được làm việc ở lĩnh vực Hành chính – Nhân sự trong một môi trường chuyên nghiệp và áp lực cao để có thể phát huy được kiến thức, khả năng và sở trường của mình.',1,1,'Giấy phép ICP của CBC - BTTTT số 314/GP-CBC',NULL,'0854341457','0854341457','user18@careerlink.vn',0,0,0,0,4,3,NULL,NULL,'Nguyễn Thị Hà 18','F','1960-04-28','M','L',0,0,0,NULL,5000000,'I',6722015,8884147,NULL,NULL,2,'Nhân viên Nhân sự',NULL,NULL,0,1,1,'A',0,0,0,'2020-05-06 09:53:03','2020-04-17 09:32:29','2020-04-17 09:52:29',NULL,NULL,NULL,NULL,1,NULL,NULL,NULL,1,1,NULL,NULL,NULL,NULL,NULL,2,2,2,NULL),(36,36,NULL,5,1,6,4,NULL,NULL,NULL,NULL,NULL,18,'Free-Style #18 Nhân viên Hành chính - Nhân sự có kinh nghiệm','F','C',NULL,NULL,NULL,'#18 Hành chính - Nhân sự','E','C','Với niềm đam mê sâu sắc đối với nghề Nhân sự cùng với kiến thức và những kinh nghiệm thực tế tôi mong muốn được làm việc ở lĩnh vực Hành chính – Nhân sự trong một môi trường chuyên nghiệp và áp lực cao để có thể phát huy được kiến thức, khả năng và sở trường của mình.',1,1,'Giấy phép ICP của CBC - BTTTT số 314/GP-CBC',NULL,'0854341457','0854341457','user18@careerlink.vn',0,0,0,0,4,3,NULL,NULL,'Nguyễn Thị Hà 18','F','1960-04-28','M','L',0,0,0,NULL,5000000,'I',4700818,7993907,'<p>Thong thao cac ky nang ve vi tinh( word, excel, powerpoint, ms access)<br />Can than, sieng nang<br />Chiu duoc ap luc cong viec<br />Co kha nang lam viec doc lap<br />Hoa dong, ham hoc hoi.</p>','-       PG cho chương trình event của hãng Abbort Hoa Kỳ tại các trường mầm non trên địa bàn Thành phố Hồ Chí Minh;\n    -       Tham gia tổ chức, sắp xếp, bài trí vật dụng và công cụ của chương trình;\n    -       Tư vấn chỉ số chiều cao, cân nặng phù hợp với từng độ tuổi của các bé;\n    -       Giới thiệu, và bán sản phẩm;\n    -       Phát quà cho các bé.',2,NULL,'Cong ty TNHH SXP','Dev Team Leader',0,0,0,'A',0,0,0,'2020-05-06 09:53:05','2020-04-18 09:32:29','2020-04-18 09:52:29',NULL,NULL,NULL,NULL,1,NULL,NULL,NULL,1,1,NULL,NULL,NULL,NULL,NULL,2,2,2,NULL),(37,37,NULL,5,1,6,4,NULL,NULL,76,NULL,NULL,19,'#19 Nhân viên Hành chính - Nhân sự có kinh nghiệm','N','C',NULL,NULL,NULL,'#19 Hành chính - Nhân sự','M','A','Với niềm đam mê sâu sắc đối với nghề Nhân sự cùng với kiến thức và những kinh nghiệm thực tế tôi mong muốn được làm việc ở lĩnh vực Hành chính – Nhân sự trong một môi trường chuyên nghiệp và áp lực cao để có thể phát huy được kiến thức, khả năng và sở trường của mình.',1,1,'Giấy phép ICP của CBC - BTTTT số 314/GP-CBC',NULL,'0854341457','0854341457','user19@careerlink.vn',0,0,0,0,4,3,NULL,NULL,'Nguyễn Thị Hà 19','M','1965-05-27','M','L',0,0,0,NULL,5000000,'N',NULL,NULL,NULL,NULL,2,'Nhân viên Nhân sự',NULL,NULL,0,0,0,'A',0,0,0,'2020-05-06 09:53:06','2020-04-20 09:32:29','2020-04-20 09:52:29',NULL,NULL,NULL,NULL,1,NULL,NULL,NULL,1,1,NULL,NULL,NULL,NULL,NULL,2,NULL,NULL,NULL),(38,38,NULL,5,1,6,4,NULL,NULL,NULL,NULL,NULL,19,'Free-Style #19 Nhân viên Hành chính - Nhân sự có kinh nghiệm','F','C',NULL,NULL,NULL,'#19 Hành chính - Nhân sự','M','E','Với niềm đam mê sâu sắc đối với nghề Nhân sự cùng với kiến thức và những kinh nghiệm thực tế tôi mong muốn được làm việc ở lĩnh vực Hành chính – Nhân sự trong một môi trường chuyên nghiệp và áp lực cao để có thể phát huy được kiến thức, khả năng và sở trường của mình.',1,1,'Giấy phép ICP của CBC - BTTTT số 314/GP-CBC',NULL,'0854341457','0854341457','user19@careerlink.vn',0,0,0,0,4,3,NULL,NULL,'Nguyễn Thị Hà 19','M','1965-05-27','M','L',0,0,0,NULL,5000000,'I',3193896,8686139,'<p>Thong thao cac ky nang ve vi tinh( word, excel, powerpoint, ms access)<br />Can than, sieng nang<br />Chiu duoc ap luc cong viec<br />Co kha nang lam viec doc lap<br />Hoa dong, ham hoc hoi.</p>','-       PG cho chương trình event của hãng Abbort Hoa Kỳ tại các trường mầm non trên địa bàn Thành phố Hồ Chí Minh;\n    -       Tham gia tổ chức, sắp xếp, bài trí vật dụng và công cụ của chương trình;\n    -       Tư vấn chỉ số chiều cao, cân nặng phù hợp với từng độ tuổi của các bé;\n    -       Giới thiệu, và bán sản phẩm;\n    -       Phát quà cho các bé.',2,NULL,'Cong ty TNHH SXP','Dev Team Leader',0,1,1,'A',0,0,0,'2020-05-06 09:53:07','2020-04-20 09:32:29','2020-04-20 09:52:29',NULL,NULL,NULL,NULL,1,NULL,NULL,NULL,1,1,NULL,NULL,NULL,NULL,NULL,2,2,2,NULL),(39,39,NULL,5,1,6,4,NULL,NULL,80,NULL,NULL,20,'#20 Nhân viên Hành chính - Nhân sự có kinh nghiệm','N','C',NULL,NULL,NULL,'#20 Hành chính - Nhân sự','E','F','Với niềm đam mê sâu sắc đối với nghề Nhân sự cùng với kiến thức và những kinh nghiệm thực tế tôi mong muốn được làm việc ở lĩnh vực Hành chính – Nhân sự trong một môi trường chuyên nghiệp và áp lực cao để có thể phát huy được kiến thức, khả năng và sở trường của mình.',1,1,'Giấy phép ICP của CBC - BTTTT số 314/GP-CBC',NULL,'0854341457','0854341457','user20@careerlink.vn',0,0,0,0,4,3,NULL,NULL,'Nguyễn Thị Hà 20','F','1958-12-19','M','L',0,0,0,NULL,5000000,'M',7793324,NULL,NULL,NULL,2,'Nhân viên Nhân sự',NULL,NULL,0,1,1,'A',0,0,0,'2020-05-06 09:53:08','2020-04-20 09:32:29','2020-04-20 09:52:29',NULL,NULL,NULL,NULL,1,NULL,NULL,NULL,1,1,NULL,NULL,NULL,NULL,NULL,2,2,NULL,NULL),(40,40,NULL,5,1,6,4,NULL,NULL,NULL,NULL,NULL,20,'Free-Style #20 Nhân viên Hành chính - Nhân sự có kinh nghiệm','F','C',NULL,NULL,NULL,'#20 Hành chính - Nhân sự','N','C','Với niềm đam mê sâu sắc đối với nghề Nhân sự cùng với kiến thức và những kinh nghiệm thực tế tôi mong muốn được làm việc ở lĩnh vực Hành chính – Nhân sự trong một môi trường chuyên nghiệp và áp lực cao để có thể phát huy được kiến thức, khả năng và sở trường của mình.',1,1,'Giấy phép ICP của CBC - BTTTT số 314/GP-CBC',NULL,'0854341457','0854341457','user20@careerlink.vn',0,0,0,0,4,3,NULL,NULL,'Nguyễn Thị Hà 20','F','1958-12-19','M','L',0,0,0,NULL,5000000,'N',NULL,NULL,'<p>Thong thao cac ky nang ve vi tinh( word, excel, powerpoint, ms access)<br />Can than, sieng nang<br />Chiu duoc ap luc cong viec<br />Co kha nang lam viec doc lap<br />Hoa dong, ham hoc hoi.</p>','-       PG cho chương trình event của hãng Abbort Hoa Kỳ tại các trường mầm non trên địa bàn Thành phố Hồ Chí Minh;\n    -       Tham gia tổ chức, sắp xếp, bài trí vật dụng và công cụ của chương trình;\n    -       Tư vấn chỉ số chiều cao, cân nặng phù hợp với từng độ tuổi của các bé;\n    -       Giới thiệu, và bán sản phẩm;\n    -       Phát quà cho các bé.',2,NULL,'Cong ty TNHH SXP','Dev Team Leader',0,0,0,'A',0,0,0,'2020-05-06 09:53:09','2020-04-22 09:32:29','2020-04-22 09:52:29',NULL,NULL,NULL,NULL,1,NULL,NULL,NULL,1,1,NULL,NULL,NULL,NULL,NULL,2,NULL,NULL,NULL),(41,41,NULL,5,1,6,4,NULL,NULL,84,NULL,NULL,21,'#21 Nhân viên Hành chính - Nhân sự có kinh nghiệm','N','C',NULL,NULL,NULL,'#21 Hành chính - Nhân sự','I','A','Với niềm đam mê sâu sắc đối với nghề Nhân sự cùng với kiến thức và những kinh nghiệm thực tế tôi mong muốn được làm việc ở lĩnh vực Hành chính – Nhân sự trong một môi trường chuyên nghiệp và áp lực cao để có thể phát huy được kiến thức, khả năng và sở trường của mình.',1,1,'Giấy phép ICP của CBC - BTTTT số 314/GP-CBC',NULL,'0854341457','0854341457','user21@careerlink.vn',0,0,0,0,4,3,NULL,NULL,'Nguyễn Thị Hà 21','M','1953-04-10','M','L',0,0,0,NULL,5000000,'I',1453956,2926145,NULL,NULL,2,'Nhân viên Nhân sự',NULL,NULL,0,1,1,'A',0,0,0,'2020-05-06 09:53:10','2020-04-22 09:32:29','2020-04-22 09:52:29',NULL,NULL,NULL,NULL,1,NULL,NULL,NULL,1,1,NULL,NULL,NULL,NULL,NULL,2,2,2,NULL),(42,42,NULL,5,1,6,4,NULL,NULL,NULL,NULL,NULL,21,'Free-Style #21 Nhân viên Hành chính - Nhân sự có kinh nghiệm','F','C',NULL,NULL,NULL,'#21 Hành chính - Nhân sự','D','D','Với niềm đam mê sâu sắc đối với nghề Nhân sự cùng với kiến thức và những kinh nghiệm thực tế tôi mong muốn được làm việc ở lĩnh vực Hành chính – Nhân sự trong một môi trường chuyên nghiệp và áp lực cao để có thể phát huy được kiến thức, khả năng và sở trường của mình.',1,1,'Giấy phép ICP của CBC - BTTTT số 314/GP-CBC',NULL,'0854341457','0854341457','user21@careerlink.vn',0,0,0,0,4,3,NULL,NULL,'Nguyễn Thị Hà 21','M','1953-04-10','M','L',0,0,0,NULL,5000000,'I',4633362,9295335,'<p>Thong thao cac ky nang ve vi tinh( word, excel, powerpoint, ms access)<br />Can than, sieng nang<br />Chiu duoc ap luc cong viec<br />Co kha nang lam viec doc lap<br />Hoa dong, ham hoc hoi.</p>','-       PG cho chương trình event của hãng Abbort Hoa Kỳ tại các trường mầm non trên địa bàn Thành phố Hồ Chí Minh;\n    -       Tham gia tổ chức, sắp xếp, bài trí vật dụng và công cụ của chương trình;\n    -       Tư vấn chỉ số chiều cao, cân nặng phù hợp với từng độ tuổi của các bé;\n    -       Giới thiệu, và bán sản phẩm;\n    -       Phát quà cho các bé.',2,NULL,'Cong ty TNHH SXP','Dev Team Leader',0,0,0,'A',0,0,0,'2020-05-06 09:53:11','2020-04-27 09:32:29','2020-04-27 09:52:29',NULL,NULL,NULL,NULL,1,NULL,NULL,NULL,1,1,NULL,NULL,NULL,NULL,NULL,2,2,2,NULL),(43,43,NULL,5,1,6,4,NULL,NULL,88,NULL,NULL,22,'#22 Nhân viên Hành chính - Nhân sự có kinh nghiệm','N','C',NULL,NULL,NULL,'#22 Hành chính - Nhân sự','M','E','Với niềm đam mê sâu sắc đối với nghề Nhân sự cùng với kiến thức và những kinh nghiệm thực tế tôi mong muốn được làm việc ở lĩnh vực Hành chính – Nhân sự trong một môi trường chuyên nghiệp và áp lực cao để có thể phát huy được kiến thức, khả năng và sở trường của mình.',1,1,'Giấy phép ICP của CBC - BTTTT số 314/GP-CBC',NULL,'0854341457','0854341457','user22@careerlink.vn',0,0,0,0,4,3,NULL,NULL,'Nguyễn Thị Hà 22','F','1950-10-07','M','L',0,0,0,NULL,5000000,'I',1121899,9001973,NULL,NULL,2,'Nhân viên Nhân sự',NULL,NULL,0,1,1,'A',0,0,0,'2020-05-06 09:53:12','2020-04-29 09:32:29','2020-04-29 09:52:29',NULL,NULL,NULL,NULL,1,NULL,NULL,NULL,1,1,NULL,NULL,NULL,NULL,NULL,2,2,2,NULL),(44,44,NULL,5,1,6,4,NULL,NULL,NULL,NULL,NULL,22,'Free-Style #22 Nhân viên Hành chính - Nhân sự có kinh nghiệm','F','C',NULL,NULL,NULL,'#22 Hành chính - Nhân sự','P','E','Với niềm đam mê sâu sắc đối với nghề Nhân sự cùng với kiến thức và những kinh nghiệm thực tế tôi mong muốn được làm việc ở lĩnh vực Hành chính – Nhân sự trong một môi trường chuyên nghiệp và áp lực cao để có thể phát huy được kiến thức, khả năng và sở trường của mình.',1,1,'Giấy phép ICP của CBC - BTTTT số 314/GP-CBC',NULL,'0854341457','0854341457','user22@careerlink.vn',0,0,0,0,4,3,NULL,NULL,'Nguyễn Thị Hà 22','F','1950-10-07','M','L',0,0,0,NULL,5000000,'M',4665172,NULL,'<p>Thong thao cac ky nang ve vi tinh( word, excel, powerpoint, ms access)<br />Can than, sieng nang<br />Chiu duoc ap luc cong viec<br />Co kha nang lam viec doc lap<br />Hoa dong, ham hoc hoi.</p>','-       PG cho chương trình event của hãng Abbort Hoa Kỳ tại các trường mầm non trên địa bàn Thành phố Hồ Chí Minh;\n    -       Tham gia tổ chức, sắp xếp, bài trí vật dụng và công cụ của chương trình;\n    -       Tư vấn chỉ số chiều cao, cân nặng phù hợp với từng độ tuổi của các bé;\n    -       Giới thiệu, và bán sản phẩm;\n    -       Phát quà cho các bé.',2,NULL,'Cong ty TNHH SXP','Dev Team Leader',0,0,0,'A',0,0,0,'2020-05-06 09:53:13','2020-04-30 09:32:29','2020-04-30 09:52:29',NULL,NULL,NULL,NULL,1,NULL,NULL,NULL,1,1,NULL,NULL,NULL,NULL,NULL,2,2,NULL,NULL),(45,45,NULL,5,1,6,4,NULL,NULL,92,NULL,NULL,23,'#23 Nhân viên Hành chính - Nhân sự có kinh nghiệm','N','C',NULL,NULL,NULL,'#23 Hành chính - Nhân sự','T','D','Với niềm đam mê sâu sắc đối với nghề Nhân sự cùng với kiến thức và những kinh nghiệm thực tế tôi mong muốn được làm việc ở lĩnh vực Hành chính – Nhân sự trong một môi trường chuyên nghiệp và áp lực cao để có thể phát huy được kiến thức, khả năng và sở trường của mình.',1,1,'Giấy phép ICP của CBC - BTTTT số 314/GP-CBC',NULL,'0854341457','0854341457','user23@careerlink.vn',0,0,0,0,4,3,NULL,NULL,'Nguyễn Thị Hà 23','M','1976-01-26','M','L',0,0,0,NULL,5000000,'N',NULL,NULL,NULL,NULL,2,'Nhân viên Nhân sự',NULL,NULL,0,0,0,'A',0,0,0,'2020-05-06 09:53:14','2020-05-02 09:32:29','2020-05-02 09:52:29',NULL,NULL,NULL,NULL,1,NULL,NULL,NULL,1,1,NULL,NULL,NULL,NULL,NULL,2,NULL,NULL,NULL),(46,46,NULL,5,1,6,4,NULL,NULL,NULL,NULL,NULL,23,'Free-Style #23 Nhân viên Hành chính - Nhân sự có kinh nghiệm','F','C',NULL,NULL,NULL,'#23 Hành chính - Nhân sự','I','A','Với niềm đam mê sâu sắc đối với nghề Nhân sự cùng với kiến thức và những kinh nghiệm thực tế tôi mong muốn được làm việc ở lĩnh vực Hành chính – Nhân sự trong một môi trường chuyên nghiệp và áp lực cao để có thể phát huy được kiến thức, khả năng và sở trường của mình.',1,1,'Giấy phép ICP của CBC - BTTTT số 314/GP-CBC',NULL,'0854341457','0854341457','user23@careerlink.vn',0,0,0,0,4,3,NULL,NULL,'Nguyễn Thị Hà 23','M','1976-01-26','M','L',0,0,0,NULL,5000000,'M',2090557,NULL,'<p>Thong thao cac ky nang ve vi tinh( word, excel, powerpoint, ms access)<br />Can than, sieng nang<br />Chiu duoc ap luc cong viec<br />Co kha nang lam viec doc lap<br />Hoa dong, ham hoc hoi.</p>','-       PG cho chương trình event của hãng Abbort Hoa Kỳ tại các trường mầm non trên địa bàn Thành phố Hồ Chí Minh;\n    -       Tham gia tổ chức, sắp xếp, bài trí vật dụng và công cụ của chương trình;\n    -       Tư vấn chỉ số chiều cao, cân nặng phù hợp với từng độ tuổi của các bé;\n    -       Giới thiệu, và bán sản phẩm;\n    -       Phát quà cho các bé.',2,NULL,'Cong ty TNHH SXP','Dev Team Leader',0,1,1,'A',0,0,0,'2020-05-06 09:53:15','2020-05-02 09:32:29','2020-05-02 09:52:29',NULL,NULL,NULL,NULL,1,NULL,NULL,NULL,1,1,NULL,NULL,NULL,NULL,NULL,2,2,NULL,NULL),(47,47,NULL,5,1,6,4,NULL,NULL,96,NULL,NULL,24,'#24 Nhân viên Hành chính - Nhân sự có kinh nghiệm','N','C',NULL,NULL,NULL,'#24 Hành chính - Nhân sự','D','B','Với niềm đam mê sâu sắc đối với nghề Nhân sự cùng với kiến thức và những kinh nghiệm thực tế tôi mong muốn được làm việc ở lĩnh vực Hành chính – Nhân sự trong một môi trường chuyên nghiệp và áp lực cao để có thể phát huy được kiến thức, khả năng và sở trường của mình.',1,1,'Giấy phép ICP của CBC - BTTTT số 314/GP-CBC',NULL,'0854341457','0854341457','user24@careerlink.vn',0,0,0,0,4,3,NULL,NULL,'Nguyễn Thị Hà 24','F','1992-04-05','M','L',0,0,0,NULL,5000000,'N',NULL,NULL,NULL,NULL,2,'Nhân viên Nhân sự',NULL,NULL,0,0,0,'A',0,0,0,'2020-05-06 09:53:17','2020-05-04 09:32:29','2020-05-04 09:52:29',NULL,NULL,NULL,NULL,1,NULL,NULL,NULL,1,1,NULL,NULL,NULL,NULL,NULL,2,NULL,NULL,NULL),(48,48,NULL,5,1,6,4,NULL,NULL,NULL,NULL,NULL,24,'Free-Style #24 Nhân viên Hành chính - Nhân sự có kinh nghiệm','F','C',NULL,NULL,NULL,'#24 Hành chính - Nhân sự','P','C','Với niềm đam mê sâu sắc đối với nghề Nhân sự cùng với kiến thức và những kinh nghiệm thực tế tôi mong muốn được làm việc ở lĩnh vực Hành chính – Nhân sự trong một môi trường chuyên nghiệp và áp lực cao để có thể phát huy được kiến thức, khả năng và sở trường của mình.',1,1,'Giấy phép ICP của CBC - BTTTT số 314/GP-CBC',NULL,'0854341457','0854341457','user24@careerlink.vn',0,0,0,0,4,3,NULL,NULL,'Nguyễn Thị Hà 24','F','1992-04-05','M','L',0,0,0,NULL,5000000,'N',NULL,NULL,'<p>Thong thao cac ky nang ve vi tinh( word, excel, powerpoint, ms access)<br />Can than, sieng nang<br />Chiu duoc ap luc cong viec<br />Co kha nang lam viec doc lap<br />Hoa dong, ham hoc hoi.</p>','-       PG cho chương trình event của hãng Abbort Hoa Kỳ tại các trường mầm non trên địa bàn Thành phố Hồ Chí Minh;\n    -       Tham gia tổ chức, sắp xếp, bài trí vật dụng và công cụ của chương trình;\n    -       Tư vấn chỉ số chiều cao, cân nặng phù hợp với từng độ tuổi của các bé;\n    -       Giới thiệu, và bán sản phẩm;\n    -       Phát quà cho các bé.',2,NULL,'Cong ty TNHH SXP','Dev Team Leader',0,1,1,'A',0,0,0,'2020-05-06 09:53:18','2020-05-05 09:32:29','2020-05-05 09:52:29',NULL,NULL,NULL,NULL,1,NULL,NULL,NULL,1,1,NULL,NULL,NULL,NULL,NULL,2,NULL,NULL,NULL),(49,49,NULL,5,1,6,4,NULL,NULL,100,NULL,NULL,25,'#25 Nhân viên Hành chính - Nhân sự có kinh nghiệm','N','C',NULL,NULL,NULL,'#25 Hành chính - Nhân sự','S','E','Với niềm đam mê sâu sắc đối với nghề Nhân sự cùng với kiến thức và những kinh nghiệm thực tế tôi mong muốn được làm việc ở lĩnh vực Hành chính – Nhân sự trong một môi trường chuyên nghiệp và áp lực cao để có thể phát huy được kiến thức, khả năng và sở trường của mình.',1,1,'Giấy phép ICP của CBC - BTTTT số 314/GP-CBC',NULL,'0854341457','0854341457','user25@careerlink.vn',0,0,0,0,4,3,NULL,NULL,'Nguyễn Thị Hà 25','F','1962-02-15','S','L',0,0,0,NULL,5000000,'I',3138789,5953801,NULL,NULL,2,'Nhân viên Nhân sự',NULL,NULL,0,0,0,'A',0,0,0,'2020-05-06 09:53:19','2020-05-05 10:26:37','2020-05-05 10:46:37',NULL,NULL,NULL,NULL,1,NULL,NULL,NULL,1,1,NULL,NULL,NULL,NULL,NULL,2,2,2,NULL),(50,50,NULL,5,1,6,4,NULL,NULL,NULL,NULL,NULL,25,'Free-Style #25 Nhân viên Hành chính - Nhân sự có kinh nghiệm','F','C',NULL,NULL,NULL,'#25 Hành chính - Nhân sự','M','D','Với niềm đam mê sâu sắc đối với nghề Nhân sự cùng với kiến thức và những kinh nghiệm thực tế tôi mong muốn được làm việc ở lĩnh vực Hành chính – Nhân sự trong một môi trường chuyên nghiệp và áp lực cao để có thể phát huy được kiến thức, khả năng và sở trường của mình.',1,1,'Giấy phép ICP của CBC - BTTTT số 314/GP-CBC',NULL,'0854341457','0854341457','user25@careerlink.vn',0,0,0,0,4,3,NULL,NULL,'Nguyễn Thị Hà 25','F','1962-02-15','S','L',0,0,0,NULL,5000000,'M',3636430,NULL,'<p>Thong thao cac ky nang ve vi tinh( word, excel, powerpoint, ms access)<br />Can than, sieng nang<br />Chiu duoc ap luc cong viec<br />Co kha nang lam viec doc lap<br />Hoa dong, ham hoc hoi.</p>','-       PG cho chương trình event của hãng Abbort Hoa Kỳ tại các trường mầm non trên địa bàn Thành phố Hồ Chí Minh;\n    -       Tham gia tổ chức, sắp xếp, bài trí vật dụng và công cụ của chương trình;\n    -       Tư vấn chỉ số chiều cao, cân nặng phù hợp với từng độ tuổi của các bé;\n    -       Giới thiệu, và bán sản phẩm;\n    -       Phát quà cho các bé.',2,NULL,'Cong ty TNHH SXP','Dev Team Leader',0,1,1,'A',0,0,0,'2020-05-06 09:53:20','2020-05-05 10:40:00','2020-05-05 11:00:00',NULL,NULL,NULL,NULL,1,NULL,NULL,NULL,1,1,NULL,NULL,NULL,NULL,NULL,2,2,NULL,NULL),(51,51,NULL,5,1,6,4,NULL,NULL,104,NULL,NULL,26,'#26 Nhân viên Hành chính - Nhân sự có kinh nghiệm','N','C',NULL,NULL,NULL,'#26 Hành chính - Nhân sự','L','F','Với niềm đam mê sâu sắc đối với nghề Nhân sự cùng với kiến thức và những kinh nghiệm thực tế tôi mong muốn được làm việc ở lĩnh vực Hành chính – Nhân sự trong một môi trường chuyên nghiệp và áp lực cao để có thể phát huy được kiến thức, khả năng và sở trường của mình.',1,1,'Giấy phép ICP của CBC - BTTTT số 314/GP-CBC',NULL,'0854341457','0854341457','user26@careerlink.vn',0,0,0,0,4,3,NULL,NULL,'Nguyễn Thị Hà 26','M','1988-04-07','S','L',0,0,0,NULL,5000000,'M',4955820,NULL,NULL,NULL,2,'Nhân viên Nhân sự',NULL,NULL,0,0,0,'A',0,0,0,'2020-05-06 09:53:22','2020-05-05 11:13:39','2020-05-05 11:33:39',NULL,NULL,NULL,NULL,1,NULL,NULL,NULL,1,1,NULL,NULL,NULL,NULL,NULL,2,2,NULL,NULL),(52,52,NULL,5,1,6,4,NULL,NULL,NULL,NULL,NULL,26,'Free-Style #26 Nhân viên Hành chính - Nhân sự có kinh nghiệm','F','C',NULL,NULL,NULL,'#26 Hành chính - Nhân sự','T','F','Với niềm đam mê sâu sắc đối với nghề Nhân sự cùng với kiến thức và những kinh nghiệm thực tế tôi mong muốn được làm việc ở lĩnh vực Hành chính – Nhân sự trong một môi trường chuyên nghiệp và áp lực cao để có thể phát huy được kiến thức, khả năng và sở trường của mình.',1,1,'Giấy phép ICP của CBC - BTTTT số 314/GP-CBC',NULL,'0854341457','0854341457','user26@careerlink.vn',0,0,0,0,4,3,NULL,NULL,'Nguyễn Thị Hà 26','M','1988-04-07','S','L',0,0,0,NULL,5000000,'M',5732107,NULL,'<p>Thong thao cac ky nang ve vi tinh( word, excel, powerpoint, ms access)<br />Can than, sieng nang<br />Chiu duoc ap luc cong viec<br />Co kha nang lam viec doc lap<br />Hoa dong, ham hoc hoi.</p>','-       PG cho chương trình event của hãng Abbort Hoa Kỳ tại các trường mầm non trên địa bàn Thành phố Hồ Chí Minh;\n    -       Tham gia tổ chức, sắp xếp, bài trí vật dụng và công cụ của chương trình;\n    -       Tư vấn chỉ số chiều cao, cân nặng phù hợp với từng độ tuổi của các bé;\n    -       Giới thiệu, và bán sản phẩm;\n    -       Phát quà cho các bé.',2,NULL,'Cong ty TNHH SXP','Dev Team Leader',0,1,1,'A',0,0,0,'2020-05-06 09:53:23','2020-05-05 12:08:23','2020-05-05 12:28:23',NULL,NULL,NULL,NULL,1,NULL,NULL,NULL,1,1,NULL,NULL,NULL,NULL,NULL,2,2,NULL,NULL),(53,53,NULL,5,1,6,4,NULL,NULL,108,NULL,NULL,27,'#27 Nhân viên Hành chính - Nhân sự có kinh nghiệm','N','C',NULL,NULL,NULL,'#27 Hành chính - Nhân sự','M','B','Với niềm đam mê sâu sắc đối với nghề Nhân sự cùng với kiến thức và những kinh nghiệm thực tế tôi mong muốn được làm việc ở lĩnh vực Hành chính – Nhân sự trong một môi trường chuyên nghiệp và áp lực cao để có thể phát huy được kiến thức, khả năng và sở trường của mình.',1,1,'Giấy phép ICP của CBC - BTTTT số 314/GP-CBC',NULL,'0854341457','0854341457','user27@careerlink.vn',0,0,0,0,4,3,NULL,NULL,'Nguyễn Thị Hà 27','F','1954-12-14','M','L',0,0,0,NULL,5000000,'M',2330598,NULL,NULL,NULL,2,'Nhân viên Nhân sự',NULL,NULL,0,0,0,'A',0,0,0,'2020-05-06 09:53:24','2020-05-05 12:17:18','2020-05-05 12:37:18',NULL,NULL,NULL,NULL,1,NULL,NULL,NULL,1,1,NULL,NULL,NULL,NULL,NULL,2,2,NULL,NULL),(54,54,NULL,5,1,6,4,NULL,NULL,NULL,NULL,NULL,27,'Free-Style #27 Nhân viên Hành chính - Nhân sự có kinh nghiệm','F','C',NULL,NULL,NULL,'#27 Hành chính - Nhân sự','D','B','Với niềm đam mê sâu sắc đối với nghề Nhân sự cùng với kiến thức và những kinh nghiệm thực tế tôi mong muốn được làm việc ở lĩnh vực Hành chính – Nhân sự trong một môi trường chuyên nghiệp và áp lực cao để có thể phát huy được kiến thức, khả năng và sở trường của mình.',1,1,'Giấy phép ICP của CBC - BTTTT số 314/GP-CBC',NULL,'0854341457','0854341457','user27@careerlink.vn',0,0,0,0,4,3,NULL,NULL,'Nguyễn Thị Hà 27','F','1954-12-14','M','L',0,0,0,NULL,5000000,'M',3302140,NULL,'<p>Thong thao cac ky nang ve vi tinh( word, excel, powerpoint, ms access)<br />Can than, sieng nang<br />Chiu duoc ap luc cong viec<br />Co kha nang lam viec doc lap<br />Hoa dong, ham hoc hoi.</p>','-       PG cho chương trình event của hãng Abbort Hoa Kỳ tại các trường mầm non trên địa bàn Thành phố Hồ Chí Minh;\n    -       Tham gia tổ chức, sắp xếp, bài trí vật dụng và công cụ của chương trình;\n    -       Tư vấn chỉ số chiều cao, cân nặng phù hợp với từng độ tuổi của các bé;\n    -       Giới thiệu, và bán sản phẩm;\n    -       Phát quà cho các bé.',2,NULL,'Cong ty TNHH SXP','Dev Team Leader',0,1,1,'A',0,0,0,'2020-05-06 09:53:26','2020-05-05 12:48:11','2020-05-05 13:08:11',NULL,NULL,NULL,NULL,1,NULL,NULL,NULL,1,1,NULL,NULL,NULL,NULL,NULL,2,2,NULL,NULL),(55,55,NULL,5,1,6,4,NULL,NULL,112,NULL,NULL,28,'#28 Nhân viên Hành chính - Nhân sự có kinh nghiệm','N','C',NULL,NULL,NULL,'#28 Hành chính - Nhân sự','E','C','Với niềm đam mê sâu sắc đối với nghề Nhân sự cùng với kiến thức và những kinh nghiệm thực tế tôi mong muốn được làm việc ở lĩnh vực Hành chính – Nhân sự trong một môi trường chuyên nghiệp và áp lực cao để có thể phát huy được kiến thức, khả năng và sở trường của mình.',1,1,'Giấy phép ICP của CBC - BTTTT số 314/GP-CBC',NULL,'0854341457','0854341457','user28@careerlink.vn',0,0,0,0,4,3,NULL,NULL,'Nguyễn Thị Hà 28','F','1977-01-28','S','L',0,0,0,NULL,5000000,'M',2633506,NULL,NULL,NULL,2,'Nhân viên Nhân sự',NULL,NULL,0,0,0,'A',0,0,0,'2020-05-06 09:53:27','2020-05-05 13:19:28','2020-05-05 13:39:28',NULL,NULL,NULL,NULL,1,NULL,NULL,NULL,1,1,NULL,NULL,NULL,NULL,NULL,2,2,NULL,NULL),(56,56,NULL,5,1,6,4,NULL,NULL,NULL,NULL,NULL,28,'Free-Style #28 Nhân viên Hành chính - Nhân sự có kinh nghiệm','F','C',NULL,NULL,NULL,'#28 Hành chính - Nhân sự','N','C','Với niềm đam mê sâu sắc đối với nghề Nhân sự cùng với kiến thức và những kinh nghiệm thực tế tôi mong muốn được làm việc ở lĩnh vực Hành chính – Nhân sự trong một môi trường chuyên nghiệp và áp lực cao để có thể phát huy được kiến thức, khả năng và sở trường của mình.',1,1,'Giấy phép ICP của CBC - BTTTT số 314/GP-CBC',NULL,'0854341457','0854341457','user28@careerlink.vn',0,0,0,0,4,3,NULL,NULL,'Nguyễn Thị Hà 28','F','1977-01-28','S','L',0,0,0,NULL,5000000,'I',3349693,4679428,'<p>Thong thao cac ky nang ve vi tinh( word, excel, powerpoint, ms access)<br />Can than, sieng nang<br />Chiu duoc ap luc cong viec<br />Co kha nang lam viec doc lap<br />Hoa dong, ham hoc hoi.</p>','-       PG cho chương trình event của hãng Abbort Hoa Kỳ tại các trường mầm non trên địa bàn Thành phố Hồ Chí Minh;\n    -       Tham gia tổ chức, sắp xếp, bài trí vật dụng và công cụ của chương trình;\n    -       Tư vấn chỉ số chiều cao, cân nặng phù hợp với từng độ tuổi của các bé;\n    -       Giới thiệu, và bán sản phẩm;\n    -       Phát quà cho các bé.',2,NULL,'Cong ty TNHH SXP','Dev Team Leader',0,1,1,'A',0,0,0,'2020-05-06 09:53:28','2020-05-05 13:43:07','2020-05-05 14:03:07',NULL,NULL,NULL,NULL,1,NULL,NULL,NULL,1,1,NULL,NULL,NULL,NULL,NULL,2,2,2,NULL),(57,57,NULL,5,1,6,4,NULL,NULL,116,NULL,NULL,29,'#29 Nhân viên Hành chính - Nhân sự có kinh nghiệm','N','C',NULL,NULL,NULL,'#29 Hành chính - Nhân sự','D','C','Với niềm đam mê sâu sắc đối với nghề Nhân sự cùng với kiến thức và những kinh nghiệm thực tế tôi mong muốn được làm việc ở lĩnh vực Hành chính – Nhân sự trong một môi trường chuyên nghiệp và áp lực cao để có thể phát huy được kiến thức, khả năng và sở trường của mình.',1,1,'Giấy phép ICP của CBC - BTTTT số 314/GP-CBC',NULL,'0854341457','0854341457','user29@careerlink.vn',0,0,0,0,4,3,NULL,NULL,'Nguyễn Thị Hà 29','M','1990-07-15','S','L',0,0,0,NULL,5000000,'N',NULL,NULL,NULL,NULL,2,'Nhân viên Nhân sự',NULL,NULL,0,0,0,'A',0,0,0,'2020-05-06 09:53:29','2020-05-05 13:57:38','2020-05-05 14:17:38',NULL,NULL,NULL,NULL,1,NULL,NULL,NULL,1,1,NULL,NULL,NULL,NULL,NULL,2,NULL,NULL,NULL),(58,58,NULL,5,1,6,4,NULL,NULL,NULL,NULL,NULL,29,'Free-Style #29 Nhân viên Hành chính - Nhân sự có kinh nghiệm','F','C',NULL,NULL,NULL,'#29 Hành chính - Nhân sự','N','E','Với niềm đam mê sâu sắc đối với nghề Nhân sự cùng với kiến thức và những kinh nghiệm thực tế tôi mong muốn được làm việc ở lĩnh vực Hành chính – Nhân sự trong một môi trường chuyên nghiệp và áp lực cao để có thể phát huy được kiến thức, khả năng và sở trường của mình.',1,1,'Giấy phép ICP của CBC - BTTTT số 314/GP-CBC',NULL,'0854341457','0854341457','user29@careerlink.vn',0,0,0,0,4,3,NULL,NULL,'Nguyễn Thị Hà 29','M','1990-07-15','S','L',0,0,0,NULL,5000000,'N',NULL,NULL,'<p>Thong thao cac ky nang ve vi tinh( word, excel, powerpoint, ms access)<br />Can than, sieng nang<br />Chiu duoc ap luc cong viec<br />Co kha nang lam viec doc lap<br />Hoa dong, ham hoc hoi.</p>','-       PG cho chương trình event của hãng Abbort Hoa Kỳ tại các trường mầm non trên địa bàn Thành phố Hồ Chí Minh;\n    -       Tham gia tổ chức, sắp xếp, bài trí vật dụng và công cụ của chương trình;\n    -       Tư vấn chỉ số chiều cao, cân nặng phù hợp với từng độ tuổi của các bé;\n    -       Giới thiệu, và bán sản phẩm;\n    -       Phát quà cho các bé.',2,NULL,'Cong ty TNHH SXP','Dev Team Leader',0,1,1,'A',0,0,0,'2020-05-06 09:53:31','2020-05-05 14:03:47','2020-05-05 14:23:47',NULL,NULL,NULL,NULL,1,NULL,NULL,NULL,1,1,NULL,NULL,NULL,NULL,NULL,2,NULL,NULL,NULL),(59,59,NULL,5,1,6,4,NULL,NULL,120,NULL,NULL,30,'#30 Nhân viên Hành chính - Nhân sự có kinh nghiệm','N','C',NULL,NULL,NULL,'#30 Hành chính - Nhân sự','S','F','Với niềm đam mê sâu sắc đối với nghề Nhân sự cùng với kiến thức và những kinh nghiệm thực tế tôi mong muốn được làm việc ở lĩnh vực Hành chính – Nhân sự trong một môi trường chuyên nghiệp và áp lực cao để có thể phát huy được kiến thức, khả năng và sở trường của mình.',1,1,'Giấy phép ICP của CBC - BTTTT số 314/GP-CBC',NULL,'0854341457','0854341457','user30@careerlink.vn',0,0,0,0,4,3,NULL,NULL,'Nguyễn Thị Hà 30','M','1973-01-23','M','L',0,0,0,NULL,5000000,'N',NULL,NULL,NULL,NULL,2,'Nhân viên Nhân sự',NULL,NULL,0,0,0,'A',0,0,0,'2020-05-06 09:53:32','2020-05-05 14:37:09','2020-05-05 14:57:09',NULL,NULL,NULL,NULL,1,NULL,NULL,NULL,1,1,NULL,NULL,NULL,NULL,NULL,2,NULL,NULL,NULL),(60,60,NULL,5,1,6,4,NULL,NULL,NULL,NULL,NULL,30,'Free-Style #30 Nhân viên Hành chính - Nhân sự có kinh nghiệm','F','C',NULL,NULL,NULL,'#30 Hành chính - Nhân sự','L','E','Với niềm đam mê sâu sắc đối với nghề Nhân sự cùng với kiến thức và những kinh nghiệm thực tế tôi mong muốn được làm việc ở lĩnh vực Hành chính – Nhân sự trong một môi trường chuyên nghiệp và áp lực cao để có thể phát huy được kiến thức, khả năng và sở trường của mình.',1,1,'Giấy phép ICP của CBC - BTTTT số 314/GP-CBC',NULL,'0854341457','0854341457','user30@careerlink.vn',0,0,0,0,4,3,NULL,NULL,'Nguyễn Thị Hà 30','M','1973-01-23','M','L',0,0,0,NULL,5000000,'I',4396162,5155851,'<p>Thong thao cac ky nang ve vi tinh( word, excel, powerpoint, ms access)<br />Can than, sieng nang<br />Chiu duoc ap luc cong viec<br />Co kha nang lam viec doc lap<br />Hoa dong, ham hoc hoi.</p>','-       PG cho chương trình event của hãng Abbort Hoa Kỳ tại các trường mầm non trên địa bàn Thành phố Hồ Chí Minh;\n    -       Tham gia tổ chức, sắp xếp, bài trí vật dụng và công cụ của chương trình;\n    -       Tư vấn chỉ số chiều cao, cân nặng phù hợp với từng độ tuổi của các bé;\n    -       Giới thiệu, và bán sản phẩm;\n    -       Phát quà cho các bé.',2,NULL,'Cong ty TNHH SXP','Dev Team Leader',0,1,1,'A',0,0,0,'2020-05-06 09:53:34','2020-05-05 14:38:06','2020-05-05 14:58:06',NULL,NULL,NULL,NULL,1,NULL,NULL,NULL,1,1,NULL,NULL,NULL,NULL,NULL,2,2,2,NULL),(61,61,NULL,5,1,6,4,NULL,NULL,124,NULL,NULL,31,'#31 Nhân viên Hành chính - Nhân sự có kinh nghiệm','N','C',NULL,NULL,NULL,'#31 Hành chính - Nhân sự','N','F','Với niềm đam mê sâu sắc đối với nghề Nhân sự cùng với kiến thức và những kinh nghiệm thực tế tôi mong muốn được làm việc ở lĩnh vực Hành chính – Nhân sự trong một môi trường chuyên nghiệp và áp lực cao để có thể phát huy được kiến thức, khả năng và sở trường của mình.',1,1,'Giấy phép ICP của CBC - BTTTT số 314/GP-CBC',NULL,'0854341457','0854341457','user31@careerlink.vn',0,0,0,0,4,3,NULL,NULL,'Nguyễn Thị Hà 31','F','1988-03-14','M','L',0,0,0,NULL,5000000,'I',2918745,4295040,NULL,NULL,2,'Nhân viên Nhân sự',NULL,NULL,0,1,1,'A',0,0,0,'2020-05-06 09:53:35','2020-05-05 14:38:57','2020-05-05 14:58:57',NULL,NULL,NULL,NULL,1,NULL,NULL,NULL,1,1,NULL,NULL,NULL,NULL,NULL,2,2,2,NULL),(62,62,NULL,5,1,6,4,NULL,NULL,NULL,NULL,NULL,31,'Free-Style #31 Nhân viên Hành chính - Nhân sự có kinh nghiệm','F','C',NULL,NULL,NULL,'#31 Hành chính - Nhân sự','S','E','Với niềm đam mê sâu sắc đối với nghề Nhân sự cùng với kiến thức và những kinh nghiệm thực tế tôi mong muốn được làm việc ở lĩnh vực Hành chính – Nhân sự trong một môi trường chuyên nghiệp và áp lực cao để có thể phát huy được kiến thức, khả năng và sở trường của mình.',1,1,'Giấy phép ICP của CBC - BTTTT số 314/GP-CBC',NULL,'0854341457','0854341457','user31@careerlink.vn',0,0,0,0,4,3,NULL,NULL,'Nguyễn Thị Hà 31','F','1988-03-14','M','L',0,0,0,NULL,5000000,'N',NULL,NULL,'<p>Thong thao cac ky nang ve vi tinh( word, excel, powerpoint, ms access)<br />Can than, sieng nang<br />Chiu duoc ap luc cong viec<br />Co kha nang lam viec doc lap<br />Hoa dong, ham hoc hoi.</p>','-       PG cho chương trình event của hãng Abbort Hoa Kỳ tại các trường mầm non trên địa bàn Thành phố Hồ Chí Minh;\n    -       Tham gia tổ chức, sắp xếp, bài trí vật dụng và công cụ của chương trình;\n    -       Tư vấn chỉ số chiều cao, cân nặng phù hợp với từng độ tuổi của các bé;\n    -       Giới thiệu, và bán sản phẩm;\n    -       Phát quà cho các bé.',2,NULL,'Cong ty TNHH SXP','Dev Team Leader',0,0,0,'A',0,0,0,'2020-05-06 09:53:36','2020-05-05 14:56:00','2020-05-05 15:16:00',NULL,NULL,NULL,NULL,1,NULL,NULL,NULL,1,1,NULL,NULL,NULL,NULL,NULL,2,NULL,NULL,NULL),(63,63,NULL,5,1,6,4,NULL,NULL,128,NULL,NULL,32,'#32 Nhân viên Hành chính - Nhân sự có kinh nghiệm','N','C',NULL,NULL,NULL,'#32 Hành chính - Nhân sự','P','A','Với niềm đam mê sâu sắc đối với nghề Nhân sự cùng với kiến thức và những kinh nghiệm thực tế tôi mong muốn được làm việc ở lĩnh vực Hành chính – Nhân sự trong một môi trường chuyên nghiệp và áp lực cao để có thể phát huy được kiến thức, khả năng và sở trường của mình.',1,1,'Giấy phép ICP của CBC - BTTTT số 314/GP-CBC',NULL,'0854341457','0854341457','user32@careerlink.vn',0,0,0,0,4,3,NULL,NULL,'Nguyễn Thị Hà 32','M','1977-09-07','M','L',0,0,0,NULL,5000000,'M',2261036,NULL,NULL,NULL,2,'Nhân viên Nhân sự',NULL,NULL,0,0,0,'A',0,0,0,'2020-05-06 09:53:38','2020-05-05 15:23:36','2020-05-05 15:43:36',NULL,NULL,NULL,NULL,1,NULL,NULL,NULL,1,1,NULL,NULL,NULL,NULL,NULL,2,2,NULL,NULL),(64,64,NULL,5,1,6,4,NULL,NULL,NULL,NULL,NULL,32,'Free-Style #32 Nhân viên Hành chính - Nhân sự có kinh nghiệm','F','C',NULL,NULL,NULL,'#32 Hành chính - Nhân sự','D','C','Với niềm đam mê sâu sắc đối với nghề Nhân sự cùng với kiến thức và những kinh nghiệm thực tế tôi mong muốn được làm việc ở lĩnh vực Hành chính – Nhân sự trong một môi trường chuyên nghiệp và áp lực cao để có thể phát huy được kiến thức, khả năng và sở trường của mình.',1,1,'Giấy phép ICP của CBC - BTTTT số 314/GP-CBC',NULL,'0854341457','0854341457','user32@careerlink.vn',0,0,0,0,4,3,NULL,NULL,'Nguyễn Thị Hà 32','M','1977-09-07','M','L',0,0,0,NULL,5000000,'N',NULL,NULL,'<p>Thong thao cac ky nang ve vi tinh( word, excel, powerpoint, ms access)<br />Can than, sieng nang<br />Chiu duoc ap luc cong viec<br />Co kha nang lam viec doc lap<br />Hoa dong, ham hoc hoi.</p>','-       PG cho chương trình event của hãng Abbort Hoa Kỳ tại các trường mầm non trên địa bàn Thành phố Hồ Chí Minh;\n    -       Tham gia tổ chức, sắp xếp, bài trí vật dụng và công cụ của chương trình;\n    -       Tư vấn chỉ số chiều cao, cân nặng phù hợp với từng độ tuổi của các bé;\n    -       Giới thiệu, và bán sản phẩm;\n    -       Phát quà cho các bé.',2,NULL,'Cong ty TNHH SXP','Dev Team Leader',0,1,1,'A',0,0,0,'2020-05-06 09:53:39','2020-05-05 15:37:54','2020-05-05 15:57:54',NULL,NULL,NULL,NULL,1,NULL,NULL,NULL,1,1,NULL,NULL,NULL,NULL,NULL,2,NULL,NULL,NULL),(65,65,NULL,5,1,6,4,NULL,NULL,132,NULL,NULL,33,'#33 Nhân viên Hành chính - Nhân sự có kinh nghiệm','N','C',NULL,NULL,NULL,'#33 Hành chính - Nhân sự','P','D','Với niềm đam mê sâu sắc đối với nghề Nhân sự cùng với kiến thức và những kinh nghiệm thực tế tôi mong muốn được làm việc ở lĩnh vực Hành chính – Nhân sự trong một môi trường chuyên nghiệp và áp lực cao để có thể phát huy được kiến thức, khả năng và sở trường của mình.',1,1,'Giấy phép ICP của CBC - BTTTT số 314/GP-CBC',NULL,'0854341457','0854341457','user33@careerlink.vn',0,0,0,0,4,3,NULL,NULL,'Nguyễn Thị Hà 33','M','1959-10-13','M','L',0,0,0,NULL,5000000,'M',4684853,NULL,NULL,NULL,2,'Nhân viên Nhân sự',NULL,NULL,0,0,0,'A',0,0,0,'2020-05-06 09:53:41','2020-05-05 15:46:47','2020-05-05 16:06:47',NULL,NULL,NULL,NULL,1,NULL,NULL,NULL,1,1,NULL,NULL,NULL,NULL,NULL,2,2,NULL,NULL),(66,66,NULL,5,1,6,4,NULL,NULL,NULL,NULL,NULL,33,'Free-Style #33 Nhân viên Hành chính - Nhân sự có kinh nghiệm','F','C',NULL,NULL,NULL,'#33 Hành chính - Nhân sự','E','F','Với niềm đam mê sâu sắc đối với nghề Nhân sự cùng với kiến thức và những kinh nghiệm thực tế tôi mong muốn được làm việc ở lĩnh vực Hành chính – Nhân sự trong một môi trường chuyên nghiệp và áp lực cao để có thể phát huy được kiến thức, khả năng và sở trường của mình.',1,1,'Giấy phép ICP của CBC - BTTTT số 314/GP-CBC',NULL,'0854341457','0854341457','user33@careerlink.vn',0,0,0,0,4,3,NULL,NULL,'Nguyễn Thị Hà 33','M','1959-10-13','M','L',0,0,0,NULL,5000000,'M',1380154,NULL,'<p>Thong thao cac ky nang ve vi tinh( word, excel, powerpoint, ms access)<br />Can than, sieng nang<br />Chiu duoc ap luc cong viec<br />Co kha nang lam viec doc lap<br />Hoa dong, ham hoc hoi.</p>','-       PG cho chương trình event của hãng Abbort Hoa Kỳ tại các trường mầm non trên địa bàn Thành phố Hồ Chí Minh;\n    -       Tham gia tổ chức, sắp xếp, bài trí vật dụng và công cụ của chương trình;\n    -       Tư vấn chỉ số chiều cao, cân nặng phù hợp với từng độ tuổi của các bé;\n    -       Giới thiệu, và bán sản phẩm;\n    -       Phát quà cho các bé.',2,NULL,'Cong ty TNHH SXP','Dev Team Leader',0,1,1,'A',0,0,0,'2020-05-06 09:53:42','2020-05-05 15:55:53','2020-05-05 16:15:53',NULL,NULL,NULL,NULL,1,NULL,NULL,NULL,1,1,NULL,NULL,NULL,NULL,NULL,2,2,NULL,NULL),(67,67,NULL,5,1,6,4,NULL,NULL,136,NULL,NULL,34,'#34 Nhân viên Hành chính - Nhân sự có kinh nghiệm','N','C',NULL,NULL,NULL,'#34 Hành chính - Nhân sự','P','B','Với niềm đam mê sâu sắc đối với nghề Nhân sự cùng với kiến thức và những kinh nghiệm thực tế tôi mong muốn được làm việc ở lĩnh vực Hành chính – Nhân sự trong một môi trường chuyên nghiệp và áp lực cao để có thể phát huy được kiến thức, khả năng và sở trường của mình.',1,1,'Giấy phép ICP của CBC - BTTTT số 314/GP-CBC',NULL,'0854341457','0854341457','user34@careerlink.vn',0,0,0,0,4,3,NULL,NULL,'Nguyễn Thị Hà 34','M','1966-02-03','S','L',0,0,0,NULL,5000000,'M',1567800,NULL,NULL,NULL,2,'Nhân viên Nhân sự',NULL,NULL,0,0,0,'A',0,0,0,'2020-05-06 09:53:43','2020-05-05 15:56:36','2020-05-05 16:16:36',NULL,NULL,NULL,NULL,1,NULL,NULL,NULL,1,1,NULL,NULL,NULL,NULL,NULL,2,2,NULL,NULL),(68,68,NULL,5,1,6,4,NULL,NULL,NULL,NULL,NULL,34,'Free-Style #34 Nhân viên Hành chính - Nhân sự có kinh nghiệm','F','C',NULL,NULL,NULL,'#34 Hành chính - Nhân sự','M','E','Với niềm đam mê sâu sắc đối với nghề Nhân sự cùng với kiến thức và những kinh nghiệm thực tế tôi mong muốn được làm việc ở lĩnh vực Hành chính – Nhân sự trong một môi trường chuyên nghiệp và áp lực cao để có thể phát huy được kiến thức, khả năng và sở trường của mình.',1,1,'Giấy phép ICP của CBC - BTTTT số 314/GP-CBC',NULL,'0854341457','0854341457','user34@careerlink.vn',0,0,0,0,4,3,NULL,NULL,'Nguyễn Thị Hà 34','M','1966-02-03','S','L',0,0,0,NULL,5000000,'I',3656060,8724386,'<p>Thong thao cac ky nang ve vi tinh( word, excel, powerpoint, ms access)<br />Can than, sieng nang<br />Chiu duoc ap luc cong viec<br />Co kha nang lam viec doc lap<br />Hoa dong, ham hoc hoi.</p>','-       PG cho chương trình event của hãng Abbort Hoa Kỳ tại các trường mầm non trên địa bàn Thành phố Hồ Chí Minh;\n    -       Tham gia tổ chức, sắp xếp, bài trí vật dụng và công cụ của chương trình;\n    -       Tư vấn chỉ số chiều cao, cân nặng phù hợp với từng độ tuổi của các bé;\n    -       Giới thiệu, và bán sản phẩm;\n    -       Phát quà cho các bé.',2,NULL,'Cong ty TNHH SXP','Dev Team Leader',0,1,1,'A',0,0,0,'2020-05-06 09:53:44','2020-05-05 16:06:13','2020-05-05 16:26:13',NULL,NULL,NULL,NULL,1,NULL,NULL,NULL,1,1,NULL,NULL,NULL,NULL,NULL,2,2,2,NULL),(69,69,NULL,5,1,6,4,NULL,NULL,140,NULL,NULL,35,'#35 Nhân viên Hành chính - Nhân sự có kinh nghiệm','N','C',NULL,NULL,NULL,'#35 Hành chính - Nhân sự','E','F','Với niềm đam mê sâu sắc đối với nghề Nhân sự cùng với kiến thức và những kinh nghiệm thực tế tôi mong muốn được làm việc ở lĩnh vực Hành chính – Nhân sự trong một môi trường chuyên nghiệp và áp lực cao để có thể phát huy được kiến thức, khả năng và sở trường của mình.',1,1,'Giấy phép ICP của CBC - BTTTT số 314/GP-CBC',NULL,'0854341457','0854341457','user35@careerlink.vn',0,0,0,0,4,3,NULL,NULL,'Nguyễn Thị Hà 35','M','1967-12-27','S','L',0,0,0,NULL,5000000,'N',NULL,NULL,NULL,NULL,2,'Nhân viên Nhân sự',NULL,NULL,0,0,0,'A',0,0,0,'2020-05-06 09:53:45','2020-05-05 16:07:37','2020-05-05 16:27:37',NULL,NULL,NULL,NULL,1,NULL,NULL,NULL,1,1,NULL,NULL,NULL,NULL,NULL,2,NULL,NULL,NULL),(70,70,NULL,5,1,6,4,NULL,NULL,NULL,NULL,NULL,35,'Free-Style #35 Nhân viên Hành chính - Nhân sự có kinh nghiệm','F','C',NULL,NULL,NULL,'#35 Hành chính - Nhân sự','S','F','Với niềm đam mê sâu sắc đối với nghề Nhân sự cùng với kiến thức và những kinh nghiệm thực tế tôi mong muốn được làm việc ở lĩnh vực Hành chính – Nhân sự trong một môi trường chuyên nghiệp và áp lực cao để có thể phát huy được kiến thức, khả năng và sở trường của mình.',1,1,'Giấy phép ICP của CBC - BTTTT số 314/GP-CBC',NULL,'0854341457','0854341457','user35@careerlink.vn',0,0,0,0,4,3,NULL,NULL,'Nguyễn Thị Hà 35','M','1967-12-27','S','L',0,0,0,NULL,5000000,'M',1795655,NULL,'<p>Thong thao cac ky nang ve vi tinh( word, excel, powerpoint, ms access)<br />Can than, sieng nang<br />Chiu duoc ap luc cong viec<br />Co kha nang lam viec doc lap<br />Hoa dong, ham hoc hoi.</p>','-       PG cho chương trình event của hãng Abbort Hoa Kỳ tại các trường mầm non trên địa bàn Thành phố Hồ Chí Minh;\n    -       Tham gia tổ chức, sắp xếp, bài trí vật dụng và công cụ của chương trình;\n    -       Tư vấn chỉ số chiều cao, cân nặng phù hợp với từng độ tuổi của các bé;\n    -       Giới thiệu, và bán sản phẩm;\n    -       Phát quà cho các bé.',2,NULL,'Cong ty TNHH SXP','Dev Team Leader',0,1,1,'A',0,0,0,'2020-05-06 09:53:47','2020-05-05 16:46:21','2020-05-05 17:06:21',NULL,NULL,NULL,NULL,1,NULL,NULL,NULL,1,1,NULL,NULL,NULL,NULL,NULL,2,2,NULL,NULL),(71,71,NULL,5,1,6,4,NULL,NULL,144,NULL,NULL,36,'#36 Nhân viên Hành chính - Nhân sự có kinh nghiệm','N','C',NULL,NULL,NULL,'#36 Hành chính - Nhân sự','D','B','Với niềm đam mê sâu sắc đối với nghề Nhân sự cùng với kiến thức và những kinh nghiệm thực tế tôi mong muốn được làm việc ở lĩnh vực Hành chính – Nhân sự trong một môi trường chuyên nghiệp và áp lực cao để có thể phát huy được kiến thức, khả năng và sở trường của mình.',1,1,'Giấy phép ICP của CBC - BTTTT số 314/GP-CBC',NULL,'0854341457','0854341457','user36@careerlink.vn',0,0,0,0,4,3,NULL,NULL,'Nguyễn Thị Hà 36','M','1966-02-10','M','L',0,0,0,NULL,5000000,'M',2124091,NULL,NULL,NULL,2,'Nhân viên Nhân sự',NULL,NULL,0,1,1,'A',0,0,0,'2020-05-06 09:53:48','2020-05-05 16:55:59','2020-05-05 17:15:59',NULL,NULL,NULL,NULL,1,NULL,NULL,NULL,1,1,NULL,NULL,NULL,NULL,NULL,2,2,NULL,NULL),(72,72,NULL,5,1,6,4,NULL,NULL,NULL,NULL,NULL,36,'Free-Style #36 Nhân viên Hành chính - Nhân sự có kinh nghiệm','F','C',NULL,NULL,NULL,'#36 Hành chính - Nhân sự','M','D','Với niềm đam mê sâu sắc đối với nghề Nhân sự cùng với kiến thức và những kinh nghiệm thực tế tôi mong muốn được làm việc ở lĩnh vực Hành chính – Nhân sự trong một môi trường chuyên nghiệp và áp lực cao để có thể phát huy được kiến thức, khả năng và sở trường của mình.',1,1,'Giấy phép ICP của CBC - BTTTT số 314/GP-CBC',NULL,'0854341457','0854341457','user36@careerlink.vn',0,0,0,0,4,3,NULL,NULL,'Nguyễn Thị Hà 36','M','1966-02-10','M','L',0,0,0,NULL,5000000,'N',NULL,NULL,'<p>Thong thao cac ky nang ve vi tinh( word, excel, powerpoint, ms access)<br />Can than, sieng nang<br />Chiu duoc ap luc cong viec<br />Co kha nang lam viec doc lap<br />Hoa dong, ham hoc hoi.</p>','-       PG cho chương trình event của hãng Abbort Hoa Kỳ tại các trường mầm non trên địa bàn Thành phố Hồ Chí Minh;\n    -       Tham gia tổ chức, sắp xếp, bài trí vật dụng và công cụ của chương trình;\n    -       Tư vấn chỉ số chiều cao, cân nặng phù hợp với từng độ tuổi của các bé;\n    -       Giới thiệu, và bán sản phẩm;\n    -       Phát quà cho các bé.',2,NULL,'Cong ty TNHH SXP','Dev Team Leader',0,0,0,'A',0,0,0,'2020-05-06 09:53:49','2020-05-05 18:04:33','2020-05-05 18:24:33',NULL,NULL,NULL,NULL,1,NULL,NULL,NULL,1,1,NULL,NULL,NULL,NULL,NULL,2,NULL,NULL,NULL),(73,73,NULL,5,1,6,4,NULL,NULL,148,NULL,NULL,37,'#37 Nhân viên Hành chính - Nhân sự có kinh nghiệm','N','C',NULL,NULL,NULL,'#37 Hành chính - Nhân sự','T','D','Với niềm đam mê sâu sắc đối với nghề Nhân sự cùng với kiến thức và những kinh nghiệm thực tế tôi mong muốn được làm việc ở lĩnh vực Hành chính – Nhân sự trong một môi trường chuyên nghiệp và áp lực cao để có thể phát huy được kiến thức, khả năng và sở trường của mình.',1,1,'Giấy phép ICP của CBC - BTTTT số 314/GP-CBC',NULL,'0854341457','0854341457','user37@careerlink.vn',0,0,0,0,4,3,NULL,NULL,'Nguyễn Thị Hà 37','F','1966-11-06','M','L',0,0,0,NULL,5000000,'N',NULL,NULL,NULL,NULL,2,'Nhân viên Nhân sự',NULL,NULL,0,0,0,'A',0,0,0,'2020-05-06 09:53:50','2020-05-05 18:49:48','2020-05-05 19:09:48',NULL,NULL,NULL,NULL,1,NULL,NULL,NULL,1,1,NULL,NULL,NULL,NULL,NULL,2,NULL,NULL,NULL),(74,74,NULL,5,1,6,4,NULL,NULL,NULL,NULL,NULL,37,'Free-Style #37 Nhân viên Hành chính - Nhân sự có kinh nghiệm','F','C',NULL,NULL,NULL,'#37 Hành chính - Nhân sự','L','D','Với niềm đam mê sâu sắc đối với nghề Nhân sự cùng với kiến thức và những kinh nghiệm thực tế tôi mong muốn được làm việc ở lĩnh vực Hành chính – Nhân sự trong một môi trường chuyên nghiệp và áp lực cao để có thể phát huy được kiến thức, khả năng và sở trường của mình.',1,1,'Giấy phép ICP của CBC - BTTTT số 314/GP-CBC',NULL,'0854341457','0854341457','user37@careerlink.vn',0,0,0,0,4,3,NULL,NULL,'Nguyễn Thị Hà 37','F','1966-11-06','M','L',0,0,0,NULL,5000000,'M',5537693,NULL,'<p>Thong thao cac ky nang ve vi tinh( word, excel, powerpoint, ms access)<br />Can than, sieng nang<br />Chiu duoc ap luc cong viec<br />Co kha nang lam viec doc lap<br />Hoa dong, ham hoc hoi.</p>','-       PG cho chương trình event của hãng Abbort Hoa Kỳ tại các trường mầm non trên địa bàn Thành phố Hồ Chí Minh;\n    -       Tham gia tổ chức, sắp xếp, bài trí vật dụng và công cụ của chương trình;\n    -       Tư vấn chỉ số chiều cao, cân nặng phù hợp với từng độ tuổi của các bé;\n    -       Giới thiệu, và bán sản phẩm;\n    -       Phát quà cho các bé.',2,NULL,'Cong ty TNHH SXP','Dev Team Leader',0,1,1,'A',0,0,0,'2020-05-06 09:53:51','2020-05-05 19:07:20','2020-05-05 19:27:20',NULL,NULL,NULL,NULL,1,NULL,NULL,NULL,1,1,NULL,NULL,NULL,NULL,NULL,2,2,NULL,NULL),(75,75,NULL,5,1,6,4,NULL,NULL,152,NULL,NULL,38,'#38 Nhân viên Hành chính - Nhân sự có kinh nghiệm','N','C',NULL,NULL,NULL,'#38 Hành chính - Nhân sự','L','F','Với niềm đam mê sâu sắc đối với nghề Nhân sự cùng với kiến thức và những kinh nghiệm thực tế tôi mong muốn được làm việc ở lĩnh vực Hành chính – Nhân sự trong một môi trường chuyên nghiệp và áp lực cao để có thể phát huy được kiến thức, khả năng và sở trường của mình.',1,1,'Giấy phép ICP của CBC - BTTTT số 314/GP-CBC',NULL,'0854341457','0854341457','user38@careerlink.vn',0,0,0,0,4,3,NULL,NULL,'Nguyễn Thị Hà 38','M','1966-07-02','M','L',0,0,0,NULL,5000000,'I',8644214,9971854,NULL,NULL,2,'Nhân viên Nhân sự',NULL,NULL,0,0,0,'A',0,0,0,'2020-05-06 09:53:52','2020-05-05 19:38:53','2020-05-05 19:58:53',NULL,NULL,NULL,NULL,1,NULL,NULL,NULL,1,1,NULL,NULL,NULL,NULL,NULL,2,2,2,NULL),(76,76,NULL,5,1,6,4,NULL,NULL,NULL,NULL,NULL,38,'Free-Style #38 Nhân viên Hành chính - Nhân sự có kinh nghiệm','F','C',NULL,NULL,NULL,'#38 Hành chính - Nhân sự','I','A','Với niềm đam mê sâu sắc đối với nghề Nhân sự cùng với kiến thức và những kinh nghiệm thực tế tôi mong muốn được làm việc ở lĩnh vực Hành chính – Nhân sự trong một môi trường chuyên nghiệp và áp lực cao để có thể phát huy được kiến thức, khả năng và sở trường của mình.',1,1,'Giấy phép ICP của CBC - BTTTT số 314/GP-CBC',NULL,'0854341457','0854341457','user38@careerlink.vn',0,0,0,0,4,3,NULL,NULL,'Nguyễn Thị Hà 38','M','1966-07-02','M','L',0,0,0,NULL,5000000,'I',2137345,8196480,'<p>Thong thao cac ky nang ve vi tinh( word, excel, powerpoint, ms access)<br />Can than, sieng nang<br />Chiu duoc ap luc cong viec<br />Co kha nang lam viec doc lap<br />Hoa dong, ham hoc hoi.</p>','-       PG cho chương trình event của hãng Abbort Hoa Kỳ tại các trường mầm non trên địa bàn Thành phố Hồ Chí Minh;\n    -       Tham gia tổ chức, sắp xếp, bài trí vật dụng và công cụ của chương trình;\n    -       Tư vấn chỉ số chiều cao, cân nặng phù hợp với từng độ tuổi của các bé;\n    -       Giới thiệu, và bán sản phẩm;\n    -       Phát quà cho các bé.',2,NULL,'Cong ty TNHH SXP','Dev Team Leader',0,1,1,'A',0,0,0,'2020-05-06 09:53:53','2020-05-05 19:39:45','2020-05-05 19:59:45',NULL,NULL,NULL,NULL,1,NULL,NULL,NULL,1,1,NULL,NULL,NULL,NULL,NULL,2,2,2,NULL),(77,77,NULL,5,1,6,4,NULL,NULL,156,NULL,NULL,39,'#39 Nhân viên Hành chính - Nhân sự có kinh nghiệm','N','C',NULL,NULL,NULL,'#39 Hành chính - Nhân sự','D','A','Với niềm đam mê sâu sắc đối với nghề Nhân sự cùng với kiến thức và những kinh nghiệm thực tế tôi mong muốn được làm việc ở lĩnh vực Hành chính – Nhân sự trong một môi trường chuyên nghiệp và áp lực cao để có thể phát huy được kiến thức, khả năng và sở trường của mình.',1,1,'Giấy phép ICP của CBC - BTTTT số 314/GP-CBC',NULL,'0854341457','0854341457','user39@careerlink.vn',0,0,0,0,4,3,NULL,NULL,'Nguyễn Thị Hà 39','M','1955-03-11','S','L',0,0,0,NULL,5000000,'M',2405077,NULL,NULL,NULL,2,'Nhân viên Nhân sự',NULL,NULL,0,0,0,'A',0,0,0,'2020-05-06 09:53:54','2020-05-05 21:06:00','2020-05-05 21:26:00',NULL,NULL,NULL,NULL,1,NULL,NULL,NULL,1,1,NULL,NULL,NULL,NULL,NULL,2,2,NULL,NULL),(78,78,NULL,5,1,6,4,NULL,NULL,NULL,NULL,NULL,39,'Free-Style #39 Nhân viên Hành chính - Nhân sự có kinh nghiệm','F','C',NULL,NULL,NULL,'#39 Hành chính - Nhân sự','P','D','Với niềm đam mê sâu sắc đối với nghề Nhân sự cùng với kiến thức và những kinh nghiệm thực tế tôi mong muốn được làm việc ở lĩnh vực Hành chính – Nhân sự trong một môi trường chuyên nghiệp và áp lực cao để có thể phát huy được kiến thức, khả năng và sở trường của mình.',1,1,'Giấy phép ICP của CBC - BTTTT số 314/GP-CBC',NULL,'0854341457','0854341457','user39@careerlink.vn',0,0,0,0,4,3,NULL,NULL,'Nguyễn Thị Hà 39','M','1955-03-11','S','L',0,0,0,NULL,5000000,'N',NULL,NULL,'<p>Thong thao cac ky nang ve vi tinh( word, excel, powerpoint, ms access)<br />Can than, sieng nang<br />Chiu duoc ap luc cong viec<br />Co kha nang lam viec doc lap<br />Hoa dong, ham hoc hoi.</p>','-       PG cho chương trình event của hãng Abbort Hoa Kỳ tại các trường mầm non trên địa bàn Thành phố Hồ Chí Minh;\n    -       Tham gia tổ chức, sắp xếp, bài trí vật dụng và công cụ của chương trình;\n    -       Tư vấn chỉ số chiều cao, cân nặng phù hợp với từng độ tuổi của các bé;\n    -       Giới thiệu, và bán sản phẩm;\n    -       Phát quà cho các bé.',2,NULL,'Cong ty TNHH SXP','Dev Team Leader',0,1,1,'A',0,0,0,'2020-05-06 09:53:56','2020-05-05 21:29:22','2020-05-05 21:49:22',NULL,NULL,NULL,NULL,1,NULL,NULL,NULL,1,1,NULL,NULL,NULL,NULL,NULL,2,NULL,NULL,NULL),(79,79,NULL,5,1,6,4,NULL,NULL,160,NULL,NULL,40,'#40 Nhân viên Hành chính - Nhân sự có kinh nghiệm','N','C',NULL,NULL,NULL,'#40 Hành chính - Nhân sự','E','C','Với niềm đam mê sâu sắc đối với nghề Nhân sự cùng với kiến thức và những kinh nghiệm thực tế tôi mong muốn được làm việc ở lĩnh vực Hành chính – Nhân sự trong một môi trường chuyên nghiệp và áp lực cao để có thể phát huy được kiến thức, khả năng và sở trường của mình.',1,1,'Giấy phép ICP của CBC - BTTTT số 314/GP-CBC',NULL,'0854341457','0854341457','user40@careerlink.vn',0,0,0,0,4,3,NULL,NULL,'Nguyễn Thị Hà 40','F','1980-08-19','M','L',0,0,0,NULL,5000000,'I',4527224,8360561,NULL,NULL,2,'Nhân viên Nhân sự',NULL,NULL,0,0,0,'A',0,0,0,'2020-05-06 09:53:57','2020-05-05 21:51:52','2020-05-05 22:11:52',NULL,NULL,NULL,NULL,1,NULL,NULL,NULL,1,1,NULL,NULL,NULL,NULL,NULL,2,2,2,NULL),(80,80,NULL,5,1,6,4,NULL,NULL,NULL,NULL,NULL,40,'Free-Style #40 Nhân viên Hành chính - Nhân sự có kinh nghiệm','F','C',NULL,NULL,NULL,'#40 Hành chính - Nhân sự','T','F','Với niềm đam mê sâu sắc đối với nghề Nhân sự cùng với kiến thức và những kinh nghiệm thực tế tôi mong muốn được làm việc ở lĩnh vực Hành chính – Nhân sự trong một môi trường chuyên nghiệp và áp lực cao để có thể phát huy được kiến thức, khả năng và sở trường của mình.',1,1,'Giấy phép ICP của CBC - BTTTT số 314/GP-CBC',NULL,'0854341457','0854341457','user40@careerlink.vn',0,0,0,0,4,3,NULL,NULL,'Nguyễn Thị Hà 40','F','1980-08-19','M','L',0,0,0,NULL,5000000,'M',3521183,NULL,'<p>Thong thao cac ky nang ve vi tinh( word, excel, powerpoint, ms access)<br />Can than, sieng nang<br />Chiu duoc ap luc cong viec<br />Co kha nang lam viec doc lap<br />Hoa dong, ham hoc hoi.</p>','-       PG cho chương trình event của hãng Abbort Hoa Kỳ tại các trường mầm non trên địa bàn Thành phố Hồ Chí Minh;\n    -       Tham gia tổ chức, sắp xếp, bài trí vật dụng và công cụ của chương trình;\n    -       Tư vấn chỉ số chiều cao, cân nặng phù hợp với từng độ tuổi của các bé;\n    -       Giới thiệu, và bán sản phẩm;\n    -       Phát quà cho các bé.',2,NULL,'Cong ty TNHH SXP','Dev Team Leader',0,1,1,'A',0,0,0,'2020-05-06 09:53:58','2020-05-05 22:08:59','2020-05-05 22:28:59',NULL,NULL,NULL,NULL,1,NULL,NULL,NULL,1,1,NULL,NULL,NULL,NULL,NULL,2,2,NULL,NULL),(81,81,NULL,5,1,6,4,NULL,NULL,164,NULL,NULL,41,'#41 Nhân viên Hành chính - Nhân sự có kinh nghiệm','N','C',NULL,NULL,NULL,'#41 Hành chính - Nhân sự','M','D','Với niềm đam mê sâu sắc đối với nghề Nhân sự cùng với kiến thức và những kinh nghiệm thực tế tôi mong muốn được làm việc ở lĩnh vực Hành chính – Nhân sự trong một môi trường chuyên nghiệp và áp lực cao để có thể phát huy được kiến thức, khả năng và sở trường của mình.',1,1,'Giấy phép ICP của CBC - BTTTT số 314/GP-CBC',NULL,'0854341457','0854341457','user41@careerlink.vn',0,0,0,0,4,3,NULL,NULL,'Nguyễn Thị Hà 41','F','1959-08-21','S','L',0,0,0,NULL,5000000,'I',1640055,3635056,NULL,NULL,2,'Nhân viên Nhân sự',NULL,NULL,0,0,0,'A',0,0,0,'2020-05-06 09:54:00','2020-05-05 23:17:54','2020-05-05 23:37:54',NULL,NULL,NULL,NULL,1,NULL,NULL,NULL,1,1,NULL,NULL,NULL,NULL,NULL,2,2,2,NULL),(82,82,NULL,5,1,6,4,NULL,NULL,NULL,NULL,NULL,41,'Free-Style #41 Nhân viên Hành chính - Nhân sự có kinh nghiệm','F','C',NULL,NULL,NULL,'#41 Hành chính - Nhân sự','E','B','Với niềm đam mê sâu sắc đối với nghề Nhân sự cùng với kiến thức và những kinh nghiệm thực tế tôi mong muốn được làm việc ở lĩnh vực Hành chính – Nhân sự trong một môi trường chuyên nghiệp và áp lực cao để có thể phát huy được kiến thức, khả năng và sở trường của mình.',1,1,'Giấy phép ICP của CBC - BTTTT số 314/GP-CBC',NULL,'0854341457','0854341457','user41@careerlink.vn',0,0,0,0,4,3,NULL,NULL,'Nguyễn Thị Hà 41','F','1959-08-21','S','L',0,0,0,NULL,5000000,'M',2465722,NULL,'<p>Thong thao cac ky nang ve vi tinh( word, excel, powerpoint, ms access)<br />Can than, sieng nang<br />Chiu duoc ap luc cong viec<br />Co kha nang lam viec doc lap<br />Hoa dong, ham hoc hoi.</p>','-       PG cho chương trình event của hãng Abbort Hoa Kỳ tại các trường mầm non trên địa bàn Thành phố Hồ Chí Minh;\n    -       Tham gia tổ chức, sắp xếp, bài trí vật dụng và công cụ của chương trình;\n    -       Tư vấn chỉ số chiều cao, cân nặng phù hợp với từng độ tuổi của các bé;\n    -       Giới thiệu, và bán sản phẩm;\n    -       Phát quà cho các bé.',2,NULL,'Cong ty TNHH SXP','Dev Team Leader',0,1,1,'A',0,0,0,'2020-05-06 09:54:01','2020-05-05 23:32:11','2020-05-05 23:52:11',NULL,NULL,NULL,NULL,1,NULL,NULL,NULL,1,1,NULL,NULL,NULL,NULL,NULL,2,2,NULL,NULL),(83,83,NULL,5,1,6,4,NULL,NULL,168,NULL,NULL,42,'#42 Nhân viên Hành chính - Nhân sự có kinh nghiệm','N','C',NULL,NULL,NULL,'#42 Hành chính - Nhân sự','M','E','Với niềm đam mê sâu sắc đối với nghề Nhân sự cùng với kiến thức và những kinh nghiệm thực tế tôi mong muốn được làm việc ở lĩnh vực Hành chính – Nhân sự trong một môi trường chuyên nghiệp và áp lực cao để có thể phát huy được kiến thức, khả năng và sở trường của mình.',1,1,'Giấy phép ICP của CBC - BTTTT số 314/GP-CBC',NULL,'0854341457','0854341457','user42@careerlink.vn',0,0,0,0,4,3,NULL,NULL,'Nguyễn Thị Hà 42','F','1980-05-27','M','L',0,0,0,NULL,5000000,'N',NULL,NULL,NULL,NULL,2,'Nhân viên Nhân sự',NULL,NULL,0,1,1,'A',0,0,0,'2020-05-06 09:54:02','2020-05-05 23:46:55','2020-05-06 00:06:55',NULL,NULL,NULL,NULL,1,NULL,NULL,NULL,1,1,NULL,NULL,NULL,NULL,NULL,2,NULL,NULL,NULL),(84,84,NULL,5,1,6,4,NULL,NULL,NULL,NULL,NULL,42,'Free-Style #42 Nhân viên Hành chính - Nhân sự có kinh nghiệm','F','C',NULL,NULL,NULL,'#42 Hành chính - Nhân sự','M','F','Với niềm đam mê sâu sắc đối với nghề Nhân sự cùng với kiến thức và những kinh nghiệm thực tế tôi mong muốn được làm việc ở lĩnh vực Hành chính – Nhân sự trong một môi trường chuyên nghiệp và áp lực cao để có thể phát huy được kiến thức, khả năng và sở trường của mình.',1,1,'Giấy phép ICP của CBC - BTTTT số 314/GP-CBC',NULL,'0854341457','0854341457','user42@careerlink.vn',0,0,0,0,4,3,NULL,NULL,'Nguyễn Thị Hà 42','F','1980-05-27','M','L',0,0,0,NULL,5000000,'I',3143757,9857538,'<p>Thong thao cac ky nang ve vi tinh( word, excel, powerpoint, ms access)<br />Can than, sieng nang<br />Chiu duoc ap luc cong viec<br />Co kha nang lam viec doc lap<br />Hoa dong, ham hoc hoi.</p>','-       PG cho chương trình event của hãng Abbort Hoa Kỳ tại các trường mầm non trên địa bàn Thành phố Hồ Chí Minh;\n    -       Tham gia tổ chức, sắp xếp, bài trí vật dụng và công cụ của chương trình;\n    -       Tư vấn chỉ số chiều cao, cân nặng phù hợp với từng độ tuổi của các bé;\n    -       Giới thiệu, và bán sản phẩm;\n    -       Phát quà cho các bé.',2,NULL,'Cong ty TNHH SXP','Dev Team Leader',0,0,0,'A',0,0,0,'2020-05-06 09:54:03','2020-05-06 00:25:00','2020-05-06 00:45:00',NULL,NULL,NULL,NULL,1,NULL,NULL,NULL,1,1,NULL,NULL,NULL,NULL,NULL,2,2,2,NULL),(85,85,NULL,5,1,6,4,NULL,NULL,172,NULL,NULL,43,'#43 Nhân viên Hành chính - Nhân sự có kinh nghiệm','N','C',NULL,NULL,NULL,'#43 Hành chính - Nhân sự','T','B','Với niềm đam mê sâu sắc đối với nghề Nhân sự cùng với kiến thức và những kinh nghiệm thực tế tôi mong muốn được làm việc ở lĩnh vực Hành chính – Nhân sự trong một môi trường chuyên nghiệp và áp lực cao để có thể phát huy được kiến thức, khả năng và sở trường của mình.',1,1,'Giấy phép ICP của CBC - BTTTT số 314/GP-CBC',NULL,'0854341457','0854341457','user43@careerlink.vn',0,0,0,0,4,3,NULL,NULL,'Nguyễn Thị Hà 43','F','1968-08-10','M','L',0,0,0,NULL,5000000,'M',8491420,NULL,NULL,NULL,2,'Nhân viên Nhân sự',NULL,NULL,0,0,0,'A',0,0,0,'2020-05-06 09:54:05','2020-05-06 01:33:08','2020-05-06 01:53:08',NULL,NULL,NULL,NULL,1,NULL,NULL,NULL,1,1,NULL,NULL,NULL,NULL,NULL,2,2,NULL,NULL),(86,86,NULL,5,1,6,4,NULL,NULL,NULL,NULL,NULL,43,'Free-Style #43 Nhân viên Hành chính - Nhân sự có kinh nghiệm','F','C',NULL,NULL,NULL,'#43 Hành chính - Nhân sự','I','D','Với niềm đam mê sâu sắc đối với nghề Nhân sự cùng với kiến thức và những kinh nghiệm thực tế tôi mong muốn được làm việc ở lĩnh vực Hành chính – Nhân sự trong một môi trường chuyên nghiệp và áp lực cao để có thể phát huy được kiến thức, khả năng và sở trường của mình.',1,1,'Giấy phép ICP của CBC - BTTTT số 314/GP-CBC',NULL,'0854341457','0854341457','user43@careerlink.vn',0,0,0,0,4,3,NULL,NULL,'Nguyễn Thị Hà 43','F','1968-08-10','M','L',0,0,0,NULL,5000000,'M',5955221,NULL,'<p>Thong thao cac ky nang ve vi tinh( word, excel, powerpoint, ms access)<br />Can than, sieng nang<br />Chiu duoc ap luc cong viec<br />Co kha nang lam viec doc lap<br />Hoa dong, ham hoc hoi.</p>','-       PG cho chương trình event của hãng Abbort Hoa Kỳ tại các trường mầm non trên địa bàn Thành phố Hồ Chí Minh;\n    -       Tham gia tổ chức, sắp xếp, bài trí vật dụng và công cụ của chương trình;\n    -       Tư vấn chỉ số chiều cao, cân nặng phù hợp với từng độ tuổi của các bé;\n    -       Giới thiệu, và bán sản phẩm;\n    -       Phát quà cho các bé.',2,NULL,'Cong ty TNHH SXP','Dev Team Leader',0,1,1,'A',0,0,0,'2020-05-06 09:54:06','2020-05-06 02:08:53','2020-05-06 02:28:53',NULL,NULL,NULL,NULL,1,NULL,NULL,NULL,1,1,NULL,NULL,NULL,NULL,NULL,2,2,NULL,NULL),(87,87,NULL,5,1,6,4,NULL,NULL,176,NULL,NULL,44,'#44 Nhân viên Hành chính - Nhân sự có kinh nghiệm','N','C',NULL,NULL,NULL,'#44 Hành chính - Nhân sự','S','A','Với niềm đam mê sâu sắc đối với nghề Nhân sự cùng với kiến thức và những kinh nghiệm thực tế tôi mong muốn được làm việc ở lĩnh vực Hành chính – Nhân sự trong một môi trường chuyên nghiệp và áp lực cao để có thể phát huy được kiến thức, khả năng và sở trường của mình.',1,1,'Giấy phép ICP của CBC - BTTTT số 314/GP-CBC',NULL,'0854341457','0854341457','user44@careerlink.vn',0,0,0,0,4,3,NULL,NULL,'Nguyễn Thị Hà 44','F','1973-01-05','S','L',0,0,0,NULL,5000000,'I',3659329,7574179,NULL,NULL,2,'Nhân viên Nhân sự',NULL,NULL,0,1,1,'A',0,0,0,'2020-05-06 09:54:07','2020-05-06 03:28:16','2020-05-06 03:48:16',NULL,NULL,NULL,NULL,1,NULL,NULL,NULL,1,1,NULL,NULL,NULL,NULL,NULL,2,2,2,NULL),(88,88,NULL,5,1,6,4,NULL,NULL,NULL,NULL,NULL,44,'Free-Style #44 Nhân viên Hành chính - Nhân sự có kinh nghiệm','F','C',NULL,NULL,NULL,'#44 Hành chính - Nhân sự','I','A','Với niềm đam mê sâu sắc đối với nghề Nhân sự cùng với kiến thức và những kinh nghiệm thực tế tôi mong muốn được làm việc ở lĩnh vực Hành chính – Nhân sự trong một môi trường chuyên nghiệp và áp lực cao để có thể phát huy được kiến thức, khả năng và sở trường của mình.',1,1,'Giấy phép ICP của CBC - BTTTT số 314/GP-CBC',NULL,'0854341457','0854341457','user44@careerlink.vn',0,0,0,0,4,3,NULL,NULL,'Nguyễn Thị Hà 44','F','1973-01-05','S','L',0,0,0,NULL,5000000,'M',2800784,NULL,'<p>Thong thao cac ky nang ve vi tinh( word, excel, powerpoint, ms access)<br />Can than, sieng nang<br />Chiu duoc ap luc cong viec<br />Co kha nang lam viec doc lap<br />Hoa dong, ham hoc hoi.</p>','-       PG cho chương trình event của hãng Abbort Hoa Kỳ tại các trường mầm non trên địa bàn Thành phố Hồ Chí Minh;\n    -       Tham gia tổ chức, sắp xếp, bài trí vật dụng và công cụ của chương trình;\n    -       Tư vấn chỉ số chiều cao, cân nặng phù hợp với từng độ tuổi của các bé;\n    -       Giới thiệu, và bán sản phẩm;\n    -       Phát quà cho các bé.',2,NULL,'Cong ty TNHH SXP','Dev Team Leader',0,0,0,'A',0,0,0,'2020-05-06 09:54:08','2020-05-06 03:47:39','2020-05-06 04:07:39',NULL,NULL,NULL,NULL,1,NULL,NULL,NULL,1,1,NULL,NULL,NULL,NULL,NULL,2,2,NULL,NULL),(89,89,NULL,5,1,6,4,NULL,NULL,180,NULL,NULL,45,'#45 Nhân viên Hành chính - Nhân sự có kinh nghiệm','N','C',NULL,NULL,NULL,'#45 Hành chính - Nhân sự','D','E','Với niềm đam mê sâu sắc đối với nghề Nhân sự cùng với kiến thức và những kinh nghiệm thực tế tôi mong muốn được làm việc ở lĩnh vực Hành chính – Nhân sự trong một môi trường chuyên nghiệp và áp lực cao để có thể phát huy được kiến thức, khả năng và sở trường của mình.',1,1,'Giấy phép ICP của CBC - BTTTT số 314/GP-CBC',NULL,'0854341457','0854341457','user45@careerlink.vn',0,0,0,0,4,3,NULL,NULL,'Nguyễn Thị Hà 45','F','1991-11-21','S','L',0,0,0,NULL,5000000,'N',NULL,NULL,NULL,NULL,2,'Nhân viên Nhân sự',NULL,NULL,0,0,0,'A',0,0,0,'2020-05-06 09:54:09','2020-05-06 04:07:34','2020-05-06 04:27:34',NULL,NULL,NULL,NULL,1,NULL,NULL,NULL,1,1,NULL,NULL,NULL,NULL,NULL,2,NULL,NULL,NULL),(90,90,NULL,5,1,6,4,NULL,NULL,NULL,NULL,NULL,45,'Free-Style #45 Nhân viên Hành chính - Nhân sự có kinh nghiệm','F','C',NULL,NULL,NULL,'#45 Hành chính - Nhân sự','T','E','Với niềm đam mê sâu sắc đối với nghề Nhân sự cùng với kiến thức và những kinh nghiệm thực tế tôi mong muốn được làm việc ở lĩnh vực Hành chính – Nhân sự trong một môi trường chuyên nghiệp và áp lực cao để có thể phát huy được kiến thức, khả năng và sở trường của mình.',1,1,'Giấy phép ICP của CBC - BTTTT số 314/GP-CBC',NULL,'0854341457','0854341457','user45@careerlink.vn',0,0,0,0,4,3,NULL,NULL,'Nguyễn Thị Hà 45','F','1991-11-21','S','L',0,0,0,NULL,5000000,'N',NULL,NULL,'<p>Thong thao cac ky nang ve vi tinh( word, excel, powerpoint, ms access)<br />Can than, sieng nang<br />Chiu duoc ap luc cong viec<br />Co kha nang lam viec doc lap<br />Hoa dong, ham hoc hoi.</p>','-       PG cho chương trình event của hãng Abbort Hoa Kỳ tại các trường mầm non trên địa bàn Thành phố Hồ Chí Minh;\n    -       Tham gia tổ chức, sắp xếp, bài trí vật dụng và công cụ của chương trình;\n    -       Tư vấn chỉ số chiều cao, cân nặng phù hợp với từng độ tuổi của các bé;\n    -       Giới thiệu, và bán sản phẩm;\n    -       Phát quà cho các bé.',2,NULL,'Cong ty TNHH SXP','Dev Team Leader',0,1,1,'A',0,0,0,'2020-05-06 09:54:11','2020-05-06 04:14:14','2020-05-06 04:34:14',NULL,NULL,NULL,NULL,1,NULL,NULL,NULL,1,1,NULL,NULL,NULL,NULL,NULL,2,NULL,NULL,NULL),(91,91,NULL,5,1,6,4,NULL,NULL,184,NULL,NULL,46,'#46 Nhân viên Hành chính - Nhân sự có kinh nghiệm','N','C',NULL,NULL,NULL,'#46 Hành chính - Nhân sự','P','F','Với niềm đam mê sâu sắc đối với nghề Nhân sự cùng với kiến thức và những kinh nghiệm thực tế tôi mong muốn được làm việc ở lĩnh vực Hành chính – Nhân sự trong một môi trường chuyên nghiệp và áp lực cao để có thể phát huy được kiến thức, khả năng và sở trường của mình.',1,1,'Giấy phép ICP của CBC - BTTTT số 314/GP-CBC',NULL,'0854341457','0854341457','user46@careerlink.vn',0,0,0,0,4,3,NULL,NULL,'Nguyễn Thị Hà 46','F','1980-05-07','M','L',0,0,0,NULL,5000000,'N',NULL,NULL,NULL,NULL,2,'Nhân viên Nhân sự',NULL,NULL,0,1,1,'A',0,0,0,'2020-05-06 09:54:12','2020-05-06 05:29:02','2020-05-06 05:49:02',NULL,NULL,NULL,NULL,1,NULL,NULL,NULL,1,1,NULL,NULL,NULL,NULL,NULL,2,NULL,NULL,NULL),(92,92,NULL,5,1,6,4,NULL,NULL,NULL,NULL,NULL,46,'Free-Style #46 Nhân viên Hành chính - Nhân sự có kinh nghiệm','F','C',NULL,NULL,NULL,'#46 Hành chính - Nhân sự','P','C','Với niềm đam mê sâu sắc đối với nghề Nhân sự cùng với kiến thức và những kinh nghiệm thực tế tôi mong muốn được làm việc ở lĩnh vực Hành chính – Nhân sự trong một môi trường chuyên nghiệp và áp lực cao để có thể phát huy được kiến thức, khả năng và sở trường của mình.',1,1,'Giấy phép ICP của CBC - BTTTT số 314/GP-CBC',NULL,'0854341457','0854341457','user46@careerlink.vn',0,0,0,0,4,3,NULL,NULL,'Nguyễn Thị Hà 46','F','1980-05-07','M','L',0,0,0,NULL,5000000,'M',5326769,NULL,'<p>Thong thao cac ky nang ve vi tinh( word, excel, powerpoint, ms access)<br />Can than, sieng nang<br />Chiu duoc ap luc cong viec<br />Co kha nang lam viec doc lap<br />Hoa dong, ham hoc hoi.</p>','-       PG cho chương trình event của hãng Abbort Hoa Kỳ tại các trường mầm non trên địa bàn Thành phố Hồ Chí Minh;\n    -       Tham gia tổ chức, sắp xếp, bài trí vật dụng và công cụ của chương trình;\n    -       Tư vấn chỉ số chiều cao, cân nặng phù hợp với từng độ tuổi của các bé;\n    -       Giới thiệu, và bán sản phẩm;\n    -       Phát quà cho các bé.',2,NULL,'Cong ty TNHH SXP','Dev Team Leader',0,0,0,'A',0,0,0,'2020-05-06 09:54:14','2020-05-06 05:38:23','2020-05-06 05:58:23',NULL,NULL,NULL,NULL,1,NULL,NULL,NULL,1,1,NULL,NULL,NULL,NULL,NULL,2,2,NULL,NULL),(93,93,NULL,5,1,6,4,NULL,NULL,188,NULL,NULL,47,'#47 Nhân viên Hành chính - Nhân sự có kinh nghiệm','N','C',NULL,NULL,NULL,'#47 Hành chính - Nhân sự','M','B','Với niềm đam mê sâu sắc đối với nghề Nhân sự cùng với kiến thức và những kinh nghiệm thực tế tôi mong muốn được làm việc ở lĩnh vực Hành chính – Nhân sự trong một môi trường chuyên nghiệp và áp lực cao để có thể phát huy được kiến thức, khả năng và sở trường của mình.',1,1,'Giấy phép ICP của CBC - BTTTT số 314/GP-CBC',NULL,'0854341457','0854341457','user47@careerlink.vn',0,0,0,0,4,3,NULL,NULL,'Nguyễn Thị Hà 47','F','1966-05-06','S','L',0,0,0,NULL,5000000,'I',1766719,9033573,NULL,NULL,2,'Nhân viên Nhân sự',NULL,NULL,0,1,1,'A',0,0,0,'2020-05-06 09:54:15','2020-05-06 06:19:29','2020-05-06 06:39:29',NULL,NULL,NULL,NULL,1,NULL,NULL,NULL,1,1,NULL,NULL,NULL,NULL,NULL,2,2,2,NULL),(94,94,NULL,5,1,6,4,NULL,NULL,NULL,NULL,NULL,47,'Free-Style #47 Nhân viên Hành chính - Nhân sự có kinh nghiệm','F','C',NULL,NULL,NULL,'#47 Hành chính - Nhân sự','M','D','Với niềm đam mê sâu sắc đối với nghề Nhân sự cùng với kiến thức và những kinh nghiệm thực tế tôi mong muốn được làm việc ở lĩnh vực Hành chính – Nhân sự trong một môi trường chuyên nghiệp và áp lực cao để có thể phát huy được kiến thức, khả năng và sở trường của mình.',1,1,'Giấy phép ICP của CBC - BTTTT số 314/GP-CBC',NULL,'0854341457','0854341457','user47@careerlink.vn',0,0,0,0,4,3,NULL,NULL,'Nguyễn Thị Hà 47','F','1966-05-06','S','L',0,0,0,NULL,5000000,'N',NULL,NULL,'<p>Thong thao cac ky nang ve vi tinh( word, excel, powerpoint, ms access)<br />Can than, sieng nang<br />Chiu duoc ap luc cong viec<br />Co kha nang lam viec doc lap<br />Hoa dong, ham hoc hoi.</p>','-       PG cho chương trình event của hãng Abbort Hoa Kỳ tại các trường mầm non trên địa bàn Thành phố Hồ Chí Minh;\n    -       Tham gia tổ chức, sắp xếp, bài trí vật dụng và công cụ của chương trình;\n    -       Tư vấn chỉ số chiều cao, cân nặng phù hợp với từng độ tuổi của các bé;\n    -       Giới thiệu, và bán sản phẩm;\n    -       Phát quà cho các bé.',2,NULL,'Cong ty TNHH SXP','Dev Team Leader',0,0,0,'A',0,0,0,'2020-05-06 09:54:16','2020-05-06 07:10:37','2020-05-06 07:30:37',NULL,NULL,NULL,NULL,1,NULL,NULL,NULL,1,1,NULL,NULL,NULL,NULL,NULL,2,NULL,NULL,NULL),(95,95,NULL,5,1,6,4,NULL,NULL,192,NULL,NULL,48,'#48 Nhân viên Hành chính - Nhân sự có kinh nghiệm','N','C',NULL,NULL,NULL,'#48 Hành chính - Nhân sự','I','E','Với niềm đam mê sâu sắc đối với nghề Nhân sự cùng với kiến thức và những kinh nghiệm thực tế tôi mong muốn được làm việc ở lĩnh vực Hành chính – Nhân sự trong một môi trường chuyên nghiệp và áp lực cao để có thể phát huy được kiến thức, khả năng và sở trường của mình.',1,1,'Giấy phép ICP của CBC - BTTTT số 314/GP-CBC',NULL,'0854341457','0854341457','user48@careerlink.vn',0,0,0,0,4,3,NULL,NULL,'Nguyễn Thị Hà 48','M','1989-11-02','M','L',0,0,0,NULL,5000000,'I',4396477,7745444,NULL,NULL,2,'Nhân viên Nhân sự',NULL,NULL,0,0,0,'A',0,0,0,'2020-05-06 09:54:18','2020-05-06 07:40:05','2020-05-06 08:00:05',NULL,NULL,NULL,NULL,1,NULL,NULL,NULL,1,1,NULL,NULL,NULL,NULL,NULL,2,2,2,NULL),(96,96,NULL,5,1,6,4,NULL,NULL,NULL,NULL,NULL,48,'Free-Style #48 Nhân viên Hành chính - Nhân sự có kinh nghiệm','F','C',NULL,NULL,NULL,'#48 Hành chính - Nhân sự','P','F','Với niềm đam mê sâu sắc đối với nghề Nhân sự cùng với kiến thức và những kinh nghiệm thực tế tôi mong muốn được làm việc ở lĩnh vực Hành chính – Nhân sự trong một môi trường chuyên nghiệp và áp lực cao để có thể phát huy được kiến thức, khả năng và sở trường của mình.',1,1,'Giấy phép ICP của CBC - BTTTT số 314/GP-CBC',NULL,'0854341457','0854341457','user48@careerlink.vn',0,0,0,0,4,3,NULL,NULL,'Nguyễn Thị Hà 48','M','1989-11-02','M','L',0,0,0,NULL,5000000,'I',7756069,8646690,'<p>Thong thao cac ky nang ve vi tinh( word, excel, powerpoint, ms access)<br />Can than, sieng nang<br />Chiu duoc ap luc cong viec<br />Co kha nang lam viec doc lap<br />Hoa dong, ham hoc hoi.</p>','-       PG cho chương trình event của hãng Abbort Hoa Kỳ tại các trường mầm non trên địa bàn Thành phố Hồ Chí Minh;\n    -       Tham gia tổ chức, sắp xếp, bài trí vật dụng và công cụ của chương trình;\n    -       Tư vấn chỉ số chiều cao, cân nặng phù hợp với từng độ tuổi của các bé;\n    -       Giới thiệu, và bán sản phẩm;\n    -       Phát quà cho các bé.',2,NULL,'Cong ty TNHH SXP','Dev Team Leader',0,1,1,'A',0,0,0,'2020-05-06 09:54:20','2020-05-06 07:45:19','2020-05-06 08:05:19',NULL,NULL,NULL,NULL,1,NULL,NULL,NULL,1,1,NULL,NULL,NULL,NULL,NULL,2,2,2,NULL),(97,97,NULL,5,1,6,4,NULL,NULL,196,NULL,NULL,49,'#49 Nhân viên Hành chính - Nhân sự có kinh nghiệm','N','C',NULL,NULL,NULL,'#49 Hành chính - Nhân sự','I','A','Với niềm đam mê sâu sắc đối với nghề Nhân sự cùng với kiến thức và những kinh nghiệm thực tế tôi mong muốn được làm việc ở lĩnh vực Hành chính – Nhân sự trong một môi trường chuyên nghiệp và áp lực cao để có thể phát huy được kiến thức, khả năng và sở trường của mình.',1,1,'Giấy phép ICP của CBC - BTTTT số 314/GP-CBC',NULL,'0854341457','0854341457','user49@careerlink.vn',0,0,0,0,4,3,NULL,NULL,'Nguyễn Thị Hà 49','F','1969-05-15','S','L',0,0,0,NULL,5000000,'I',2050012,9391061,NULL,NULL,2,'Nhân viên Nhân sự',NULL,NULL,0,1,1,'A',0,0,0,'2020-05-06 09:54:21','2020-05-06 08:05:02','2020-05-06 08:25:02',NULL,NULL,NULL,NULL,1,NULL,NULL,NULL,1,1,NULL,NULL,NULL,NULL,NULL,2,2,2,NULL),(98,98,NULL,5,1,6,4,NULL,NULL,NULL,NULL,NULL,49,'Free-Style #49 Nhân viên Hành chính - Nhân sự có kinh nghiệm','F','C',NULL,NULL,NULL,'#49 Hành chính - Nhân sự','N','A','Với niềm đam mê sâu sắc đối với nghề Nhân sự cùng với kiến thức và những kinh nghiệm thực tế tôi mong muốn được làm việc ở lĩnh vực Hành chính – Nhân sự trong một môi trường chuyên nghiệp và áp lực cao để có thể phát huy được kiến thức, khả năng và sở trường của mình.',1,1,'Giấy phép ICP của CBC - BTTTT số 314/GP-CBC',NULL,'0854341457','0854341457','user49@careerlink.vn',0,0,0,0,4,3,NULL,NULL,'Nguyễn Thị Hà 49','F','1969-05-15','S','L',0,0,0,NULL,5000000,'M',4389796,NULL,'<p>Thong thao cac ky nang ve vi tinh( word, excel, powerpoint, ms access)<br />Can than, sieng nang<br />Chiu duoc ap luc cong viec<br />Co kha nang lam viec doc lap<br />Hoa dong, ham hoc hoi.</p>','-       PG cho chương trình event của hãng Abbort Hoa Kỳ tại các trường mầm non trên địa bàn Thành phố Hồ Chí Minh;\n    -       Tham gia tổ chức, sắp xếp, bài trí vật dụng và công cụ của chương trình;\n    -       Tư vấn chỉ số chiều cao, cân nặng phù hợp với từng độ tuổi của các bé;\n    -       Giới thiệu, và bán sản phẩm;\n    -       Phát quà cho các bé.',2,NULL,'Cong ty TNHH SXP','Dev Team Leader',0,0,0,'A',0,0,0,'2020-05-06 09:54:23','2020-05-06 08:26:56','2020-05-06 08:46:56',NULL,NULL,NULL,NULL,1,NULL,NULL,NULL,1,1,NULL,NULL,NULL,NULL,NULL,2,2,NULL,NULL),(99,99,NULL,5,1,6,4,NULL,NULL,200,NULL,NULL,50,'#50 Nhân viên Hành chính - Nhân sự có kinh nghiệm','N','C',NULL,NULL,NULL,'#50 Hành chính - Nhân sự','D','A','Với niềm đam mê sâu sắc đối với nghề Nhân sự cùng với kiến thức và những kinh nghiệm thực tế tôi mong muốn được làm việc ở lĩnh vực Hành chính – Nhân sự trong một môi trường chuyên nghiệp và áp lực cao để có thể phát huy được kiến thức, khả năng và sở trường của mình.',1,1,'Giấy phép ICP của CBC - BTTTT số 314/GP-CBC',NULL,'0854341457','0854341457','user50@careerlink.vn',0,0,0,0,4,3,NULL,NULL,'Nguyễn Thị Hà 50','F','1984-01-08','S','L',0,0,0,NULL,5000000,'N',NULL,NULL,NULL,NULL,2,'Nhân viên Nhân sự',NULL,NULL,0,1,1,'A',0,0,0,'2020-05-06 09:54:25','2020-05-06 08:53:08','2020-05-06 09:13:08',NULL,NULL,NULL,NULL,1,NULL,NULL,NULL,1,1,NULL,NULL,NULL,NULL,NULL,2,NULL,NULL,NULL),(100,100,NULL,5,1,6,4,NULL,NULL,NULL,NULL,NULL,50,'Free-Style #50 Nhân viên Hành chính - Nhân sự có kinh nghiệm','F','C',NULL,NULL,NULL,'#50 Hành chính - Nhân sự','E','A','Với niềm đam mê sâu sắc đối với nghề Nhân sự cùng với kiến thức và những kinh nghiệm thực tế tôi mong muốn được làm việc ở lĩnh vực Hành chính – Nhân sự trong một môi trường chuyên nghiệp và áp lực cao để có thể phát huy được kiến thức, khả năng và sở trường của mình.',1,1,'Giấy phép ICP của CBC - BTTTT số 314/GP-CBC',NULL,'0854341457','0854341457','user50@careerlink.vn',0,0,0,0,4,3,NULL,NULL,'Nguyễn Thị Hà 50','F','1984-01-08','S','L',0,0,0,NULL,5000000,'N',NULL,NULL,'<p>Thong thao cac ky nang ve vi tinh( word, excel, powerpoint, ms access)<br />Can than, sieng nang<br />Chiu duoc ap luc cong viec<br />Co kha nang lam viec doc lap<br />Hoa dong, ham hoc hoi.</p>','-       PG cho chương trình event của hãng Abbort Hoa Kỳ tại các trường mầm non trên địa bàn Thành phố Hồ Chí Minh;\n    -       Tham gia tổ chức, sắp xếp, bài trí vật dụng và công cụ của chương trình;\n    -       Tư vấn chỉ số chiều cao, cân nặng phù hợp với từng độ tuổi của các bé;\n    -       Giới thiệu, và bán sản phẩm;\n    -       Phát quà cho các bé.',2,NULL,'Cong ty TNHH SXP','Dev Team Leader',0,0,0,'A',0,0,0,'2020-05-06 09:54:26','2020-05-06 09:08:52','2020-05-06 09:28:52',NULL,NULL,NULL,NULL,1,NULL,NULL,NULL,1,1,NULL,NULL,NULL,NULL,NULL,2,NULL,NULL,NULL),(101,101,1,5,1,1,NULL,NULL,NULL,NULL,NULL,NULL,1,'sdfasdf','N','C',NULL,NULL,NULL,NULL,NULL,NULL,NULL,NULL,NULL,'add er',NULL,'(08)2383-283-11','08.2383.2213','user1@careerlink.vn',0,0,0,0,1,NULL,NULL,NULL,'Nguyễn Thị Hà 1','M','1980-08-20','S','L',0,0,0,NULL,NULL,'I',NULL,NULL,NULL,NULL,0,NULL,NULL,NULL,0,0,0,'4',0,1,0,'2020-05-06 12:49:14','2020-05-06 12:50:30','2020-05-06 12:49:14',NULL,NULL,NULL,NULL,1,NULL,NULL,NULL,7,1,NULL,NULL,NULL,NULL,NULL,NULL,NULL,NULL,NULL),(102,102,NULL,43,1,1,NULL,NULL,NULL,NULL,NULL,NULL,1,'download (1)','A','C',NULL,NULL,NULL,'asdfasdfasdf','I','E',NULL,1,1,'add er',NULL,'(08)2383-283-11','08.2383.2213','user1@careerlink.vn',0,0,0,0,1,NULL,NULL,NULL,'Nguyễn Thị Hà 1','M','1980-08-20','S','L',0,0,0,NULL,20000,'M',30000,NULL,NULL,NULL,0,NULL,NULL,NULL,0,1,0,'P',0,1,0,'2020-07-24 16:52:35','2020-07-24 16:53:35','2020-07-24 16:52:35',NULL,NULL,'b7e3f3a39f3dca8c6bbd8caf537a8f12','download (1)',1,NULL,NULL,NULL,6,1,NULL,NULL,NULL,NULL,NULL,2,2,NULL,NULL),(103,103,NULL,43,1,1,NULL,NULL,NULL,NULL,NULL,NULL,1,'download','A','C',NULL,NULL,NULL,'sdfgsdfgs','I','A',NULL,1,1,'add er',NULL,'(08)2383-283-11','08.2383.2213','user1@careerlink.vn',0,0,0,0,1,NULL,NULL,NULL,'Nguyễn Thị Hà 1','M','1980-08-20','S','L',0,0,0,NULL,20000,'M',30000,NULL,NULL,NULL,0,NULL,NULL,NULL,0,0,0,'P',0,1,0,'2020-07-24 16:55:19','2020-07-24 16:57:49','2020-07-24 16:55:19',NULL,NULL,'259f177d8d40002b9cacec8da57f2907','download',1,NULL,NULL,NULL,8,1,NULL,NULL,NULL,NULL,NULL,2,2,NULL,NULL),(104,104,NULL,43,1,1,NULL,NULL,NULL,NULL,NULL,NULL,1,'download (1)','A','C',NULL,NULL,NULL,'ádfasdf','N','A',NULL,1,1,'add er',NULL,'(08)2383-283-11','08.2383.2213','user1@careerlink.vn',0,0,0,0,1,NULL,NULL,NULL,'Nguyễn Thị Hà 1','M','1980-08-20','S','L',0,0,0,NULL,20000,'M',30000,NULL,NULL,NULL,0,NULL,NULL,NULL,0,1,0,'P',0,1,0,'2020-07-24 17:20:43','2020-07-24 17:22:01','2020-07-24 17:20:43',NULL,NULL,'968c5cf1d4c32e9468d7194fedc17528','download (1)',1,NULL,NULL,NULL,6,1,NULL,NULL,NULL,NULL,NULL,2,2,NULL,NULL),(105,105,NULL,43,1,2,NULL,NULL,NULL,NULL,NULL,NULL,1,'Demo 1.pdf','A','C',NULL,NULL,NULL,'ádfasdf','I','A',NULL,1,1,'add er',NULL,'(08)2383-283-11','08.2383.2213','user1@careerlink.vn',0,0,0,0,2,NULL,NULL,NULL,'Nguyễn Thị Hà 1','M','1980-08-20','S','L',0,0,0,NULL,2000,'M',30000,NULL,NULL,NULL,0,NULL,NULL,NULL,0,1,0,'P',0,0,0,'2020-07-24 17:23:12','2020-07-24 17:27:05','2020-07-24 17:23:12',NULL,NULL,'ceed3e063e552529708dc417f0c14ace','Demo 1.pdf',1,NULL,'sha1:213c71c895076bc12762e5ebda5edfe905cb07d9',NULL,9,1,NULL,NULL,NULL,NULL,NULL,2,2,NULL,NULL),(106,106,NULL,43,1,2,NULL,NULL,NULL,NULL,NULL,NULL,1,'sdfgsdfgs','F','C',NULL,NULL,NULL,'#1 Hành chính - Nhân sự','I','B','dfgfpsd;lgfkg;sdflg',1,1,'add er',NULL,'(08)2383-283-11','08.2383.2213','user1@careerlink.vn',0,0,0,0,2,NULL,NULL,NULL,'Nguyễn Thị Hà 1','M','1980-08-20','S','O',0,0,0,NULL,5000000,'N',NULL,NULL,'sdfgsdfgsdfgsdfg \r\nsdfg \r\nsdfg\r\n sdf\r\ngs\r\nfd g\r\nsdfg',NULL,0,NULL,NULL,NULL,0,0,0,'P',0,1,0,'2020-07-24 17:33:25','2020-07-24 17:34:24','2020-07-24 17:33:25',NULL,NULL,NULL,NULL,1,NULL,NULL,NULL,5,1,NULL,NULL,NULL,NULL,NULL,2,NULL,NULL,NULL),(107,107,NULL,43,1,1,NULL,NULL,NULL,NULL,NULL,NULL,1,'asasdfasdfasfd','F','C',NULL,NULL,NULL,'#1 Hành chính - Nhân sự','I','A','asdfasdfasdfasdfsadfsadfsadfsad asdf asdf asdf',1,1,'add er',NULL,'(08)2383-283-11','08.2383.2213','user1@careerlink.vn',0,0,0,0,1,NULL,NULL,NULL,'Nguyễn Thị Hà 1','M','1980-08-20','S','L',0,0,0,NULL,5000000,'N',NULL,NULL,'asdf asdfadsf asdf asdf asd fasdf asdf asdf asdfas df',NULL,0,NULL,NULL,NULL,0,0,0,'D',0,0,0,'2020-07-24 17:36:10','2020-07-24 17:36:52','2020-07-24 17:36:10',NULL,NULL,NULL,NULL,1,NULL,NULL,NULL,3,1,NULL,NULL,NULL,NULL,NULL,2,NULL,NULL,NULL);
/*!40000 ALTER TABLE `Resume` ENABLE KEYS */;
UNLOCK TABLES;

--
-- Table structure for table `ResumeAccessAdminLog`
--

DROP TABLE IF EXISTS `ResumeAccessAdminLog`;
/*!40101 SET @saved_cs_client     = @@character_set_client */;
/*!40101 SET character_set_client = utf8 */;
CREATE TABLE `ResumeAccessAdminLog` (
  `id` int(11) NOT NULL AUTO_INCREMENT,
  `resumeId` int(11) NOT NULL,
  `adminId` int(11) NOT NULL,
  `date` datetime NOT NULL,
  PRIMARY KEY (`id`),
  KEY `idx_admin_id_date` (`adminId`,`date`),
  KEY `idx_resume_id` (`resumeId`)
) ENGINE=InnoDB DEFAULT CHARSET=utf8 COLLATE=utf8_unicode_ci;
/*!40101 SET character_set_client = @saved_cs_client */;

--
-- Dumping data for table `ResumeAccessAdminLog`
--

LOCK TABLES `ResumeAccessAdminLog` WRITE;
/*!40000 ALTER TABLE `ResumeAccessAdminLog` DISABLE KEYS */;
/*!40000 ALTER TABLE `ResumeAccessAdminLog` ENABLE KEYS */;
UNLOCK TABLES;

--
-- Table structure for table `ResumeAccessLog`
--

DROP TABLE IF EXISTS `ResumeAccessLog`;
/*!40101 SET @saved_cs_client     = @@character_set_client */;
/*!40101 SET character_set_client = utf8 */;
CREATE TABLE `ResumeAccessLog` (
  `id` int(11) NOT NULL AUTO_INCREMENT,
  `resumeId` int(11) NOT NULL,
  `employerId` int(11) NOT NULL,
  `resumeAccessPassId` int(11) DEFAULT NULL,
  `date` datetime NOT NULL,
  `creditConsumption` int(11) NOT NULL,
  `isCreditConsumed` tinyint(1) NOT NULL,
  `isViewQuotaConsumed` tinyint(1) NOT NULL,
  `siteId` int(11) NOT NULL,
  PRIMARY KEY (`id`),
  KEY `idx_employer_id_date` (`employerId`,`date`),
  KEY `idx_resume_id` (`resumeId`),
  KEY `idx_resume_access_pass_id` (`resumeAccessPassId`),
  KEY `idx_site_id_employer_id_is_credit_consumed_date_consumption` (`siteId`,`employerId`,`isCreditConsumed`,`date`,`creditConsumption`),
  KEY `idx_site_id_employer_id_is_view_quota_consumed_date` (`siteId`,`employerId`,`isViewQuotaConsumed`,`date`)
) ENGINE=InnoDB DEFAULT CHARSET=utf8 COLLATE=utf8_unicode_ci;
/*!40101 SET character_set_client = @saved_cs_client */;

--
-- Dumping data for table `ResumeAccessLog`
--

LOCK TABLES `ResumeAccessLog` WRITE;
/*!40000 ALTER TABLE `ResumeAccessLog` DISABLE KEYS */;
/*!40000 ALTER TABLE `ResumeAccessLog` ENABLE KEYS */;
UNLOCK TABLES;

--
-- Table structure for table `ResumeAccessPass`
--

DROP TABLE IF EXISTS `ResumeAccessPass`;
/*!40101 SET @saved_cs_client     = @@character_set_client */;
/*!40101 SET character_set_client = utf8 */;
CREATE TABLE `ResumeAccessPass` (
  `id` int(11) NOT NULL AUTO_INCREMENT,
  `status` char(1) COLLATE utf8_unicode_ci NOT NULL,
  `employer_id` int(11) DEFAULT NULL,
  `period` int(11) NOT NULL,
  `postedAt` datetime NOT NULL,
  `activatedAt` datetime DEFAULT NULL,
  `howToPay` char(1) COLLATE utf8_unicode_ci NOT NULL,
  `credit_limit` int(11) NOT NULL,
  `quota_period` int(11) DEFAULT NULL,
  `daily_credit_limit` int(11) NOT NULL,
  `daily_view_limit` int(11) NOT NULL,
  `siteId` int(11) NOT NULL,
  PRIMARY KEY (`id`),
  KEY `idx_employer_id` (`employer_id`)
) ENGINE=InnoDB DEFAULT CHARSET=utf8 COLLATE=utf8_unicode_ci;
/*!40101 SET character_set_client = @saved_cs_client */;

--
-- Dumping data for table `ResumeAccessPass`
--

LOCK TABLES `ResumeAccessPass` WRITE;
/*!40000 ALTER TABLE `ResumeAccessPass` DISABLE KEYS */;
/*!40000 ALTER TABLE `ResumeAccessPass` ENABLE KEYS */;
UNLOCK TABLES;

--
-- Table structure for table `ResumeAccessPassCreditLimit`
--

DROP TABLE IF EXISTS `ResumeAccessPassCreditLimit`;
/*!40101 SET @saved_cs_client     = @@character_set_client */;
/*!40101 SET character_set_client = utf8 */;
CREATE TABLE `ResumeAccessPassCreditLimit` (
  `id` int(11) NOT NULL AUTO_INCREMENT,
  `value` int(11) NOT NULL,
  `isActive` tinyint(1) NOT NULL,
  PRIMARY KEY (`id`),
  UNIQUE KEY `UNIQ_229EB7E91D775834` (`value`)
) ENGINE=InnoDB AUTO_INCREMENT=2 DEFAULT CHARSET=utf8 COLLATE=utf8_unicode_ci;
/*!40101 SET character_set_client = @saved_cs_client */;

--
-- Dumping data for table `ResumeAccessPassCreditLimit`
--

LOCK TABLES `ResumeAccessPassCreditLimit` WRITE;
/*!40000 ALTER TABLE `ResumeAccessPassCreditLimit` DISABLE KEYS */;
INSERT INTO `ResumeAccessPassCreditLimit` VALUES (1,500,1);
/*!40000 ALTER TABLE `ResumeAccessPassCreditLimit` ENABLE KEYS */;
UNLOCK TABLES;

--
-- Table structure for table `ResumeAlertSearch`
--

DROP TABLE IF EXISTS `ResumeAlertSearch`;
/*!40101 SET @saved_cs_client     = @@character_set_client */;
/*!40101 SET character_set_client = utf8 */;
CREATE TABLE `ResumeAlertSearch` (
  `id` int(11) NOT NULL AUTO_INCREMENT,
  `school_id` int(11) DEFAULT NULL,
  `major_id` int(11) DEFAULT NULL,
  `major_language_id` int(11) DEFAULT NULL,
  `language_id` int(11) DEFAULT NULL,
  `type` char(1) COLLATE utf8_unicode_ci DEFAULT NULL,
  `resume_alert_id` int(11) NOT NULL,
  `keywords` varchar(255) COLLATE utf8_unicode_ci DEFAULT NULL,
  `keywordUse` char(1) COLLATE utf8_unicode_ci DEFAULT NULL,
  `isAllAscii` tinyint(1) DEFAULT NULL,
  `gender` char(1) COLLATE utf8_unicode_ci DEFAULT NULL,
  `ageFrom` int(11) DEFAULT NULL,
  `ageTo` int(11) DEFAULT NULL,
  `maritalStatus` char(1) COLLATE utf8_unicode_ci DEFAULT NULL,
  `includeHigherDegrees` tinyint(1) NOT NULL,
  `schoolName` varchar(255) COLLATE utf8_unicode_ci DEFAULT NULL,
  `majorName` varchar(255) COLLATE utf8_unicode_ci DEFAULT NULL,
  `languageLevel` int(11) DEFAULT NULL,
  `includeHigherLanguageLevels` tinyint(1) NOT NULL,
  `experienceLevels` varchar(255) COLLATE utf8_unicode_ci NOT NULL,
  `includeHigherExperienceLevels` tinyint(1) NOT NULL,
  `careerLevels` varchar(255) COLLATE utf8_unicode_ci NOT NULL,
  `includeHigherCareerLevels` tinyint(1) NOT NULL,
  `positionTypes` varchar(255) COLLATE utf8_unicode_ci NOT NULL,
  `salaryType` char(1) COLLATE utf8_unicode_ci DEFAULT NULL,
  `salaryFrom` bigint(20) DEFAULT NULL,
  `salaryTo` bigint(20) DEFAULT NULL,
  `siteId` int(11) NOT NULL,
  `salaryFromMoney_id` int(11) DEFAULT NULL,
  `salaryToMoney_id` int(11) DEFAULT NULL,
  PRIMARY KEY (`id`),
  UNIQUE KEY `UNIQ_AA3AFA7A3DE47587` (`resume_alert_id`),
  KEY `IDX_AA3AFA7AC32A47EE` (`school_id`),
  KEY `IDX_AA3AFA7AE93695C7` (`major_id`),
  KEY `IDX_AA3AFA7ABDD41D37` (`major_language_id`),
  KEY `IDX_AA3AFA7A82F1BAF4` (`language_id`),
  KEY `IDX_AA3AFA7A34DD95D5` (`salaryFromMoney_id`),
  KEY `IDX_AA3AFA7AC9DB5A23` (`salaryToMoney_id`),
  KEY `idx_siteId` (`siteId`),
  CONSTRAINT `FK_AA3AFA7A34DD95D5` FOREIGN KEY (`salaryFromMoney_id`) REFERENCES `Money` (`id`),
  CONSTRAINT `FK_AA3AFA7A82F1BAF4` FOREIGN KEY (`language_id`) REFERENCES `Language` (`id`),
  CONSTRAINT `FK_AA3AFA7ABDD41D37` FOREIGN KEY (`major_language_id`) REFERENCES `Language` (`id`),
  CONSTRAINT `FK_AA3AFA7AC32A47EE` FOREIGN KEY (`school_id`) REFERENCES `School` (`id`),
  CONSTRAINT `FK_AA3AFA7AC9DB5A23` FOREIGN KEY (`salaryToMoney_id`) REFERENCES `Money` (`id`),
  CONSTRAINT `FK_AA3AFA7AE93695C7` FOREIGN KEY (`major_id`) REFERENCES `Major` (`id`)
) ENGINE=InnoDB AUTO_INCREMENT=12 DEFAULT CHARSET=utf8 COLLATE=utf8_unicode_ci;
/*!40101 SET character_set_client = @saved_cs_client */;

--
-- Dumping data for table `ResumeAlertSearch`
--

LOCK TABLES `ResumeAlertSearch` WRITE;
/*!40000 ALTER TABLE `ResumeAlertSearch` DISABLE KEYS */;
INSERT INTO `ResumeAlertSearch` VALUES (1,NULL,NULL,NULL,NULL,'A',1,NULL,'A',NULL,'B',30,NULL,NULL,0,NULL,NULL,NULL,0,'',0,'E',0,'',NULL,NULL,NULL,1,NULL,NULL),(2,NULL,NULL,NULL,NULL,'A',2,NULL,'A',NULL,'F',50,NULL,'M',0,NULL,NULL,NULL,0,'',0,'E',0,'',NULL,NULL,NULL,1,NULL,NULL),(3,NULL,NULL,NULL,NULL,'A',3,'Nhan','A',1,'B',NULL,NULL,NULL,0,NULL,NULL,NULL,0,'',0,'',0,'',NULL,NULL,NULL,1,NULL,NULL),(4,NULL,NULL,NULL,NULL,'A',4,NULL,'A',NULL,'B',NULL,NULL,NULL,0,NULL,NULL,NULL,0,'',0,'',0,'',NULL,NULL,NULL,1,NULL,NULL),(5,NULL,NULL,NULL,NULL,'A',5,NULL,'A',NULL,'M',NULL,NULL,NULL,0,NULL,NULL,NULL,0,'',0,'',0,'',NULL,NULL,NULL,1,NULL,NULL),(6,NULL,NULL,NULL,NULL,'A',6,NULL,'A',NULL,'F',NULL,NULL,NULL,0,NULL,NULL,NULL,0,'',0,'',0,'',NULL,NULL,NULL,1,NULL,NULL),(7,NULL,NULL,NULL,NULL,'A',7,NULL,'A',NULL,'B',NULL,22,NULL,0,NULL,NULL,NULL,0,'',0,'',0,'',NULL,NULL,NULL,1,NULL,NULL),(8,NULL,NULL,NULL,NULL,'A',8,NULL,'A',NULL,'B',23,NULL,NULL,0,NULL,NULL,NULL,0,'',0,'',0,'',NULL,NULL,NULL,1,NULL,NULL),(9,NULL,NULL,NULL,NULL,'A',9,NULL,'A',NULL,'B',NULL,NULL,NULL,0,NULL,NULL,NULL,0,'',0,'',0,'',NULL,NULL,NULL,1,NULL,NULL),(10,NULL,NULL,NULL,NULL,'A',10,NULL,'A',NULL,'B',NULL,NULL,NULL,0,NULL,NULL,NULL,0,'',0,'',0,'','I',2500000,3500000,1,2,2),(11,NULL,NULL,NULL,NULL,'A',11,NULL,'A',NULL,'B',NULL,NULL,NULL,0,NULL,NULL,NULL,0,'',0,'',0,'','M',3000000,NULL,1,2,NULL);
/*!40000 ALTER TABLE `ResumeAlertSearch` ENABLE KEYS */;
UNLOCK TABLES;

--
-- Table structure for table `ResumeAlertSearchKeywordToken`
--

DROP TABLE IF EXISTS `ResumeAlertSearchKeywordToken`;
/*!40101 SET @saved_cs_client     = @@character_set_client */;
/*!40101 SET character_set_client = utf8 */;
CREATE TABLE `ResumeAlertSearchKeywordToken` (
  `id` int(11) NOT NULL AUTO_INCREMENT,
  `resume_alert_search_id` int(11) DEFAULT NULL,
  `tokenInAscii` longblob NOT NULL,
  `token` longblob NOT NULL,
  PRIMARY KEY (`id`),
  KEY `IDX_97FEE42073483BAA` (`resume_alert_search_id`),
  CONSTRAINT `FK_97FEE42073483BAA` FOREIGN KEY (`resume_alert_search_id`) REFERENCES `ResumeAlertSearch` (`id`)
) ENGINE=InnoDB AUTO_INCREMENT=2 DEFAULT CHARSET=utf8 COLLATE=utf8_unicode_ci;
/*!40101 SET character_set_client = @saved_cs_client */;

--
-- Dumping data for table `ResumeAlertSearchKeywordToken`
--

LOCK TABLES `ResumeAlertSearchKeywordToken` WRITE;
/*!40000 ALTER TABLE `ResumeAlertSearchKeywordToken` DISABLE KEYS */;
INSERT INTO `ResumeAlertSearchKeywordToken` VALUES (1,3,'nhan','nhan');
/*!40000 ALTER TABLE `ResumeAlertSearchKeywordToken` ENABLE KEYS */;
UNLOCK TABLES;

--
-- Table structure for table `ResumeAlertSearches_EducationLevels`
--

DROP TABLE IF EXISTS `ResumeAlertSearches_EducationLevels`;
/*!40101 SET @saved_cs_client     = @@character_set_client */;
/*!40101 SET character_set_client = utf8 */;
CREATE TABLE `ResumeAlertSearches_EducationLevels` (
  `resume_alert_search_id` int(11) NOT NULL,
  `education_level_id` int(11) NOT NULL,
  PRIMARY KEY (`resume_alert_search_id`,`education_level_id`),
  KEY `IDX_778C31C773483BAA` (`resume_alert_search_id`),
  KEY `IDX_778C31C7D7A5352E` (`education_level_id`),
  CONSTRAINT `FK_778C31C773483BAA` FOREIGN KEY (`resume_alert_search_id`) REFERENCES `ResumeAlertSearch` (`id`),
  CONSTRAINT `FK_778C31C7D7A5352E` FOREIGN KEY (`education_level_id`) REFERENCES `EducationLevel` (`id`)
) ENGINE=InnoDB DEFAULT CHARSET=utf8 COLLATE=utf8_unicode_ci;
/*!40101 SET character_set_client = @saved_cs_client */;

--
-- Dumping data for table `ResumeAlertSearches_EducationLevels`
--

LOCK TABLES `ResumeAlertSearches_EducationLevels` WRITE;
/*!40000 ALTER TABLE `ResumeAlertSearches_EducationLevels` DISABLE KEYS */;
/*!40000 ALTER TABLE `ResumeAlertSearches_EducationLevels` ENABLE KEYS */;
UNLOCK TABLES;

--
-- Table structure for table `ResumeAlertSearches_JobCategories`
--

DROP TABLE IF EXISTS `ResumeAlertSearches_JobCategories`;
/*!40101 SET @saved_cs_client     = @@character_set_client */;
/*!40101 SET character_set_client = utf8 */;
CREATE TABLE `ResumeAlertSearches_JobCategories` (
  `resume_alert_search_id` int(11) NOT NULL,
  `job_category_id` int(11) NOT NULL,
  PRIMARY KEY (`resume_alert_search_id`,`job_category_id`),
  KEY `IDX_DE3E1A6673483BAA` (`resume_alert_search_id`),
  KEY `IDX_DE3E1A66712A86AB` (`job_category_id`),
  CONSTRAINT `FK_DE3E1A66712A86AB` FOREIGN KEY (`job_category_id`) REFERENCES `JobCategory` (`id`),
  CONSTRAINT `FK_DE3E1A6673483BAA` FOREIGN KEY (`resume_alert_search_id`) REFERENCES `ResumeAlertSearch` (`id`)
) ENGINE=InnoDB DEFAULT CHARSET=utf8 COLLATE=utf8_unicode_ci;
/*!40101 SET character_set_client = @saved_cs_client */;

--
-- Dumping data for table `ResumeAlertSearches_JobCategories`
--

LOCK TABLES `ResumeAlertSearches_JobCategories` WRITE;
/*!40000 ALTER TABLE `ResumeAlertSearches_JobCategories` DISABLE KEYS */;
INSERT INTO `ResumeAlertSearches_JobCategories` VALUES (2,13),(2,16);
/*!40000 ALTER TABLE `ResumeAlertSearches_JobCategories` ENABLE KEYS */;
UNLOCK TABLES;

--
-- Table structure for table `ResumeAlertSearches_Provinces`
--

DROP TABLE IF EXISTS `ResumeAlertSearches_Provinces`;
/*!40101 SET @saved_cs_client     = @@character_set_client */;
/*!40101 SET character_set_client = utf8 */;
CREATE TABLE `ResumeAlertSearches_Provinces` (
  `resume_alert_search_id` int(11) NOT NULL,
  `province_id` int(11) NOT NULL,
  PRIMARY KEY (`resume_alert_search_id`,`province_id`),
  KEY `IDX_A7DF22E473483BAA` (`resume_alert_search_id`),
  KEY `IDX_A7DF22E4E946114A` (`province_id`),
  CONSTRAINT `FK_A7DF22E473483BAA` FOREIGN KEY (`resume_alert_search_id`) REFERENCES `ResumeAlertSearch` (`id`),
  CONSTRAINT `FK_A7DF22E4E946114A` FOREIGN KEY (`province_id`) REFERENCES `Province` (`id`)
) ENGINE=InnoDB DEFAULT CHARSET=utf8 COLLATE=utf8_unicode_ci;
/*!40101 SET character_set_client = @saved_cs_client */;

--
-- Dumping data for table `ResumeAlertSearches_Provinces`
--

LOCK TABLES `ResumeAlertSearches_Provinces` WRITE;
/*!40000 ALTER TABLE `ResumeAlertSearches_Provinces` DISABLE KEYS */;
INSERT INTO `ResumeAlertSearches_Provinces` VALUES (1,5),(2,6),(9,5),(9,6);
/*!40000 ALTER TABLE `ResumeAlertSearches_Provinces` ENABLE KEYS */;
UNLOCK TABLES;

--
-- Table structure for table `ResumeAttachmentVerification`
--

DROP TABLE IF EXISTS `ResumeAttachmentVerification`;
/*!40101 SET @saved_cs_client     = @@character_set_client */;
/*!40101 SET character_set_client = utf8 */;
CREATE TABLE `ResumeAttachmentVerification` (
  `id` int(11) NOT NULL AUTO_INCREMENT,
  `attachment_resume_id` int(11) DEFAULT NULL,
  `admin_id` int(11) NOT NULL,
  `flags` int(11) NOT NULL,
  PRIMARY KEY (`id`),
  UNIQUE KEY `UNIQ_83B7FCFD642B8210A4BAFD2A` (`admin_id`,`attachment_resume_id`),
  KEY `IDX_83B7FCFDA4BAFD2A` (`attachment_resume_id`),
  CONSTRAINT `FK_83B7FCFDA4BAFD2A` FOREIGN KEY (`attachment_resume_id`) REFERENCES `Resume` (`id`)
) ENGINE=InnoDB DEFAULT CHARSET=utf8 COLLATE=utf8_unicode_ci;
/*!40101 SET character_set_client = @saved_cs_client */;

--
-- Dumping data for table `ResumeAttachmentVerification`
--

LOCK TABLES `ResumeAttachmentVerification` WRITE;
/*!40000 ALTER TABLE `ResumeAttachmentVerification` DISABLE KEYS */;
/*!40000 ALTER TABLE `ResumeAttachmentVerification` ENABLE KEYS */;
UNLOCK TABLES;

--
-- Table structure for table `ResumeCount`
--

DROP TABLE IF EXISTS `ResumeCount`;
/*!40101 SET @saved_cs_client     = @@character_set_client */;
/*!40101 SET character_set_client = utf8 */;
CREATE TABLE `ResumeCount` (
  `id` int(11) NOT NULL AUTO_INCREMENT,
  `job_category_id` int(11) DEFAULT NULL,
  `province_id` int(11) DEFAULT NULL,
  `count` int(11) NOT NULL,
  `isJobCategoryNotSpecified` tinyint(1) DEFAULT NULL,
  `isProvinceNotSpecified` tinyint(1) DEFAULT NULL,
  `siteId` int(11) NOT NULL,
  PRIMARY KEY (`id`),
  UNIQUE KEY `u1` (`siteId`,`job_category_id`,`province_id`),
  UNIQUE KEY `u2` (`siteId`,`job_category_id`,`isProvinceNotSpecified`),
  UNIQUE KEY `u3` (`siteId`,`province_id`,`isJobCategoryNotSpecified`),
  UNIQUE KEY `u4` (`siteId`,`isJobCategoryNotSpecified`,`isProvinceNotSpecified`),
  KEY `IDX_6167556E712A86AB` (`job_category_id`),
  KEY `IDX_6167556EE946114A` (`province_id`),
  CONSTRAINT `FK_6167556E712A86AB` FOREIGN KEY (`job_category_id`) REFERENCES `JobCategory` (`id`) ON DELETE CASCADE,
  CONSTRAINT `FK_6167556EE946114A` FOREIGN KEY (`province_id`) REFERENCES `Province` (`id`) ON DELETE CASCADE
) ENGINE=InnoDB AUTO_INCREMENT=440 DEFAULT CHARSET=utf8 COLLATE=utf8_unicode_ci;
/*!40101 SET character_set_client = @saved_cs_client */;

--
-- Dumping data for table `ResumeCount`
--

LOCK TABLES `ResumeCount` WRITE;
/*!40000 ALTER TABLE `ResumeCount` DISABLE KEYS */;
INSERT INTO `ResumeCount` VALUES (1,20,34,2,NULL,NULL,1),(2,20,5,4,NULL,NULL,1),(3,20,NULL,5,NULL,1,1),(4,NULL,34,2,1,NULL,1),(5,NULL,5,28,1,NULL,1),(6,NULL,NULL,50,1,1,1),(7,35,35,1,NULL,NULL,1),(8,35,5,2,NULL,NULL,1),(9,35,NULL,2,NULL,1,1),(10,22,35,1,NULL,NULL,1),(11,22,5,3,NULL,NULL,1),(12,22,NULL,6,NULL,1,1),(13,NULL,35,1,1,NULL,1),(16,34,7,1,NULL,NULL,1),(17,34,5,3,NULL,NULL,1),(18,34,NULL,4,NULL,1,1),(19,37,7,1,NULL,NULL,1),(20,37,5,1,NULL,NULL,1),(21,37,NULL,2,NULL,1,1),(22,6,7,1,NULL,NULL,1),(23,6,5,2,NULL,NULL,1),(24,6,NULL,4,NULL,1,1),(25,NULL,7,2,1,NULL,1),(28,45,31,1,NULL,NULL,1),(29,45,8,1,NULL,NULL,1),(30,45,5,2,NULL,NULL,1),(31,45,NULL,2,NULL,1,1),(32,NULL,31,5,1,NULL,1),(33,NULL,8,2,1,NULL,1),(36,35,50,1,NULL,NULL,1),(37,35,31,1,NULL,NULL,1),(40,NULL,50,2,1,NULL,1),(44,45,32,1,NULL,NULL,1),(47,26,32,1,NULL,NULL,1),(48,26,5,1,NULL,NULL,1),(49,26,NULL,2,NULL,1,1),(50,14,32,1,NULL,NULL,1),(51,14,5,3,NULL,NULL,1),(52,14,NULL,5,NULL,1,1),(53,NULL,32,3,1,NULL,1),(56,39,20,1,NULL,NULL,1),(57,39,32,1,NULL,NULL,1),(58,39,NULL,2,NULL,1,1),(59,24,20,1,NULL,NULL,1),(60,24,32,1,NULL,NULL,1),(61,24,NULL,2,NULL,1,1),(62,NULL,20,4,1,NULL,1),(65,41,62,1,NULL,NULL,1),(66,41,24,1,NULL,NULL,1),(67,41,5,1,NULL,NULL,1),(68,41,NULL,1,NULL,1,1),(69,22,62,1,NULL,NULL,1),(70,22,24,1,NULL,NULL,1),(73,NULL,62,3,1,NULL,1),(74,NULL,24,1,1,NULL,1),(77,5,31,1,NULL,NULL,1),(78,5,NULL,2,NULL,1,1),(81,39,55,1,NULL,NULL,1),(82,39,5,1,NULL,NULL,1),(84,4,55,1,NULL,NULL,1),(85,4,5,2,NULL,NULL,1),(86,4,NULL,2,NULL,1,1),(87,23,55,1,NULL,NULL,1),(88,23,5,5,NULL,NULL,1),(89,23,NULL,5,NULL,1,1),(90,NULL,55,3,1,NULL,1),(93,33,45,1,NULL,NULL,1),(94,33,10,1,NULL,NULL,1),(95,33,5,1,NULL,NULL,1),(96,33,NULL,4,NULL,1,1),(97,NULL,45,1,1,NULL,1),(98,NULL,10,3,1,NULL,1),(101,31,16,1,NULL,NULL,1),(102,31,5,1,NULL,NULL,1),(103,31,NULL,2,NULL,1,1),(104,NULL,16,1,1,NULL,1),(107,19,31,1,NULL,NULL,1),(108,19,44,1,NULL,NULL,1),(109,19,NULL,6,NULL,1,1),(111,NULL,44,2,1,NULL,1),(113,21,55,2,NULL,NULL,1),(114,21,27,1,NULL,NULL,1),(115,21,5,2,NULL,NULL,1),(116,21,NULL,4,NULL,1,1),(117,19,55,1,NULL,NULL,1),(118,19,27,1,NULL,NULL,1),(119,19,5,4,NULL,NULL,1),(121,12,55,1,NULL,NULL,1),(122,12,27,1,NULL,NULL,1),(123,12,5,1,NULL,NULL,1),(124,12,NULL,1,NULL,1,1),(126,NULL,27,3,1,NULL,1),(129,40,60,1,NULL,NULL,1),(130,40,NULL,4,NULL,1,1),(131,NULL,60,1,1,NULL,1),(133,20,59,1,NULL,NULL,1),(136,NULL,59,1,1,NULL,1),(139,3,54,1,NULL,NULL,1),(140,3,57,1,NULL,NULL,1),(141,3,NULL,2,NULL,1,1),(142,27,54,1,NULL,NULL,1),(143,27,57,1,NULL,NULL,1),(144,27,NULL,1,NULL,1,1),(145,17,54,1,NULL,NULL,1),(146,17,57,1,NULL,NULL,1),(147,17,NULL,1,NULL,1,1),(148,NULL,54,1,1,NULL,1),(149,NULL,57,2,1,NULL,1),(151,22,36,1,NULL,NULL,1),(152,22,15,1,NULL,NULL,1),(154,NULL,36,1,1,NULL,1),(155,NULL,15,1,1,NULL,1),(157,20,68,1,NULL,NULL,1),(158,20,62,1,NULL,NULL,1),(160,40,68,1,NULL,NULL,1),(161,40,62,1,NULL,NULL,1),(163,NULL,68,3,1,NULL,1),(166,23,46,1,NULL,NULL,1),(167,23,8,1,NULL,NULL,1),(170,NULL,46,2,1,NULL,1),(174,1,13,1,NULL,NULL,1),(175,1,5,3,NULL,NULL,1),(176,1,NULL,3,NULL,1,1),(177,40,13,1,NULL,NULL,1),(178,40,5,1,NULL,NULL,1),(180,NULL,13,1,1,NULL,1),(183,31,22,1,NULL,NULL,1),(184,31,9,1,NULL,NULL,1),(186,NULL,22,2,1,NULL,1),(187,NULL,9,2,1,NULL,1),(189,33,39,1,NULL,NULL,1),(190,33,56,1,NULL,NULL,1),(192,18,39,1,NULL,NULL,1),(193,18,56,1,NULL,NULL,1),(194,18,NULL,1,NULL,1,1),(195,42,39,1,NULL,NULL,1),(196,42,56,1,NULL,NULL,1),(197,42,NULL,3,NULL,1,1),(198,NULL,39,3,1,NULL,1),(199,NULL,56,1,1,NULL,1),(201,8,41,1,NULL,NULL,1),(202,8,26,1,NULL,NULL,1),(203,8,5,1,NULL,NULL,1),(204,8,NULL,1,NULL,1,1),(205,19,41,1,NULL,NULL,1),(206,19,26,1,NULL,NULL,1),(209,21,41,1,NULL,NULL,1),(210,21,26,1,NULL,NULL,1),(213,NULL,41,1,1,NULL,1),(214,NULL,26,1,1,NULL,1),(217,43,32,1,NULL,NULL,1),(218,43,NULL,3,NULL,1,1),(219,37,32,1,NULL,NULL,1),(223,7,38,1,NULL,NULL,1),(224,7,5,1,NULL,NULL,1),(225,7,NULL,2,NULL,1,1),(226,1,38,1,NULL,NULL,1),(229,NULL,38,2,1,NULL,1),(232,7,44,1,NULL,NULL,1),(233,7,10,1,NULL,NULL,1),(235,34,44,1,NULL,NULL,1),(236,34,10,1,NULL,NULL,1),(238,43,44,1,NULL,NULL,1),(239,43,10,1,NULL,NULL,1),(244,14,9,1,NULL,NULL,1),(245,14,25,1,NULL,NULL,1),(247,44,9,1,NULL,NULL,1),(248,44,25,1,NULL,NULL,1),(249,44,NULL,3,NULL,1,1),(250,6,9,1,NULL,NULL,1),(251,6,25,1,NULL,NULL,1),(254,NULL,25,1,1,NULL,1),(256,24,39,1,NULL,NULL,1),(257,24,5,1,NULL,NULL,1),(259,4,39,1,NULL,NULL,1),(262,14,39,1,NULL,NULL,1),(268,5,27,1,NULL,NULL,1),(269,5,62,1,NULL,NULL,1),(274,19,19,1,NULL,NULL,1),(277,NULL,19,1,1,NULL,1),(280,22,11,1,NULL,NULL,1),(281,22,68,1,NULL,NULL,1),(283,43,11,1,NULL,NULL,1),(284,43,68,1,NULL,NULL,1),(286,38,11,1,NULL,NULL,1),(287,38,68,1,NULL,NULL,1),(288,38,NULL,2,NULL,1,1),(289,NULL,11,1,1,NULL,1),(292,15,20,1,NULL,NULL,1),(293,15,5,1,NULL,NULL,1),(294,15,NULL,1,NULL,1,1),(295,36,20,1,NULL,NULL,1),(296,36,5,2,NULL,NULL,1),(297,36,NULL,2,NULL,1,1),(301,6,10,1,NULL,NULL,1),(302,6,12,1,NULL,NULL,1),(306,NULL,12,1,1,NULL,1),(309,33,20,1,NULL,NULL,1),(313,3,38,1,NULL,NULL,1),(314,3,50,1,NULL,NULL,1),(315,3,5,1,NULL,NULL,1),(317,42,38,1,NULL,NULL,1),(318,42,50,1,NULL,NULL,1),(319,42,5,1,NULL,NULL,1),(321,22,38,1,NULL,NULL,1),(322,22,50,1,NULL,NULL,1),(329,34,27,1,NULL,NULL,1),(332,23,27,1,NULL,NULL,1),(338,20,63,1,NULL,NULL,1),(341,NULL,63,1,1,NULL,1),(344,6,39,1,NULL,NULL,1),(348,14,23,1,NULL,NULL,1),(351,23,23,1,NULL,NULL,1),(354,36,23,1,NULL,NULL,1),(357,NULL,23,2,1,NULL,1),(360,21,7,1,NULL,NULL,1),(364,38,20,1,NULL,NULL,1),(365,38,23,1,NULL,NULL,1),(366,38,5,1,NULL,NULL,1),(372,22,43,1,NULL,NULL,1),(373,22,40,1,NULL,NULL,1),(375,40,43,1,NULL,NULL,1),(376,40,40,1,NULL,NULL,1),(378,44,43,2,NULL,NULL,1),(379,44,40,1,NULL,NULL,1),(381,NULL,43,3,1,NULL,1),(382,NULL,40,1,1,NULL,1),(384,34,49,1,NULL,NULL,1),(385,34,46,1,NULL,NULL,1),(388,19,49,1,NULL,NULL,1),(389,19,46,1,NULL,NULL,1),(392,NULL,49,1,1,NULL,1),(397,44,57,1,NULL,NULL,1),(402,26,64,1,NULL,NULL,1),(404,28,64,1,NULL,NULL,1),(405,28,NULL,1,NULL,1,1),(406,NULL,64,1,1,NULL,1),(408,19,68,1,NULL,NULL,1),(409,19,22,1,NULL,NULL,1),(411,42,68,1,NULL,NULL,1),(412,42,22,1,NULL,NULL,1),(417,23,43,1,NULL,NULL,1),(418,23,34,1,NULL,NULL,1),(421,20,43,1,NULL,NULL,1),(429,1,31,1,NULL,NULL,1),(430,1,58,1,NULL,NULL,1),(434,NULL,58,1,1,NULL,1),(437,14,55,1,NULL,NULL,1),(439,33,55,1,NULL,NULL,1);
/*!40000 ALTER TABLE `ResumeCount` ENABLE KEYS */;
UNLOCK TABLES;

--
-- Table structure for table `ResumeEducation`
--

DROP TABLE IF EXISTS `ResumeEducation`;
/*!40101 SET @saved_cs_client     = @@character_set_client */;
/*!40101 SET character_set_client = utf8 */;
CREATE TABLE `ResumeEducation` (
  `id` int(11) NOT NULL AUTO_INCREMENT,
  `resume_id` int(11) DEFAULT NULL,
  `school_id` int(11) DEFAULT NULL,
  `education_level_id` int(11) DEFAULT NULL,
  `major_id` int(11) DEFAULT NULL,
  `major_language_id` int(11) DEFAULT NULL,
  `country_id` int(11) DEFAULT NULL,
  `schoolName` varchar(255) COLLATE utf8_unicode_ci DEFAULT NULL,
  `majorName` varchar(255) COLLATE utf8_unicode_ci DEFAULT NULL,
  `startDate` date DEFAULT NULL,
  `endDate` date DEFAULT NULL,
  `educationDescription` longtext COLLATE utf8_unicode_ci,
  `sort` int(11) NOT NULL,
  PRIMARY KEY (`id`),
  KEY `IDX_51198D7AD262AF09` (`resume_id`),
  KEY `IDX_51198D7AC32A47EE` (`school_id`),
  KEY `IDX_51198D7AD7A5352E` (`education_level_id`),
  KEY `IDX_51198D7AE93695C7` (`major_id`),
  KEY `IDX_51198D7ABDD41D37` (`major_language_id`),
  KEY `IDX_51198D7AF92F3E70` (`country_id`),
  CONSTRAINT `FK_51198D7ABDD41D37` FOREIGN KEY (`major_language_id`) REFERENCES `Language` (`id`),
  CONSTRAINT `FK_51198D7AC32A47EE` FOREIGN KEY (`school_id`) REFERENCES `School` (`id`),
  CONSTRAINT `FK_51198D7AD262AF09` FOREIGN KEY (`resume_id`) REFERENCES `Resume` (`id`),
  CONSTRAINT `FK_51198D7AD7A5352E` FOREIGN KEY (`education_level_id`) REFERENCES `EducationLevel` (`id`),
  CONSTRAINT `FK_51198D7AE93695C7` FOREIGN KEY (`major_id`) REFERENCES `Major` (`id`),
  CONSTRAINT `FK_51198D7AF92F3E70` FOREIGN KEY (`country_id`) REFERENCES `Country` (`id`)
) ENGINE=InnoDB AUTO_INCREMENT=108 DEFAULT CHARSET=utf8 COLLATE=utf8_unicode_ci;
/*!40101 SET character_set_client = @saved_cs_client */;

--
-- Dumping data for table `ResumeEducation`
--

LOCK TABLES `ResumeEducation` WRITE;
/*!40000 ALTER TABLE `ResumeEducation` DISABLE KEYS */;
INSERT INTO `ResumeEducation` VALUES (1,1,2,6,3,4,1,NULL,NULL,'2007-09-01','2011-05-01','-  Cử nhân Triết học (loại khá) Trường ĐH Khoa Học Xã Hội & Nhân Văn TP.HCM\n+ Bằng cấp & Chứng chỉ khác:\n    -       Lập trình - Ngôn ngữ - Tư duy (Neuro – Linguistic Programming) do học viện Leading Performance SingaPore cấp;\n    -       Kĩ năng giao tiếp hiệu quả do Công ty Cổ Phần Đào Tạo Tư Duy Việt (VietMinds) cấp.\n    -       Quản trị Nhân sự của trường ĐH Kinh Tế TPHCM (sắp hoàn tất).',0),(2,2,2,6,NULL,NULL,NULL,NULL,NULL,'2007-09-01','2011-05-01','-  Cử nhân Triết học (loại khá) Trường ĐH Khoa Học Xã Hội & Nhân Văn TP.HCM\n+ Bằng cấp & Chứng chỉ khác:\n    -       Lập trình - Ngôn ngữ - Tư duy (Neuro – Linguistic Programming) do học viện Leading Performance SingaPore cấp;\n    -       Kĩ năng giao tiếp hiệu quả do Công ty Cổ Phần Đào Tạo Tư Duy Việt (VietMinds) cấp.\n    -       Quản trị Nhân sự của trường ĐH Kinh Tế TPHCM (sắp hoàn tất).',0),(3,3,2,6,3,4,1,NULL,NULL,'2007-09-01','2011-05-01','-  Cử nhân Triết học (loại khá) Trường ĐH Khoa Học Xã Hội & Nhân Văn TP.HCM\n+ Bằng cấp & Chứng chỉ khác:\n    -       Lập trình - Ngôn ngữ - Tư duy (Neuro – Linguistic Programming) do học viện Leading Performance SingaPore cấp;\n    -       Kĩ năng giao tiếp hiệu quả do Công ty Cổ Phần Đào Tạo Tư Duy Việt (VietMinds) cấp.\n    -       Quản trị Nhân sự của trường ĐH Kinh Tế TPHCM (sắp hoàn tất).',0),(4,4,2,6,NULL,NULL,NULL,NULL,NULL,'2007-09-01','2011-05-01','-  Cử nhân Triết học (loại khá) Trường ĐH Khoa Học Xã Hội & Nhân Văn TP.HCM\n+ Bằng cấp & Chứng chỉ khác:\n    -       Lập trình - Ngôn ngữ - Tư duy (Neuro – Linguistic Programming) do học viện Leading Performance SingaPore cấp;\n    -       Kĩ năng giao tiếp hiệu quả do Công ty Cổ Phần Đào Tạo Tư Duy Việt (VietMinds) cấp.\n    -       Quản trị Nhân sự của trường ĐH Kinh Tế TPHCM (sắp hoàn tất).',0),(5,5,2,6,3,4,1,NULL,NULL,'2007-09-01','2011-05-01','-  Cử nhân Triết học (loại khá) Trường ĐH Khoa Học Xã Hội & Nhân Văn TP.HCM\n+ Bằng cấp & Chứng chỉ khác:\n    -       Lập trình - Ngôn ngữ - Tư duy (Neuro – Linguistic Programming) do học viện Leading Performance SingaPore cấp;\n    -       Kĩ năng giao tiếp hiệu quả do Công ty Cổ Phần Đào Tạo Tư Duy Việt (VietMinds) cấp.\n    -       Quản trị Nhân sự của trường ĐH Kinh Tế TPHCM (sắp hoàn tất).',0),(6,6,2,6,NULL,NULL,NULL,NULL,NULL,'2007-09-01','2011-05-01','-  Cử nhân Triết học (loại khá) Trường ĐH Khoa Học Xã Hội & Nhân Văn TP.HCM\n+ Bằng cấp & Chứng chỉ khác:\n    -       Lập trình - Ngôn ngữ - Tư duy (Neuro – Linguistic Programming) do học viện Leading Performance SingaPore cấp;\n    -       Kĩ năng giao tiếp hiệu quả do Công ty Cổ Phần Đào Tạo Tư Duy Việt (VietMinds) cấp.\n    -       Quản trị Nhân sự của trường ĐH Kinh Tế TPHCM (sắp hoàn tất).',0),(7,7,2,6,3,4,1,NULL,NULL,'2007-09-01','2011-05-01','-  Cử nhân Triết học (loại khá) Trường ĐH Khoa Học Xã Hội & Nhân Văn TP.HCM\n+ Bằng cấp & Chứng chỉ khác:\n    -       Lập trình - Ngôn ngữ - Tư duy (Neuro – Linguistic Programming) do học viện Leading Performance SingaPore cấp;\n    -       Kĩ năng giao tiếp hiệu quả do Công ty Cổ Phần Đào Tạo Tư Duy Việt (VietMinds) cấp.\n    -       Quản trị Nhân sự của trường ĐH Kinh Tế TPHCM (sắp hoàn tất).',0),(8,8,2,6,NULL,NULL,NULL,NULL,NULL,'2007-09-01','2011-05-01','-  Cử nhân Triết học (loại khá) Trường ĐH Khoa Học Xã Hội & Nhân Văn TP.HCM\n+ Bằng cấp & Chứng chỉ khác:\n    -       Lập trình - Ngôn ngữ - Tư duy (Neuro – Linguistic Programming) do học viện Leading Performance SingaPore cấp;\n    -       Kĩ năng giao tiếp hiệu quả do Công ty Cổ Phần Đào Tạo Tư Duy Việt (VietMinds) cấp.\n    -       Quản trị Nhân sự của trường ĐH Kinh Tế TPHCM (sắp hoàn tất).',0),(9,9,2,6,3,4,1,NULL,NULL,'2007-09-01','2011-05-01','-  Cử nhân Triết học (loại khá) Trường ĐH Khoa Học Xã Hội & Nhân Văn TP.HCM\n+ Bằng cấp & Chứng chỉ khác:\n    -       Lập trình - Ngôn ngữ - Tư duy (Neuro – Linguistic Programming) do học viện Leading Performance SingaPore cấp;\n    -       Kĩ năng giao tiếp hiệu quả do Công ty Cổ Phần Đào Tạo Tư Duy Việt (VietMinds) cấp.\n    -       Quản trị Nhân sự của trường ĐH Kinh Tế TPHCM (sắp hoàn tất).',0),(10,10,2,6,NULL,NULL,NULL,NULL,NULL,'2007-09-01','2011-05-01','-  Cử nhân Triết học (loại khá) Trường ĐH Khoa Học Xã Hội & Nhân Văn TP.HCM\n+ Bằng cấp & Chứng chỉ khác:\n    -       Lập trình - Ngôn ngữ - Tư duy (Neuro – Linguistic Programming) do học viện Leading Performance SingaPore cấp;\n    -       Kĩ năng giao tiếp hiệu quả do Công ty Cổ Phần Đào Tạo Tư Duy Việt (VietMinds) cấp.\n    -       Quản trị Nhân sự của trường ĐH Kinh Tế TPHCM (sắp hoàn tất).',0),(11,11,2,6,3,4,1,NULL,NULL,'2007-09-01','2011-05-01','-  Cử nhân Triết học (loại khá) Trường ĐH Khoa Học Xã Hội & Nhân Văn TP.HCM\n+ Bằng cấp & Chứng chỉ khác:\n    -       Lập trình - Ngôn ngữ - Tư duy (Neuro – Linguistic Programming) do học viện Leading Performance SingaPore cấp;\n    -       Kĩ năng giao tiếp hiệu quả do Công ty Cổ Phần Đào Tạo Tư Duy Việt (VietMinds) cấp.\n    -       Quản trị Nhân sự của trường ĐH Kinh Tế TPHCM (sắp hoàn tất).',0),(12,12,2,6,NULL,NULL,NULL,NULL,NULL,'2007-09-01','2011-05-01','-  Cử nhân Triết học (loại khá) Trường ĐH Khoa Học Xã Hội & Nhân Văn TP.HCM\n+ Bằng cấp & Chứng chỉ khác:\n    -       Lập trình - Ngôn ngữ - Tư duy (Neuro – Linguistic Programming) do học viện Leading Performance SingaPore cấp;\n    -       Kĩ năng giao tiếp hiệu quả do Công ty Cổ Phần Đào Tạo Tư Duy Việt (VietMinds) cấp.\n    -       Quản trị Nhân sự của trường ĐH Kinh Tế TPHCM (sắp hoàn tất).',0),(13,13,2,6,3,4,1,NULL,NULL,'2007-09-01','2011-05-01','-  Cử nhân Triết học (loại khá) Trường ĐH Khoa Học Xã Hội & Nhân Văn TP.HCM\n+ Bằng cấp & Chứng chỉ khác:\n    -       Lập trình - Ngôn ngữ - Tư duy (Neuro – Linguistic Programming) do học viện Leading Performance SingaPore cấp;\n    -       Kĩ năng giao tiếp hiệu quả do Công ty Cổ Phần Đào Tạo Tư Duy Việt (VietMinds) cấp.\n    -       Quản trị Nhân sự của trường ĐH Kinh Tế TPHCM (sắp hoàn tất).',0),(14,14,2,6,NULL,NULL,NULL,NULL,NULL,'2007-09-01','2011-05-01','-  Cử nhân Triết học (loại khá) Trường ĐH Khoa Học Xã Hội & Nhân Văn TP.HCM\n+ Bằng cấp & Chứng chỉ khác:\n    -       Lập trình - Ngôn ngữ - Tư duy (Neuro – Linguistic Programming) do học viện Leading Performance SingaPore cấp;\n    -       Kĩ năng giao tiếp hiệu quả do Công ty Cổ Phần Đào Tạo Tư Duy Việt (VietMinds) cấp.\n    -       Quản trị Nhân sự của trường ĐH Kinh Tế TPHCM (sắp hoàn tất).',0),(15,15,2,6,3,4,1,NULL,NULL,'2007-09-01','2011-05-01','-  Cử nhân Triết học (loại khá) Trường ĐH Khoa Học Xã Hội & Nhân Văn TP.HCM\n+ Bằng cấp & Chứng chỉ khác:\n    -       Lập trình - Ngôn ngữ - Tư duy (Neuro – Linguistic Programming) do học viện Leading Performance SingaPore cấp;\n    -       Kĩ năng giao tiếp hiệu quả do Công ty Cổ Phần Đào Tạo Tư Duy Việt (VietMinds) cấp.\n    -       Quản trị Nhân sự của trường ĐH Kinh Tế TPHCM (sắp hoàn tất).',0),(16,16,2,6,NULL,NULL,NULL,NULL,NULL,'2007-09-01','2011-05-01','-  Cử nhân Triết học (loại khá) Trường ĐH Khoa Học Xã Hội & Nhân Văn TP.HCM\n+ Bằng cấp & Chứng chỉ khác:\n    -       Lập trình - Ngôn ngữ - Tư duy (Neuro – Linguistic Programming) do học viện Leading Performance SingaPore cấp;\n    -       Kĩ năng giao tiếp hiệu quả do Công ty Cổ Phần Đào Tạo Tư Duy Việt (VietMinds) cấp.\n    -       Quản trị Nhân sự của trường ĐH Kinh Tế TPHCM (sắp hoàn tất).',0),(17,17,2,6,3,4,1,NULL,NULL,'2007-09-01','2011-05-01','-  Cử nhân Triết học (loại khá) Trường ĐH Khoa Học Xã Hội & Nhân Văn TP.HCM\n+ Bằng cấp & Chứng chỉ khác:\n    -       Lập trình - Ngôn ngữ - Tư duy (Neuro – Linguistic Programming) do học viện Leading Performance SingaPore cấp;\n    -       Kĩ năng giao tiếp hiệu quả do Công ty Cổ Phần Đào Tạo Tư Duy Việt (VietMinds) cấp.\n    -       Quản trị Nhân sự của trường ĐH Kinh Tế TPHCM (sắp hoàn tất).',0),(18,18,2,6,NULL,NULL,NULL,NULL,NULL,'2007-09-01','2011-05-01','-  Cử nhân Triết học (loại khá) Trường ĐH Khoa Học Xã Hội & Nhân Văn TP.HCM\n+ Bằng cấp & Chứng chỉ khác:\n    -       Lập trình - Ngôn ngữ - Tư duy (Neuro – Linguistic Programming) do học viện Leading Performance SingaPore cấp;\n    -       Kĩ năng giao tiếp hiệu quả do Công ty Cổ Phần Đào Tạo Tư Duy Việt (VietMinds) cấp.\n    -       Quản trị Nhân sự của trường ĐH Kinh Tế TPHCM (sắp hoàn tất).',0),(19,19,2,6,3,4,1,NULL,NULL,'2007-09-01','2011-05-01','-  Cử nhân Triết học (loại khá) Trường ĐH Khoa Học Xã Hội & Nhân Văn TP.HCM\n+ Bằng cấp & Chứng chỉ khác:\n    -       Lập trình - Ngôn ngữ - Tư duy (Neuro – Linguistic Programming) do học viện Leading Performance SingaPore cấp;\n    -       Kĩ năng giao tiếp hiệu quả do Công ty Cổ Phần Đào Tạo Tư Duy Việt (VietMinds) cấp.\n    -       Quản trị Nhân sự của trường ĐH Kinh Tế TPHCM (sắp hoàn tất).',0),(20,20,2,6,NULL,NULL,NULL,NULL,NULL,'2007-09-01','2011-05-01','-  Cử nhân Triết học (loại khá) Trường ĐH Khoa Học Xã Hội & Nhân Văn TP.HCM\n+ Bằng cấp & Chứng chỉ khác:\n    -       Lập trình - Ngôn ngữ - Tư duy (Neuro – Linguistic Programming) do học viện Leading Performance SingaPore cấp;\n    -       Kĩ năng giao tiếp hiệu quả do Công ty Cổ Phần Đào Tạo Tư Duy Việt (VietMinds) cấp.\n    -       Quản trị Nhân sự của trường ĐH Kinh Tế TPHCM (sắp hoàn tất).',0),(21,21,2,6,3,4,1,NULL,NULL,'2007-09-01','2011-05-01','-  Cử nhân Triết học (loại khá) Trường ĐH Khoa Học Xã Hội & Nhân Văn TP.HCM\n+ Bằng cấp & Chứng chỉ khác:\n    -       Lập trình - Ngôn ngữ - Tư duy (Neuro – Linguistic Programming) do học viện Leading Performance SingaPore cấp;\n    -       Kĩ năng giao tiếp hiệu quả do Công ty Cổ Phần Đào Tạo Tư Duy Việt (VietMinds) cấp.\n    -       Quản trị Nhân sự của trường ĐH Kinh Tế TPHCM (sắp hoàn tất).',0),(22,22,2,6,NULL,NULL,NULL,NULL,NULL,'2007-09-01','2011-05-01','-  Cử nhân Triết học (loại khá) Trường ĐH Khoa Học Xã Hội & Nhân Văn TP.HCM\n+ Bằng cấp & Chứng chỉ khác:\n    -       Lập trình - Ngôn ngữ - Tư duy (Neuro – Linguistic Programming) do học viện Leading Performance SingaPore cấp;\n    -       Kĩ năng giao tiếp hiệu quả do Công ty Cổ Phần Đào Tạo Tư Duy Việt (VietMinds) cấp.\n    -       Quản trị Nhân sự của trường ĐH Kinh Tế TPHCM (sắp hoàn tất).',0),(23,23,2,6,3,4,1,NULL,NULL,'2007-09-01','2011-05-01','-  Cử nhân Triết học (loại khá) Trường ĐH Khoa Học Xã Hội & Nhân Văn TP.HCM\n+ Bằng cấp & Chứng chỉ khác:\n    -       Lập trình - Ngôn ngữ - Tư duy (Neuro – Linguistic Programming) do học viện Leading Performance SingaPore cấp;\n    -       Kĩ năng giao tiếp hiệu quả do Công ty Cổ Phần Đào Tạo Tư Duy Việt (VietMinds) cấp.\n    -       Quản trị Nhân sự của trường ĐH Kinh Tế TPHCM (sắp hoàn tất).',0),(24,24,2,6,NULL,NULL,NULL,NULL,NULL,'2007-09-01','2011-05-01','-  Cử nhân Triết học (loại khá) Trường ĐH Khoa Học Xã Hội & Nhân Văn TP.HCM\n+ Bằng cấp & Chứng chỉ khác:\n    -       Lập trình - Ngôn ngữ - Tư duy (Neuro – Linguistic Programming) do học viện Leading Performance SingaPore cấp;\n    -       Kĩ năng giao tiếp hiệu quả do Công ty Cổ Phần Đào Tạo Tư Duy Việt (VietMinds) cấp.\n    -       Quản trị Nhân sự của trường ĐH Kinh Tế TPHCM (sắp hoàn tất).',0),(25,25,2,6,3,4,1,NULL,NULL,'2007-09-01','2011-05-01','-  Cử nhân Triết học (loại khá) Trường ĐH Khoa Học Xã Hội & Nhân Văn TP.HCM\n+ Bằng cấp & Chứng chỉ khác:\n    -       Lập trình - Ngôn ngữ - Tư duy (Neuro – Linguistic Programming) do học viện Leading Performance SingaPore cấp;\n    -       Kĩ năng giao tiếp hiệu quả do Công ty Cổ Phần Đào Tạo Tư Duy Việt (VietMinds) cấp.\n    -       Quản trị Nhân sự của trường ĐH Kinh Tế TPHCM (sắp hoàn tất).',0),(26,26,2,6,NULL,NULL,NULL,NULL,NULL,'2007-09-01','2011-05-01','-  Cử nhân Triết học (loại khá) Trường ĐH Khoa Học Xã Hội & Nhân Văn TP.HCM\n+ Bằng cấp & Chứng chỉ khác:\n    -       Lập trình - Ngôn ngữ - Tư duy (Neuro – Linguistic Programming) do học viện Leading Performance SingaPore cấp;\n    -       Kĩ năng giao tiếp hiệu quả do Công ty Cổ Phần Đào Tạo Tư Duy Việt (VietMinds) cấp.\n    -       Quản trị Nhân sự của trường ĐH Kinh Tế TPHCM (sắp hoàn tất).',0),(27,27,2,6,3,4,1,NULL,NULL,'2007-09-01','2011-05-01','-  Cử nhân Triết học (loại khá) Trường ĐH Khoa Học Xã Hội & Nhân Văn TP.HCM\n+ Bằng cấp & Chứng chỉ khác:\n    -       Lập trình - Ngôn ngữ - Tư duy (Neuro – Linguistic Programming) do học viện Leading Performance SingaPore cấp;\n    -       Kĩ năng giao tiếp hiệu quả do Công ty Cổ Phần Đào Tạo Tư Duy Việt (VietMinds) cấp.\n    -       Quản trị Nhân sự của trường ĐH Kinh Tế TPHCM (sắp hoàn tất).',0),(28,28,2,6,NULL,NULL,NULL,NULL,NULL,'2007-09-01','2011-05-01','-  Cử nhân Triết học (loại khá) Trường ĐH Khoa Học Xã Hội & Nhân Văn TP.HCM\n+ Bằng cấp & Chứng chỉ khác:\n    -       Lập trình - Ngôn ngữ - Tư duy (Neuro – Linguistic Programming) do học viện Leading Performance SingaPore cấp;\n    -       Kĩ năng giao tiếp hiệu quả do Công ty Cổ Phần Đào Tạo Tư Duy Việt (VietMinds) cấp.\n    -       Quản trị Nhân sự của trường ĐH Kinh Tế TPHCM (sắp hoàn tất).',0),(29,29,2,6,3,4,1,NULL,NULL,'2007-09-01','2011-05-01','-  Cử nhân Triết học (loại khá) Trường ĐH Khoa Học Xã Hội & Nhân Văn TP.HCM\n+ Bằng cấp & Chứng chỉ khác:\n    -       Lập trình - Ngôn ngữ - Tư duy (Neuro – Linguistic Programming) do học viện Leading Performance SingaPore cấp;\n    -       Kĩ năng giao tiếp hiệu quả do Công ty Cổ Phần Đào Tạo Tư Duy Việt (VietMinds) cấp.\n    -       Quản trị Nhân sự của trường ĐH Kinh Tế TPHCM (sắp hoàn tất).',0),(30,30,2,6,NULL,NULL,NULL,NULL,NULL,'2007-09-01','2011-05-01','-  Cử nhân Triết học (loại khá) Trường ĐH Khoa Học Xã Hội & Nhân Văn TP.HCM\n+ Bằng cấp & Chứng chỉ khác:\n    -       Lập trình - Ngôn ngữ - Tư duy (Neuro – Linguistic Programming) do học viện Leading Performance SingaPore cấp;\n    -       Kĩ năng giao tiếp hiệu quả do Công ty Cổ Phần Đào Tạo Tư Duy Việt (VietMinds) cấp.\n    -       Quản trị Nhân sự của trường ĐH Kinh Tế TPHCM (sắp hoàn tất).',0),(31,31,2,6,3,4,1,NULL,NULL,'2007-09-01','2011-05-01','-  Cử nhân Triết học (loại khá) Trường ĐH Khoa Học Xã Hội & Nhân Văn TP.HCM\n+ Bằng cấp & Chứng chỉ khác:\n    -       Lập trình - Ngôn ngữ - Tư duy (Neuro – Linguistic Programming) do học viện Leading Performance SingaPore cấp;\n    -       Kĩ năng giao tiếp hiệu quả do Công ty Cổ Phần Đào Tạo Tư Duy Việt (VietMinds) cấp.\n    -       Quản trị Nhân sự của trường ĐH Kinh Tế TPHCM (sắp hoàn tất).',0),(32,32,2,6,NULL,NULL,NULL,NULL,NULL,'2007-09-01','2011-05-01','-  Cử nhân Triết học (loại khá) Trường ĐH Khoa Học Xã Hội & Nhân Văn TP.HCM\n+ Bằng cấp & Chứng chỉ khác:\n    -       Lập trình - Ngôn ngữ - Tư duy (Neuro – Linguistic Programming) do học viện Leading Performance SingaPore cấp;\n    -       Kĩ năng giao tiếp hiệu quả do Công ty Cổ Phần Đào Tạo Tư Duy Việt (VietMinds) cấp.\n    -       Quản trị Nhân sự của trường ĐH Kinh Tế TPHCM (sắp hoàn tất).',0),(33,33,2,6,3,4,1,NULL,NULL,'2007-09-01','2011-05-01','-  Cử nhân Triết học (loại khá) Trường ĐH Khoa Học Xã Hội & Nhân Văn TP.HCM\n+ Bằng cấp & Chứng chỉ khác:\n    -       Lập trình - Ngôn ngữ - Tư duy (Neuro – Linguistic Programming) do học viện Leading Performance SingaPore cấp;\n    -       Kĩ năng giao tiếp hiệu quả do Công ty Cổ Phần Đào Tạo Tư Duy Việt (VietMinds) cấp.\n    -       Quản trị Nhân sự của trường ĐH Kinh Tế TPHCM (sắp hoàn tất).',0),(34,34,2,6,NULL,NULL,NULL,NULL,NULL,'2007-09-01','2011-05-01','-  Cử nhân Triết học (loại khá) Trường ĐH Khoa Học Xã Hội & Nhân Văn TP.HCM\n+ Bằng cấp & Chứng chỉ khác:\n    -       Lập trình - Ngôn ngữ - Tư duy (Neuro – Linguistic Programming) do học viện Leading Performance SingaPore cấp;\n    -       Kĩ năng giao tiếp hiệu quả do Công ty Cổ Phần Đào Tạo Tư Duy Việt (VietMinds) cấp.\n    -       Quản trị Nhân sự của trường ĐH Kinh Tế TPHCM (sắp hoàn tất).',0),(35,35,2,6,3,4,1,NULL,NULL,'2007-09-01','2011-05-01','-  Cử nhân Triết học (loại khá) Trường ĐH Khoa Học Xã Hội & Nhân Văn TP.HCM\n+ Bằng cấp & Chứng chỉ khác:\n    -       Lập trình - Ngôn ngữ - Tư duy (Neuro – Linguistic Programming) do học viện Leading Performance SingaPore cấp;\n    -       Kĩ năng giao tiếp hiệu quả do Công ty Cổ Phần Đào Tạo Tư Duy Việt (VietMinds) cấp.\n    -       Quản trị Nhân sự của trường ĐH Kinh Tế TPHCM (sắp hoàn tất).',0),(36,36,2,6,NULL,NULL,NULL,NULL,NULL,'2007-09-01','2011-05-01','-  Cử nhân Triết học (loại khá) Trường ĐH Khoa Học Xã Hội & Nhân Văn TP.HCM\n+ Bằng cấp & Chứng chỉ khác:\n    -       Lập trình - Ngôn ngữ - Tư duy (Neuro – Linguistic Programming) do học viện Leading Performance SingaPore cấp;\n    -       Kĩ năng giao tiếp hiệu quả do Công ty Cổ Phần Đào Tạo Tư Duy Việt (VietMinds) cấp.\n    -       Quản trị Nhân sự của trường ĐH Kinh Tế TPHCM (sắp hoàn tất).',0),(37,37,2,6,3,4,1,NULL,NULL,'2007-09-01','2011-05-01','-  Cử nhân Triết học (loại khá) Trường ĐH Khoa Học Xã Hội & Nhân Văn TP.HCM\n+ Bằng cấp & Chứng chỉ khác:\n    -       Lập trình - Ngôn ngữ - Tư duy (Neuro – Linguistic Programming) do học viện Leading Performance SingaPore cấp;\n    -       Kĩ năng giao tiếp hiệu quả do Công ty Cổ Phần Đào Tạo Tư Duy Việt (VietMinds) cấp.\n    -       Quản trị Nhân sự của trường ĐH Kinh Tế TPHCM (sắp hoàn tất).',0),(38,38,2,6,NULL,NULL,NULL,NULL,NULL,'2007-09-01','2011-05-01','-  Cử nhân Triết học (loại khá) Trường ĐH Khoa Học Xã Hội & Nhân Văn TP.HCM\n+ Bằng cấp & Chứng chỉ khác:\n    -       Lập trình - Ngôn ngữ - Tư duy (Neuro – Linguistic Programming) do học viện Leading Performance SingaPore cấp;\n    -       Kĩ năng giao tiếp hiệu quả do Công ty Cổ Phần Đào Tạo Tư Duy Việt (VietMinds) cấp.\n    -       Quản trị Nhân sự của trường ĐH Kinh Tế TPHCM (sắp hoàn tất).',0),(39,39,2,6,3,4,1,NULL,NULL,'2007-09-01','2011-05-01','-  Cử nhân Triết học (loại khá) Trường ĐH Khoa Học Xã Hội & Nhân Văn TP.HCM\n+ Bằng cấp & Chứng chỉ khác:\n    -       Lập trình - Ngôn ngữ - Tư duy (Neuro – Linguistic Programming) do học viện Leading Performance SingaPore cấp;\n    -       Kĩ năng giao tiếp hiệu quả do Công ty Cổ Phần Đào Tạo Tư Duy Việt (VietMinds) cấp.\n    -       Quản trị Nhân sự của trường ĐH Kinh Tế TPHCM (sắp hoàn tất).',0),(40,40,2,6,NULL,NULL,NULL,NULL,NULL,'2007-09-01','2011-05-01','-  Cử nhân Triết học (loại khá) Trường ĐH Khoa Học Xã Hội & Nhân Văn TP.HCM\n+ Bằng cấp & Chứng chỉ khác:\n    -       Lập trình - Ngôn ngữ - Tư duy (Neuro – Linguistic Programming) do học viện Leading Performance SingaPore cấp;\n    -       Kĩ năng giao tiếp hiệu quả do Công ty Cổ Phần Đào Tạo Tư Duy Việt (VietMinds) cấp.\n    -       Quản trị Nhân sự của trường ĐH Kinh Tế TPHCM (sắp hoàn tất).',0),(41,41,2,6,3,4,1,NULL,NULL,'2007-09-01','2011-05-01','-  Cử nhân Triết học (loại khá) Trường ĐH Khoa Học Xã Hội & Nhân Văn TP.HCM\n+ Bằng cấp & Chứng chỉ khác:\n    -       Lập trình - Ngôn ngữ - Tư duy (Neuro – Linguistic Programming) do học viện Leading Performance SingaPore cấp;\n    -       Kĩ năng giao tiếp hiệu quả do Công ty Cổ Phần Đào Tạo Tư Duy Việt (VietMinds) cấp.\n    -       Quản trị Nhân sự của trường ĐH Kinh Tế TPHCM (sắp hoàn tất).',0),(42,42,2,6,NULL,NULL,NULL,NULL,NULL,'2007-09-01','2011-05-01','-  Cử nhân Triết học (loại khá) Trường ĐH Khoa Học Xã Hội & Nhân Văn TP.HCM\n+ Bằng cấp & Chứng chỉ khác:\n    -       Lập trình - Ngôn ngữ - Tư duy (Neuro – Linguistic Programming) do học viện Leading Performance SingaPore cấp;\n    -       Kĩ năng giao tiếp hiệu quả do Công ty Cổ Phần Đào Tạo Tư Duy Việt (VietMinds) cấp.\n    -       Quản trị Nhân sự của trường ĐH Kinh Tế TPHCM (sắp hoàn tất).',0),(43,43,2,6,3,4,1,NULL,NULL,'2007-09-01','2011-05-01','-  Cử nhân Triết học (loại khá) Trường ĐH Khoa Học Xã Hội & Nhân Văn TP.HCM\n+ Bằng cấp & Chứng chỉ khác:\n    -       Lập trình - Ngôn ngữ - Tư duy (Neuro – Linguistic Programming) do học viện Leading Performance SingaPore cấp;\n    -       Kĩ năng giao tiếp hiệu quả do Công ty Cổ Phần Đào Tạo Tư Duy Việt (VietMinds) cấp.\n    -       Quản trị Nhân sự của trường ĐH Kinh Tế TPHCM (sắp hoàn tất).',0),(44,44,2,6,NULL,NULL,NULL,NULL,NULL,'2007-09-01','2011-05-01','-  Cử nhân Triết học (loại khá) Trường ĐH Khoa Học Xã Hội & Nhân Văn TP.HCM\n+ Bằng cấp & Chứng chỉ khác:\n    -       Lập trình - Ngôn ngữ - Tư duy (Neuro – Linguistic Programming) do học viện Leading Performance SingaPore cấp;\n    -       Kĩ năng giao tiếp hiệu quả do Công ty Cổ Phần Đào Tạo Tư Duy Việt (VietMinds) cấp.\n    -       Quản trị Nhân sự của trường ĐH Kinh Tế TPHCM (sắp hoàn tất).',0),(45,45,2,6,3,4,1,NULL,NULL,'2007-09-01','2011-05-01','-  Cử nhân Triết học (loại khá) Trường ĐH Khoa Học Xã Hội & Nhân Văn TP.HCM\n+ Bằng cấp & Chứng chỉ khác:\n    -       Lập trình - Ngôn ngữ - Tư duy (Neuro – Linguistic Programming) do học viện Leading Performance SingaPore cấp;\n    -       Kĩ năng giao tiếp hiệu quả do Công ty Cổ Phần Đào Tạo Tư Duy Việt (VietMinds) cấp.\n    -       Quản trị Nhân sự của trường ĐH Kinh Tế TPHCM (sắp hoàn tất).',0),(46,46,2,6,NULL,NULL,NULL,NULL,NULL,'2007-09-01','2011-05-01','-  Cử nhân Triết học (loại khá) Trường ĐH Khoa Học Xã Hội & Nhân Văn TP.HCM\n+ Bằng cấp & Chứng chỉ khác:\n    -       Lập trình - Ngôn ngữ - Tư duy (Neuro – Linguistic Programming) do học viện Leading Performance SingaPore cấp;\n    -       Kĩ năng giao tiếp hiệu quả do Công ty Cổ Phần Đào Tạo Tư Duy Việt (VietMinds) cấp.\n    -       Quản trị Nhân sự của trường ĐH Kinh Tế TPHCM (sắp hoàn tất).',0),(47,47,2,6,3,4,1,NULL,NULL,'2007-09-01','2011-05-01','-  Cử nhân Triết học (loại khá) Trường ĐH Khoa Học Xã Hội & Nhân Văn TP.HCM\n+ Bằng cấp & Chứng chỉ khác:\n    -       Lập trình - Ngôn ngữ - Tư duy (Neuro – Linguistic Programming) do học viện Leading Performance SingaPore cấp;\n    -       Kĩ năng giao tiếp hiệu quả do Công ty Cổ Phần Đào Tạo Tư Duy Việt (VietMinds) cấp.\n    -       Quản trị Nhân sự của trường ĐH Kinh Tế TPHCM (sắp hoàn tất).',0),(48,48,2,6,NULL,NULL,NULL,NULL,NULL,'2007-09-01','2011-05-01','-  Cử nhân Triết học (loại khá) Trường ĐH Khoa Học Xã Hội & Nhân Văn TP.HCM\n+ Bằng cấp & Chứng chỉ khác:\n    -       Lập trình - Ngôn ngữ - Tư duy (Neuro – Linguistic Programming) do học viện Leading Performance SingaPore cấp;\n    -       Kĩ năng giao tiếp hiệu quả do Công ty Cổ Phần Đào Tạo Tư Duy Việt (VietMinds) cấp.\n    -       Quản trị Nhân sự của trường ĐH Kinh Tế TPHCM (sắp hoàn tất).',0),(49,49,2,6,3,4,1,NULL,NULL,'2007-09-01','2011-05-01','-  Cử nhân Triết học (loại khá) Trường ĐH Khoa Học Xã Hội & Nhân Văn TP.HCM\n+ Bằng cấp & Chứng chỉ khác:\n    -       Lập trình - Ngôn ngữ - Tư duy (Neuro – Linguistic Programming) do học viện Leading Performance SingaPore cấp;\n    -       Kĩ năng giao tiếp hiệu quả do Công ty Cổ Phần Đào Tạo Tư Duy Việt (VietMinds) cấp.\n    -       Quản trị Nhân sự của trường ĐH Kinh Tế TPHCM (sắp hoàn tất).',0),(50,50,2,6,NULL,NULL,NULL,NULL,NULL,'2007-09-01','2011-05-01','-  Cử nhân Triết học (loại khá) Trường ĐH Khoa Học Xã Hội & Nhân Văn TP.HCM\n+ Bằng cấp & Chứng chỉ khác:\n    -       Lập trình - Ngôn ngữ - Tư duy (Neuro – Linguistic Programming) do học viện Leading Performance SingaPore cấp;\n    -       Kĩ năng giao tiếp hiệu quả do Công ty Cổ Phần Đào Tạo Tư Duy Việt (VietMinds) cấp.\n    -       Quản trị Nhân sự của trường ĐH Kinh Tế TPHCM (sắp hoàn tất).',0),(51,51,2,6,3,4,1,NULL,NULL,'2007-09-01','2011-05-01','-  Cử nhân Triết học (loại khá) Trường ĐH Khoa Học Xã Hội & Nhân Văn TP.HCM\n+ Bằng cấp & Chứng chỉ khác:\n    -       Lập trình - Ngôn ngữ - Tư duy (Neuro – Linguistic Programming) do học viện Leading Performance SingaPore cấp;\n    -       Kĩ năng giao tiếp hiệu quả do Công ty Cổ Phần Đào Tạo Tư Duy Việt (VietMinds) cấp.\n    -       Quản trị Nhân sự của trường ĐH Kinh Tế TPHCM (sắp hoàn tất).',0),(52,52,2,6,NULL,NULL,NULL,NULL,NULL,'2007-09-01','2011-05-01','-  Cử nhân Triết học (loại khá) Trường ĐH Khoa Học Xã Hội & Nhân Văn TP.HCM\n+ Bằng cấp & Chứng chỉ khác:\n    -       Lập trình - Ngôn ngữ - Tư duy (Neuro – Linguistic Programming) do học viện Leading Performance SingaPore cấp;\n    -       Kĩ năng giao tiếp hiệu quả do Công ty Cổ Phần Đào Tạo Tư Duy Việt (VietMinds) cấp.\n    -       Quản trị Nhân sự của trường ĐH Kinh Tế TPHCM (sắp hoàn tất).',0),(53,53,2,6,3,4,1,NULL,NULL,'2007-09-01','2011-05-01','-  Cử nhân Triết học (loại khá) Trường ĐH Khoa Học Xã Hội & Nhân Văn TP.HCM\n+ Bằng cấp & Chứng chỉ khác:\n    -       Lập trình - Ngôn ngữ - Tư duy (Neuro – Linguistic Programming) do học viện Leading Performance SingaPore cấp;\n    -       Kĩ năng giao tiếp hiệu quả do Công ty Cổ Phần Đào Tạo Tư Duy Việt (VietMinds) cấp.\n    -       Quản trị Nhân sự của trường ĐH Kinh Tế TPHCM (sắp hoàn tất).',0),(54,54,2,6,NULL,NULL,NULL,NULL,NULL,'2007-09-01','2011-05-01','-  Cử nhân Triết học (loại khá) Trường ĐH Khoa Học Xã Hội & Nhân Văn TP.HCM\n+ Bằng cấp & Chứng chỉ khác:\n    -       Lập trình - Ngôn ngữ - Tư duy (Neuro – Linguistic Programming) do học viện Leading Performance SingaPore cấp;\n    -       Kĩ năng giao tiếp hiệu quả do Công ty Cổ Phần Đào Tạo Tư Duy Việt (VietMinds) cấp.\n    -       Quản trị Nhân sự của trường ĐH Kinh Tế TPHCM (sắp hoàn tất).',0),(55,55,2,6,3,4,1,NULL,NULL,'2007-09-01','2011-05-01','-  Cử nhân Triết học (loại khá) Trường ĐH Khoa Học Xã Hội & Nhân Văn TP.HCM\n+ Bằng cấp & Chứng chỉ khác:\n    -       Lập trình - Ngôn ngữ - Tư duy (Neuro – Linguistic Programming) do học viện Leading Performance SingaPore cấp;\n    -       Kĩ năng giao tiếp hiệu quả do Công ty Cổ Phần Đào Tạo Tư Duy Việt (VietMinds) cấp.\n    -       Quản trị Nhân sự của trường ĐH Kinh Tế TPHCM (sắp hoàn tất).',0),(56,56,2,6,NULL,NULL,NULL,NULL,NULL,'2007-09-01','2011-05-01','-  Cử nhân Triết học (loại khá) Trường ĐH Khoa Học Xã Hội & Nhân Văn TP.HCM\n+ Bằng cấp & Chứng chỉ khác:\n    -       Lập trình - Ngôn ngữ - Tư duy (Neuro – Linguistic Programming) do học viện Leading Performance SingaPore cấp;\n    -       Kĩ năng giao tiếp hiệu quả do Công ty Cổ Phần Đào Tạo Tư Duy Việt (VietMinds) cấp.\n    -       Quản trị Nhân sự của trường ĐH Kinh Tế TPHCM (sắp hoàn tất).',0),(57,57,2,6,3,4,1,NULL,NULL,'2007-09-01','2011-05-01','-  Cử nhân Triết học (loại khá) Trường ĐH Khoa Học Xã Hội & Nhân Văn TP.HCM\n+ Bằng cấp & Chứng chỉ khác:\n    -       Lập trình - Ngôn ngữ - Tư duy (Neuro – Linguistic Programming) do học viện Leading Performance SingaPore cấp;\n    -       Kĩ năng giao tiếp hiệu quả do Công ty Cổ Phần Đào Tạo Tư Duy Việt (VietMinds) cấp.\n    -       Quản trị Nhân sự của trường ĐH Kinh Tế TPHCM (sắp hoàn tất).',0),(58,58,2,6,NULL,NULL,NULL,NULL,NULL,'2007-09-01','2011-05-01','-  Cử nhân Triết học (loại khá) Trường ĐH Khoa Học Xã Hội & Nhân Văn TP.HCM\n+ Bằng cấp & Chứng chỉ khác:\n    -       Lập trình - Ngôn ngữ - Tư duy (Neuro – Linguistic Programming) do học viện Leading Performance SingaPore cấp;\n    -       Kĩ năng giao tiếp hiệu quả do Công ty Cổ Phần Đào Tạo Tư Duy Việt (VietMinds) cấp.\n    -       Quản trị Nhân sự của trường ĐH Kinh Tế TPHCM (sắp hoàn tất).',0),(59,59,2,6,3,4,1,NULL,NULL,'2007-09-01','2011-05-01','-  Cử nhân Triết học (loại khá) Trường ĐH Khoa Học Xã Hội & Nhân Văn TP.HCM\n+ Bằng cấp & Chứng chỉ khác:\n    -       Lập trình - Ngôn ngữ - Tư duy (Neuro – Linguistic Programming) do học viện Leading Performance SingaPore cấp;\n    -       Kĩ năng giao tiếp hiệu quả do Công ty Cổ Phần Đào Tạo Tư Duy Việt (VietMinds) cấp.\n    -       Quản trị Nhân sự của trường ĐH Kinh Tế TPHCM (sắp hoàn tất).',0),(60,60,2,6,NULL,NULL,NULL,NULL,NULL,'2007-09-01','2011-05-01','-  Cử nhân Triết học (loại khá) Trường ĐH Khoa Học Xã Hội & Nhân Văn TP.HCM\n+ Bằng cấp & Chứng chỉ khác:\n    -       Lập trình - Ngôn ngữ - Tư duy (Neuro – Linguistic Programming) do học viện Leading Performance SingaPore cấp;\n    -       Kĩ năng giao tiếp hiệu quả do Công ty Cổ Phần Đào Tạo Tư Duy Việt (VietMinds) cấp.\n    -       Quản trị Nhân sự của trường ĐH Kinh Tế TPHCM (sắp hoàn tất).',0),(61,61,2,6,3,4,1,NULL,NULL,'2007-09-01','2011-05-01','-  Cử nhân Triết học (loại khá) Trường ĐH Khoa Học Xã Hội & Nhân Văn TP.HCM\n+ Bằng cấp & Chứng chỉ khác:\n    -       Lập trình - Ngôn ngữ - Tư duy (Neuro – Linguistic Programming) do học viện Leading Performance SingaPore cấp;\n    -       Kĩ năng giao tiếp hiệu quả do Công ty Cổ Phần Đào Tạo Tư Duy Việt (VietMinds) cấp.\n    -       Quản trị Nhân sự của trường ĐH Kinh Tế TPHCM (sắp hoàn tất).',0),(62,62,2,6,NULL,NULL,NULL,NULL,NULL,'2007-09-01','2011-05-01','-  Cử nhân Triết học (loại khá) Trường ĐH Khoa Học Xã Hội & Nhân Văn TP.HCM\n+ Bằng cấp & Chứng chỉ khác:\n    -       Lập trình - Ngôn ngữ - Tư duy (Neuro – Linguistic Programming) do học viện Leading Performance SingaPore cấp;\n    -       Kĩ năng giao tiếp hiệu quả do Công ty Cổ Phần Đào Tạo Tư Duy Việt (VietMinds) cấp.\n    -       Quản trị Nhân sự của trường ĐH Kinh Tế TPHCM (sắp hoàn tất).',0),(63,63,2,6,3,4,1,NULL,NULL,'2007-09-01','2011-05-01','-  Cử nhân Triết học (loại khá) Trường ĐH Khoa Học Xã Hội & Nhân Văn TP.HCM\n+ Bằng cấp & Chứng chỉ khác:\n    -       Lập trình - Ngôn ngữ - Tư duy (Neuro – Linguistic Programming) do học viện Leading Performance SingaPore cấp;\n    -       Kĩ năng giao tiếp hiệu quả do Công ty Cổ Phần Đào Tạo Tư Duy Việt (VietMinds) cấp.\n    -       Quản trị Nhân sự của trường ĐH Kinh Tế TPHCM (sắp hoàn tất).',0),(64,64,2,6,NULL,NULL,NULL,NULL,NULL,'2007-09-01','2011-05-01','-  Cử nhân Triết học (loại khá) Trường ĐH Khoa Học Xã Hội & Nhân Văn TP.HCM\n+ Bằng cấp & Chứng chỉ khác:\n    -       Lập trình - Ngôn ngữ - Tư duy (Neuro – Linguistic Programming) do học viện Leading Performance SingaPore cấp;\n    -       Kĩ năng giao tiếp hiệu quả do Công ty Cổ Phần Đào Tạo Tư Duy Việt (VietMinds) cấp.\n    -       Quản trị Nhân sự của trường ĐH Kinh Tế TPHCM (sắp hoàn tất).',0),(65,65,2,6,3,4,1,NULL,NULL,'2007-09-01','2011-05-01','-  Cử nhân Triết học (loại khá) Trường ĐH Khoa Học Xã Hội & Nhân Văn TP.HCM\n+ Bằng cấp & Chứng chỉ khác:\n    -       Lập trình - Ngôn ngữ - Tư duy (Neuro – Linguistic Programming) do học viện Leading Performance SingaPore cấp;\n    -       Kĩ năng giao tiếp hiệu quả do Công ty Cổ Phần Đào Tạo Tư Duy Việt (VietMinds) cấp.\n    -       Quản trị Nhân sự của trường ĐH Kinh Tế TPHCM (sắp hoàn tất).',0),(66,66,2,6,NULL,NULL,NULL,NULL,NULL,'2007-09-01','2011-05-01','-  Cử nhân Triết học (loại khá) Trường ĐH Khoa Học Xã Hội & Nhân Văn TP.HCM\n+ Bằng cấp & Chứng chỉ khác:\n    -       Lập trình - Ngôn ngữ - Tư duy (Neuro – Linguistic Programming) do học viện Leading Performance SingaPore cấp;\n    -       Kĩ năng giao tiếp hiệu quả do Công ty Cổ Phần Đào Tạo Tư Duy Việt (VietMinds) cấp.\n    -       Quản trị Nhân sự của trường ĐH Kinh Tế TPHCM (sắp hoàn tất).',0),(67,67,2,6,3,4,1,NULL,NULL,'2007-09-01','2011-05-01','-  Cử nhân Triết học (loại khá) Trường ĐH Khoa Học Xã Hội & Nhân Văn TP.HCM\n+ Bằng cấp & Chứng chỉ khác:\n    -       Lập trình - Ngôn ngữ - Tư duy (Neuro – Linguistic Programming) do học viện Leading Performance SingaPore cấp;\n    -       Kĩ năng giao tiếp hiệu quả do Công ty Cổ Phần Đào Tạo Tư Duy Việt (VietMinds) cấp.\n    -       Quản trị Nhân sự của trường ĐH Kinh Tế TPHCM (sắp hoàn tất).',0),(68,68,2,6,NULL,NULL,NULL,NULL,NULL,'2007-09-01','2011-05-01','-  Cử nhân Triết học (loại khá) Trường ĐH Khoa Học Xã Hội & Nhân Văn TP.HCM\n+ Bằng cấp & Chứng chỉ khác:\n    -       Lập trình - Ngôn ngữ - Tư duy (Neuro – Linguistic Programming) do học viện Leading Performance SingaPore cấp;\n    -       Kĩ năng giao tiếp hiệu quả do Công ty Cổ Phần Đào Tạo Tư Duy Việt (VietMinds) cấp.\n    -       Quản trị Nhân sự của trường ĐH Kinh Tế TPHCM (sắp hoàn tất).',0),(69,69,2,6,3,4,1,NULL,NULL,'2007-09-01','2011-05-01','-  Cử nhân Triết học (loại khá) Trường ĐH Khoa Học Xã Hội & Nhân Văn TP.HCM\n+ Bằng cấp & Chứng chỉ khác:\n    -       Lập trình - Ngôn ngữ - Tư duy (Neuro – Linguistic Programming) do học viện Leading Performance SingaPore cấp;\n    -       Kĩ năng giao tiếp hiệu quả do Công ty Cổ Phần Đào Tạo Tư Duy Việt (VietMinds) cấp.\n    -       Quản trị Nhân sự của trường ĐH Kinh Tế TPHCM (sắp hoàn tất).',0),(70,70,2,6,NULL,NULL,NULL,NULL,NULL,'2007-09-01','2011-05-01','-  Cử nhân Triết học (loại khá) Trường ĐH Khoa Học Xã Hội & Nhân Văn TP.HCM\n+ Bằng cấp & Chứng chỉ khác:\n    -       Lập trình - Ngôn ngữ - Tư duy (Neuro – Linguistic Programming) do học viện Leading Performance SingaPore cấp;\n    -       Kĩ năng giao tiếp hiệu quả do Công ty Cổ Phần Đào Tạo Tư Duy Việt (VietMinds) cấp.\n    -       Quản trị Nhân sự của trường ĐH Kinh Tế TPHCM (sắp hoàn tất).',0),(71,71,2,6,3,4,1,NULL,NULL,'2007-09-01','2011-05-01','-  Cử nhân Triết học (loại khá) Trường ĐH Khoa Học Xã Hội & Nhân Văn TP.HCM\n+ Bằng cấp & Chứng chỉ khác:\n    -       Lập trình - Ngôn ngữ - Tư duy (Neuro – Linguistic Programming) do học viện Leading Performance SingaPore cấp;\n    -       Kĩ năng giao tiếp hiệu quả do Công ty Cổ Phần Đào Tạo Tư Duy Việt (VietMinds) cấp.\n    -       Quản trị Nhân sự của trường ĐH Kinh Tế TPHCM (sắp hoàn tất).',0),(72,72,2,6,NULL,NULL,NULL,NULL,NULL,'2007-09-01','2011-05-01','-  Cử nhân Triết học (loại khá) Trường ĐH Khoa Học Xã Hội & Nhân Văn TP.HCM\n+ Bằng cấp & Chứng chỉ khác:\n    -       Lập trình - Ngôn ngữ - Tư duy (Neuro – Linguistic Programming) do học viện Leading Performance SingaPore cấp;\n    -       Kĩ năng giao tiếp hiệu quả do Công ty Cổ Phần Đào Tạo Tư Duy Việt (VietMinds) cấp.\n    -       Quản trị Nhân sự của trường ĐH Kinh Tế TPHCM (sắp hoàn tất).',0),(73,73,2,6,3,4,1,NULL,NULL,'2007-09-01','2011-05-01','-  Cử nhân Triết học (loại khá) Trường ĐH Khoa Học Xã Hội & Nhân Văn TP.HCM\n+ Bằng cấp & Chứng chỉ khác:\n    -       Lập trình - Ngôn ngữ - Tư duy (Neuro – Linguistic Programming) do học viện Leading Performance SingaPore cấp;\n    -       Kĩ năng giao tiếp hiệu quả do Công ty Cổ Phần Đào Tạo Tư Duy Việt (VietMinds) cấp.\n    -       Quản trị Nhân sự của trường ĐH Kinh Tế TPHCM (sắp hoàn tất).',0),(74,74,2,6,NULL,NULL,NULL,NULL,NULL,'2007-09-01','2011-05-01','-  Cử nhân Triết học (loại khá) Trường ĐH Khoa Học Xã Hội & Nhân Văn TP.HCM\n+ Bằng cấp & Chứng chỉ khác:\n    -       Lập trình - Ngôn ngữ - Tư duy (Neuro – Linguistic Programming) do học viện Leading Performance SingaPore cấp;\n    -       Kĩ năng giao tiếp hiệu quả do Công ty Cổ Phần Đào Tạo Tư Duy Việt (VietMinds) cấp.\n    -       Quản trị Nhân sự của trường ĐH Kinh Tế TPHCM (sắp hoàn tất).',0),(75,75,2,6,3,4,1,NULL,NULL,'2007-09-01','2011-05-01','-  Cử nhân Triết học (loại khá) Trường ĐH Khoa Học Xã Hội & Nhân Văn TP.HCM\n+ Bằng cấp & Chứng chỉ khác:\n    -       Lập trình - Ngôn ngữ - Tư duy (Neuro – Linguistic Programming) do học viện Leading Performance SingaPore cấp;\n    -       Kĩ năng giao tiếp hiệu quả do Công ty Cổ Phần Đào Tạo Tư Duy Việt (VietMinds) cấp.\n    -       Quản trị Nhân sự của trường ĐH Kinh Tế TPHCM (sắp hoàn tất).',0),(76,76,2,6,NULL,NULL,NULL,NULL,NULL,'2007-09-01','2011-05-01','-  Cử nhân Triết học (loại khá) Trường ĐH Khoa Học Xã Hội & Nhân Văn TP.HCM\n+ Bằng cấp & Chứng chỉ khác:\n    -       Lập trình - Ngôn ngữ - Tư duy (Neuro – Linguistic Programming) do học viện Leading Performance SingaPore cấp;\n    -       Kĩ năng giao tiếp hiệu quả do Công ty Cổ Phần Đào Tạo Tư Duy Việt (VietMinds) cấp.\n    -       Quản trị Nhân sự của trường ĐH Kinh Tế TPHCM (sắp hoàn tất).',0),(77,77,2,6,3,4,1,NULL,NULL,'2007-09-01','2011-05-01','-  Cử nhân Triết học (loại khá) Trường ĐH Khoa Học Xã Hội & Nhân Văn TP.HCM\n+ Bằng cấp & Chứng chỉ khác:\n    -       Lập trình - Ngôn ngữ - Tư duy (Neuro – Linguistic Programming) do học viện Leading Performance SingaPore cấp;\n    -       Kĩ năng giao tiếp hiệu quả do Công ty Cổ Phần Đào Tạo Tư Duy Việt (VietMinds) cấp.\n    -       Quản trị Nhân sự của trường ĐH Kinh Tế TPHCM (sắp hoàn tất).',0),(78,78,2,6,NULL,NULL,NULL,NULL,NULL,'2007-09-01','2011-05-01','-  Cử nhân Triết học (loại khá) Trường ĐH Khoa Học Xã Hội & Nhân Văn TP.HCM\n+ Bằng cấp & Chứng chỉ khác:\n    -       Lập trình - Ngôn ngữ - Tư duy (Neuro – Linguistic Programming) do học viện Leading Performance SingaPore cấp;\n    -       Kĩ năng giao tiếp hiệu quả do Công ty Cổ Phần Đào Tạo Tư Duy Việt (VietMinds) cấp.\n    -       Quản trị Nhân sự của trường ĐH Kinh Tế TPHCM (sắp hoàn tất).',0),(79,79,2,6,3,4,1,NULL,NULL,'2007-09-01','2011-05-01','-  Cử nhân Triết học (loại khá) Trường ĐH Khoa Học Xã Hội & Nhân Văn TP.HCM\n+ Bằng cấp & Chứng chỉ khác:\n    -       Lập trình - Ngôn ngữ - Tư duy (Neuro – Linguistic Programming) do học viện Leading Performance SingaPore cấp;\n    -       Kĩ năng giao tiếp hiệu quả do Công ty Cổ Phần Đào Tạo Tư Duy Việt (VietMinds) cấp.\n    -       Quản trị Nhân sự của trường ĐH Kinh Tế TPHCM (sắp hoàn tất).',0),(80,80,2,6,NULL,NULL,NULL,NULL,NULL,'2007-09-01','2011-05-01','-  Cử nhân Triết học (loại khá) Trường ĐH Khoa Học Xã Hội & Nhân Văn TP.HCM\n+ Bằng cấp & Chứng chỉ khác:\n    -       Lập trình - Ngôn ngữ - Tư duy (Neuro – Linguistic Programming) do học viện Leading Performance SingaPore cấp;\n    -       Kĩ năng giao tiếp hiệu quả do Công ty Cổ Phần Đào Tạo Tư Duy Việt (VietMinds) cấp.\n    -       Quản trị Nhân sự của trường ĐH Kinh Tế TPHCM (sắp hoàn tất).',0),(81,81,2,6,3,4,1,NULL,NULL,'2007-09-01','2011-05-01','-  Cử nhân Triết học (loại khá) Trường ĐH Khoa Học Xã Hội & Nhân Văn TP.HCM\n+ Bằng cấp & Chứng chỉ khác:\n    -       Lập trình - Ngôn ngữ - Tư duy (Neuro – Linguistic Programming) do học viện Leading Performance SingaPore cấp;\n    -       Kĩ năng giao tiếp hiệu quả do Công ty Cổ Phần Đào Tạo Tư Duy Việt (VietMinds) cấp.\n    -       Quản trị Nhân sự của trường ĐH Kinh Tế TPHCM (sắp hoàn tất).',0),(82,82,2,6,NULL,NULL,NULL,NULL,NULL,'2007-09-01','2011-05-01','-  Cử nhân Triết học (loại khá) Trường ĐH Khoa Học Xã Hội & Nhân Văn TP.HCM\n+ Bằng cấp & Chứng chỉ khác:\n    -       Lập trình - Ngôn ngữ - Tư duy (Neuro – Linguistic Programming) do học viện Leading Performance SingaPore cấp;\n    -       Kĩ năng giao tiếp hiệu quả do Công ty Cổ Phần Đào Tạo Tư Duy Việt (VietMinds) cấp.\n    -       Quản trị Nhân sự của trường ĐH Kinh Tế TPHCM (sắp hoàn tất).',0),(83,83,2,6,3,4,1,NULL,NULL,'2007-09-01','2011-05-01','-  Cử nhân Triết học (loại khá) Trường ĐH Khoa Học Xã Hội & Nhân Văn TP.HCM\n+ Bằng cấp & Chứng chỉ khác:\n    -       Lập trình - Ngôn ngữ - Tư duy (Neuro – Linguistic Programming) do học viện Leading Performance SingaPore cấp;\n    -       Kĩ năng giao tiếp hiệu quả do Công ty Cổ Phần Đào Tạo Tư Duy Việt (VietMinds) cấp.\n    -       Quản trị Nhân sự của trường ĐH Kinh Tế TPHCM (sắp hoàn tất).',0),(84,84,2,6,NULL,NULL,NULL,NULL,NULL,'2007-09-01','2011-05-01','-  Cử nhân Triết học (loại khá) Trường ĐH Khoa Học Xã Hội & Nhân Văn TP.HCM\n+ Bằng cấp & Chứng chỉ khác:\n    -       Lập trình - Ngôn ngữ - Tư duy (Neuro – Linguistic Programming) do học viện Leading Performance SingaPore cấp;\n    -       Kĩ năng giao tiếp hiệu quả do Công ty Cổ Phần Đào Tạo Tư Duy Việt (VietMinds) cấp.\n    -       Quản trị Nhân sự của trường ĐH Kinh Tế TPHCM (sắp hoàn tất).',0),(85,85,2,6,3,4,1,NULL,NULL,'2007-09-01','2011-05-01','-  Cử nhân Triết học (loại khá) Trường ĐH Khoa Học Xã Hội & Nhân Văn TP.HCM\n+ Bằng cấp & Chứng chỉ khác:\n    -       Lập trình - Ngôn ngữ - Tư duy (Neuro – Linguistic Programming) do học viện Leading Performance SingaPore cấp;\n    -       Kĩ năng giao tiếp hiệu quả do Công ty Cổ Phần Đào Tạo Tư Duy Việt (VietMinds) cấp.\n    -       Quản trị Nhân sự của trường ĐH Kinh Tế TPHCM (sắp hoàn tất).',0),(86,86,2,6,NULL,NULL,NULL,NULL,NULL,'2007-09-01','2011-05-01','-  Cử nhân Triết học (loại khá) Trường ĐH Khoa Học Xã Hội & Nhân Văn TP.HCM\n+ Bằng cấp & Chứng chỉ khác:\n    -       Lập trình - Ngôn ngữ - Tư duy (Neuro – Linguistic Programming) do học viện Leading Performance SingaPore cấp;\n    -       Kĩ năng giao tiếp hiệu quả do Công ty Cổ Phần Đào Tạo Tư Duy Việt (VietMinds) cấp.\n    -       Quản trị Nhân sự của trường ĐH Kinh Tế TPHCM (sắp hoàn tất).',0),(87,87,2,6,3,4,1,NULL,NULL,'2007-09-01','2011-05-01','-  Cử nhân Triết học (loại khá) Trường ĐH Khoa Học Xã Hội & Nhân Văn TP.HCM\n+ Bằng cấp & Chứng chỉ khác:\n    -       Lập trình - Ngôn ngữ - Tư duy (Neuro – Linguistic Programming) do học viện Leading Performance SingaPore cấp;\n    -       Kĩ năng giao tiếp hiệu quả do Công ty Cổ Phần Đào Tạo Tư Duy Việt (VietMinds) cấp.\n    -       Quản trị Nhân sự của trường ĐH Kinh Tế TPHCM (sắp hoàn tất).',0),(88,88,2,6,NULL,NULL,NULL,NULL,NULL,'2007-09-01','2011-05-01','-  Cử nhân Triết học (loại khá) Trường ĐH Khoa Học Xã Hội & Nhân Văn TP.HCM\n+ Bằng cấp & Chứng chỉ khác:\n    -       Lập trình - Ngôn ngữ - Tư duy (Neuro – Linguistic Programming) do học viện Leading Performance SingaPore cấp;\n    -       Kĩ năng giao tiếp hiệu quả do Công ty Cổ Phần Đào Tạo Tư Duy Việt (VietMinds) cấp.\n    -       Quản trị Nhân sự của trường ĐH Kinh Tế TPHCM (sắp hoàn tất).',0),(89,89,2,6,3,4,1,NULL,NULL,'2007-09-01','2011-05-01','-  Cử nhân Triết học (loại khá) Trường ĐH Khoa Học Xã Hội & Nhân Văn TP.HCM\n+ Bằng cấp & Chứng chỉ khác:\n    -       Lập trình - Ngôn ngữ - Tư duy (Neuro – Linguistic Programming) do học viện Leading Performance SingaPore cấp;\n    -       Kĩ năng giao tiếp hiệu quả do Công ty Cổ Phần Đào Tạo Tư Duy Việt (VietMinds) cấp.\n    -       Quản trị Nhân sự của trường ĐH Kinh Tế TPHCM (sắp hoàn tất).',0),(90,90,2,6,NULL,NULL,NULL,NULL,NULL,'2007-09-01','2011-05-01','-  Cử nhân Triết học (loại khá) Trường ĐH Khoa Học Xã Hội & Nhân Văn TP.HCM\n+ Bằng cấp & Chứng chỉ khác:\n    -       Lập trình - Ngôn ngữ - Tư duy (Neuro – Linguistic Programming) do học viện Leading Performance SingaPore cấp;\n    -       Kĩ năng giao tiếp hiệu quả do Công ty Cổ Phần Đào Tạo Tư Duy Việt (VietMinds) cấp.\n    -       Quản trị Nhân sự của trường ĐH Kinh Tế TPHCM (sắp hoàn tất).',0),(91,91,2,6,3,4,1,NULL,NULL,'2007-09-01','2011-05-01','-  Cử nhân Triết học (loại khá) Trường ĐH Khoa Học Xã Hội & Nhân Văn TP.HCM\n+ Bằng cấp & Chứng chỉ khác:\n    -       Lập trình - Ngôn ngữ - Tư duy (Neuro – Linguistic Programming) do học viện Leading Performance SingaPore cấp;\n    -       Kĩ năng giao tiếp hiệu quả do Công ty Cổ Phần Đào Tạo Tư Duy Việt (VietMinds) cấp.\n    -       Quản trị Nhân sự của trường ĐH Kinh Tế TPHCM (sắp hoàn tất).',0),(92,92,2,6,NULL,NULL,NULL,NULL,NULL,'2007-09-01','2011-05-01','-  Cử nhân Triết học (loại khá) Trường ĐH Khoa Học Xã Hội & Nhân Văn TP.HCM\n+ Bằng cấp & Chứng chỉ khác:\n    -       Lập trình - Ngôn ngữ - Tư duy (Neuro – Linguistic Programming) do học viện Leading Performance SingaPore cấp;\n    -       Kĩ năng giao tiếp hiệu quả do Công ty Cổ Phần Đào Tạo Tư Duy Việt (VietMinds) cấp.\n    -       Quản trị Nhân sự của trường ĐH Kinh Tế TPHCM (sắp hoàn tất).',0),(93,93,2,6,3,4,1,NULL,NULL,'2007-09-01','2011-05-01','-  Cử nhân Triết học (loại khá) Trường ĐH Khoa Học Xã Hội & Nhân Văn TP.HCM\n+ Bằng cấp & Chứng chỉ khác:\n    -       Lập trình - Ngôn ngữ - Tư duy (Neuro – Linguistic Programming) do học viện Leading Performance SingaPore cấp;\n    -       Kĩ năng giao tiếp hiệu quả do Công ty Cổ Phần Đào Tạo Tư Duy Việt (VietMinds) cấp.\n    -       Quản trị Nhân sự của trường ĐH Kinh Tế TPHCM (sắp hoàn tất).',0),(94,94,2,6,NULL,NULL,NULL,NULL,NULL,'2007-09-01','2011-05-01','-  Cử nhân Triết học (loại khá) Trường ĐH Khoa Học Xã Hội & Nhân Văn TP.HCM\n+ Bằng cấp & Chứng chỉ khác:\n    -       Lập trình - Ngôn ngữ - Tư duy (Neuro – Linguistic Programming) do học viện Leading Performance SingaPore cấp;\n    -       Kĩ năng giao tiếp hiệu quả do Công ty Cổ Phần Đào Tạo Tư Duy Việt (VietMinds) cấp.\n    -       Quản trị Nhân sự của trường ĐH Kinh Tế TPHCM (sắp hoàn tất).',0),(95,95,2,6,3,4,1,NULL,NULL,'2007-09-01','2011-05-01','-  Cử nhân Triết học (loại khá) Trường ĐH Khoa Học Xã Hội & Nhân Văn TP.HCM\n+ Bằng cấp & Chứng chỉ khác:\n    -       Lập trình - Ngôn ngữ - Tư duy (Neuro – Linguistic Programming) do học viện Leading Performance SingaPore cấp;\n    -       Kĩ năng giao tiếp hiệu quả do Công ty Cổ Phần Đào Tạo Tư Duy Việt (VietMinds) cấp.\n    -       Quản trị Nhân sự của trường ĐH Kinh Tế TPHCM (sắp hoàn tất).',0),(96,96,2,6,NULL,NULL,NULL,NULL,NULL,'2007-09-01','2011-05-01','-  Cử nhân Triết học (loại khá) Trường ĐH Khoa Học Xã Hội & Nhân Văn TP.HCM\n+ Bằng cấp & Chứng chỉ khác:\n    -       Lập trình - Ngôn ngữ - Tư duy (Neuro – Linguistic Programming) do học viện Leading Performance SingaPore cấp;\n    -       Kĩ năng giao tiếp hiệu quả do Công ty Cổ Phần Đào Tạo Tư Duy Việt (VietMinds) cấp.\n    -       Quản trị Nhân sự của trường ĐH Kinh Tế TPHCM (sắp hoàn tất).',0),(97,97,2,6,3,4,1,NULL,NULL,'2007-09-01','2011-05-01','-  Cử nhân Triết học (loại khá) Trường ĐH Khoa Học Xã Hội & Nhân Văn TP.HCM\n+ Bằng cấp & Chứng chỉ khác:\n    -       Lập trình - Ngôn ngữ - Tư duy (Neuro – Linguistic Programming) do học viện Leading Performance SingaPore cấp;\n    -       Kĩ năng giao tiếp hiệu quả do Công ty Cổ Phần Đào Tạo Tư Duy Việt (VietMinds) cấp.\n    -       Quản trị Nhân sự của trường ĐH Kinh Tế TPHCM (sắp hoàn tất).',0),(98,98,2,6,NULL,NULL,NULL,NULL,NULL,'2007-09-01','2011-05-01','-  Cử nhân Triết học (loại khá) Trường ĐH Khoa Học Xã Hội & Nhân Văn TP.HCM\n+ Bằng cấp & Chứng chỉ khác:\n    -       Lập trình - Ngôn ngữ - Tư duy (Neuro – Linguistic Programming) do học viện Leading Performance SingaPore cấp;\n    -       Kĩ năng giao tiếp hiệu quả do Công ty Cổ Phần Đào Tạo Tư Duy Việt (VietMinds) cấp.\n    -       Quản trị Nhân sự của trường ĐH Kinh Tế TPHCM (sắp hoàn tất).',0),(99,99,2,6,3,4,1,NULL,NULL,'2007-09-01','2011-05-01','-  Cử nhân Triết học (loại khá) Trường ĐH Khoa Học Xã Hội & Nhân Văn TP.HCM\n+ Bằng cấp & Chứng chỉ khác:\n    -       Lập trình - Ngôn ngữ - Tư duy (Neuro – Linguistic Programming) do học viện Leading Performance SingaPore cấp;\n    -       Kĩ năng giao tiếp hiệu quả do Công ty Cổ Phần Đào Tạo Tư Duy Việt (VietMinds) cấp.\n    -       Quản trị Nhân sự của trường ĐH Kinh Tế TPHCM (sắp hoàn tất).',0),(100,100,2,6,NULL,NULL,NULL,NULL,NULL,'2007-09-01','2011-05-01','-  Cử nhân Triết học (loại khá) Trường ĐH Khoa Học Xã Hội & Nhân Văn TP.HCM\n+ Bằng cấp & Chứng chỉ khác:\n    -       Lập trình - Ngôn ngữ - Tư duy (Neuro – Linguistic Programming) do học viện Leading Performance SingaPore cấp;\n    -       Kĩ năng giao tiếp hiệu quả do Công ty Cổ Phần Đào Tạo Tư Duy Việt (VietMinds) cấp.\n    -       Quản trị Nhân sự của trường ĐH Kinh Tế TPHCM (sắp hoàn tất).',0),(101,101,NULL,1,1,NULL,1,'sdfg',NULL,'2011-01-01','2023-02-01',NULL,0),(102,102,NULL,1,NULL,NULL,NULL,'sdfgsdfg',NULL,NULL,NULL,NULL,0),(103,103,NULL,1,NULL,NULL,NULL,'sdfgsdfg',NULL,NULL,NULL,NULL,0),(104,104,NULL,1,NULL,NULL,NULL,'ádfasdfsdafasđà',NULL,NULL,NULL,NULL,0),(105,105,NULL,2,NULL,NULL,NULL,'ádfasdf',NULL,NULL,NULL,NULL,0),(106,106,NULL,2,NULL,NULL,NULL,'sdfgsdfg',NULL,NULL,NULL,NULL,0),(107,107,NULL,1,NULL,NULL,NULL,'cadà',NULL,NULL,NULL,NULL,0);
/*!40000 ALTER TABLE `ResumeEducation` ENABLE KEYS */;
UNLOCK TABLES;

--
-- Table structure for table `ResumeFolder`
--

DROP TABLE IF EXISTS `ResumeFolder`;
/*!40101 SET @saved_cs_client     = @@character_set_client */;
/*!40101 SET character_set_client = utf8 */;
CREATE TABLE `ResumeFolder` (
  `id` int(11) NOT NULL AUTO_INCREMENT,
  `name` varchar(255) COLLATE utf8_unicode_ci NOT NULL,
  `employer_id` int(11) DEFAULT NULL,
  `color` int(11) NOT NULL,
  PRIMARY KEY (`id`),
  UNIQUE KEY `UNIQ_E5F0FBF741CD9E7A5E237E06` (`employer_id`,`name`),
  KEY `idx_employer_id` (`employer_id`)
) ENGINE=InnoDB DEFAULT CHARSET=utf8 COLLATE=utf8_unicode_ci;
/*!40101 SET character_set_client = @saved_cs_client */;

--
-- Dumping data for table `ResumeFolder`
--

LOCK TABLES `ResumeFolder` WRITE;
/*!40000 ALTER TABLE `ResumeFolder` DISABLE KEYS */;
/*!40000 ALTER TABLE `ResumeFolder` ENABLE KEYS */;
UNLOCK TABLES;

--
-- Table structure for table `ResumeLog`
--

DROP TABLE IF EXISTS `ResumeLog`;
/*!40101 SET @saved_cs_client     = @@character_set_client */;
/*!40101 SET character_set_client = utf8 */;
CREATE TABLE `ResumeLog` (
  `id` int(11) NOT NULL AUTO_INCREMENT,
  `resume_id` int(11) NOT NULL,
  `lastModAdminId` int(11) DEFAULT NULL,
  `activatedAdminId` int(11) DEFAULT NULL,
  PRIMARY KEY (`id`),
  UNIQUE KEY `UNIQ_81A0C6BFD262AF09` (`resume_id`)
) ENGINE=InnoDB DEFAULT CHARSET=utf8 COLLATE=utf8_unicode_ci;
/*!40101 SET character_set_client = @saved_cs_client */;

--
-- Dumping data for table `ResumeLog`
--

LOCK TABLES `ResumeLog` WRITE;
/*!40000 ALTER TABLE `ResumeLog` DISABLE KEYS */;
/*!40000 ALTER TABLE `ResumeLog` ENABLE KEYS */;
UNLOCK TABLES;

--
-- Table structure for table `ResumeOtherSkill`
--

DROP TABLE IF EXISTS `ResumeOtherSkill`;
/*!40101 SET @saved_cs_client     = @@character_set_client */;
/*!40101 SET character_set_client = utf8 */;
CREATE TABLE `ResumeOtherSkill` (
  `id` int(11) NOT NULL AUTO_INCREMENT,
  `resume_id` int(11) DEFAULT NULL,
  `name` varchar(255) COLLATE utf8_unicode_ci NOT NULL,
  `proficiency` char(1) COLLATE utf8_unicode_ci NOT NULL,
  `yearOfUse` int(11) DEFAULT NULL,
  `description` longtext COLLATE utf8_unicode_ci,
  `sort` int(11) NOT NULL,
  PRIMARY KEY (`id`),
  KEY `IDX_731AD5B3D262AF09` (`resume_id`),
  CONSTRAINT `FK_731AD5B3D262AF09` FOREIGN KEY (`resume_id`) REFERENCES `Resume` (`id`)
) ENGINE=InnoDB DEFAULT CHARSET=utf8 COLLATE=utf8_unicode_ci;
/*!40101 SET character_set_client = @saved_cs_client */;

--
-- Dumping data for table `ResumeOtherSkill`
--

LOCK TABLES `ResumeOtherSkill` WRITE;
/*!40000 ALTER TABLE `ResumeOtherSkill` DISABLE KEYS */;
/*!40000 ALTER TABLE `ResumeOtherSkill` ENABLE KEYS */;
UNLOCK TABLES;

--
-- Table structure for table `ResumeReference`
--

DROP TABLE IF EXISTS `ResumeReference`;
/*!40101 SET @saved_cs_client     = @@character_set_client */;
/*!40101 SET character_set_client = utf8 */;
CREATE TABLE `ResumeReference` (
  `id` int(11) NOT NULL AUTO_INCREMENT,
  `resume_id` int(11) DEFAULT NULL,
  `referenceType` char(1) COLLATE utf8_unicode_ci NOT NULL,
  `name` varchar(255) COLLATE utf8_unicode_ci NOT NULL,
  `jobTitleName` varchar(255) COLLATE utf8_unicode_ci NOT NULL,
  `phone` varchar(255) COLLATE utf8_unicode_ci DEFAULT NULL,
  `email` varchar(255) COLLATE utf8_unicode_ci DEFAULT NULL,
  `relateInformation` longtext COLLATE utf8_unicode_ci,
  `sort` int(11) NOT NULL,
  PRIMARY KEY (`id`),
  KEY `IDX_24B09ABBD262AF09` (`resume_id`),
  CONSTRAINT `FK_24B09ABBD262AF09` FOREIGN KEY (`resume_id`) REFERENCES `Resume` (`id`)
) ENGINE=InnoDB AUTO_INCREMENT=2 DEFAULT CHARSET=utf8 COLLATE=utf8_unicode_ci;
/*!40101 SET character_set_client = @saved_cs_client */;

--
-- Dumping data for table `ResumeReference`
--

LOCK TABLES `ResumeReference` WRITE;
/*!40000 ALTER TABLE `ResumeReference` DISABLE KEYS */;
INSERT INTO `ResumeReference` VALUES (1,101,'B','asdf','asdf',NULL,NULL,NULL,0);
/*!40000 ALTER TABLE `ResumeReference` ENABLE KEYS */;
UNLOCK TABLES;

--
-- Table structure for table `ResumeSkill`
--

DROP TABLE IF EXISTS `ResumeSkill`;
/*!40101 SET @saved_cs_client     = @@character_set_client */;
/*!40101 SET character_set_client = utf8 */;
CREATE TABLE `ResumeSkill` (
  `id` int(11) NOT NULL AUTO_INCREMENT,
  `resume_id` int(11) DEFAULT NULL,
  `skill_id` int(11) DEFAULT NULL,
  `proficiency` char(1) COLLATE utf8_unicode_ci NOT NULL,
  `yearOfUse` int(11) DEFAULT NULL,
  `sort` int(11) NOT NULL,
  PRIMARY KEY (`id`),
  UNIQUE KEY `UNIQ_BA83F57BD262AF095585C142` (`resume_id`,`skill_id`),
  KEY `IDX_BA83F57BD262AF09` (`resume_id`),
  KEY `IDX_BA83F57B5585C142` (`skill_id`),
  CONSTRAINT `FK_BA83F57B5585C142` FOREIGN KEY (`skill_id`) REFERENCES `Skill` (`id`),
  CONSTRAINT `FK_BA83F57BD262AF09` FOREIGN KEY (`resume_id`) REFERENCES `Resume` (`id`)
) ENGINE=InnoDB AUTO_INCREMENT=101 DEFAULT CHARSET=utf8 COLLATE=utf8_unicode_ci;
/*!40101 SET character_set_client = @saved_cs_client */;

--
-- Dumping data for table `ResumeSkill`
--

LOCK TABLES `ResumeSkill` WRITE;
/*!40000 ALTER TABLE `ResumeSkill` DISABLE KEYS */;
INSERT INTO `ResumeSkill` VALUES (1,1,13,'I',3,0),(2,1,11,'I',3,1),(3,3,13,'I',3,0),(4,3,11,'I',3,1),(5,5,13,'I',3,0),(6,5,11,'I',3,1),(7,7,13,'I',3,0),(8,7,11,'I',3,1),(9,9,13,'I',3,0),(10,9,11,'I',3,1),(11,11,13,'I',3,0),(12,11,11,'I',3,1),(13,13,13,'I',3,0),(14,13,11,'I',3,1),(15,15,13,'I',3,0),(16,15,11,'I',3,1),(17,17,13,'I',3,0),(18,17,11,'I',3,1),(19,19,13,'I',3,0),(20,19,11,'I',3,1),(21,21,13,'I',3,0),(22,21,11,'I',3,1),(23,23,13,'I',3,0),(24,23,11,'I',3,1),(25,25,13,'I',3,0),(26,25,11,'I',3,1),(27,27,13,'I',3,0),(28,27,11,'I',3,1),(29,29,13,'I',3,0),(30,29,11,'I',3,1),(31,31,13,'I',3,0),(32,31,11,'I',3,1),(33,33,13,'I',3,0),(34,33,11,'I',3,1),(35,35,13,'I',3,0),(36,35,11,'I',3,1),(37,37,13,'I',3,0),(38,37,11,'I',3,1),(39,39,13,'I',3,0),(40,39,11,'I',3,1),(41,41,13,'I',3,0),(42,41,11,'I',3,1),(43,43,13,'I',3,0),(44,43,11,'I',3,1),(45,45,13,'I',3,0),(46,45,11,'I',3,1),(47,47,13,'I',3,0),(48,47,11,'I',3,1),(49,49,13,'I',3,0),(50,49,11,'I',3,1),(51,51,13,'I',3,0),(52,51,11,'I',3,1),(53,53,13,'I',3,0),(54,53,11,'I',3,1),(55,55,13,'I',3,0),(56,55,11,'I',3,1),(57,57,13,'I',3,0),(58,57,11,'I',3,1),(59,59,13,'I',3,0),(60,59,11,'I',3,1),(61,61,13,'I',3,0),(62,61,11,'I',3,1),(63,63,13,'I',3,0),(64,63,11,'I',3,1),(65,65,13,'I',3,0),(66,65,11,'I',3,1),(67,67,13,'I',3,0),(68,67,11,'I',3,1),(69,69,13,'I',3,0),(70,69,11,'I',3,1),(71,71,13,'I',3,0),(72,71,11,'I',3,1),(73,73,13,'I',3,0),(74,73,11,'I',3,1),(75,75,13,'I',3,0),(76,75,11,'I',3,1),(77,77,13,'I',3,0),(78,77,11,'I',3,1),(79,79,13,'I',3,0),(80,79,11,'I',3,1),(81,81,13,'I',3,0),(82,81,11,'I',3,1),(83,83,13,'I',3,0),(84,83,11,'I',3,1),(85,85,13,'I',3,0),(86,85,11,'I',3,1),(87,87,13,'I',3,0),(88,87,11,'I',3,1),(89,89,13,'I',3,0),(90,89,11,'I',3,1),(91,91,13,'I',3,0),(92,91,11,'I',3,1),(93,93,13,'I',3,0),(94,93,11,'I',3,1),(95,95,13,'I',3,0),(96,95,11,'I',3,1),(97,97,13,'I',3,0),(98,97,11,'I',3,1),(99,99,13,'I',3,0),(100,99,11,'I',3,1);
/*!40000 ALTER TABLE `ResumeSkill` ENABLE KEYS */;
UNLOCK TABLES;

--
-- Table structure for table `ResumeViewInfo`
--

DROP TABLE IF EXISTS `ResumeViewInfo`;
/*!40101 SET @saved_cs_client     = @@character_set_client */;
/*!40101 SET character_set_client = utf8 */;
CREATE TABLE `ResumeViewInfo` (
  `id` int(11) NOT NULL AUTO_INCREMENT,
  `count` int(11) NOT NULL,
  PRIMARY KEY (`id`)
) ENGINE=InnoDB AUTO_INCREMENT=108 DEFAULT CHARSET=utf8 COLLATE=utf8_unicode_ci;
/*!40101 SET character_set_client = @saved_cs_client */;

--
-- Dumping data for table `ResumeViewInfo`
--

LOCK TABLES `ResumeViewInfo` WRITE;
/*!40000 ALTER TABLE `ResumeViewInfo` DISABLE KEYS */;
INSERT INTO `ResumeViewInfo` VALUES (1,0),(2,0),(3,0),(4,0),(5,0),(6,0),(7,0),(8,0),(9,0),(10,0),(11,0),(12,0),(13,0),(14,0),(15,0),(16,0),(17,0),(18,0),(19,0),(20,0),(21,0),(22,0),(23,0),(24,0),(25,0),(26,0),(27,0),(28,0),(29,0),(30,0),(31,0),(32,0),(33,0),(34,0),(35,0),(36,0),(37,0),(38,0),(39,0),(40,0),(41,0),(42,0),(43,0),(44,0),(45,0),(46,0),(47,0),(48,0),(49,0),(50,0),(51,0),(52,0),(53,0),(54,0),(55,0),(56,0),(57,0),(58,0),(59,0),(60,0),(61,0),(62,0),(63,0),(64,0),(65,0),(66,0),(67,0),(68,0),(69,0),(70,0),(71,0),(72,0),(73,0),(74,0),(75,0),(76,0),(77,0),(78,0),(79,0),(80,0),(81,0),(82,0),(83,0),(84,0),(85,0),(86,0),(87,0),(88,0),(89,0),(90,0),(91,0),(92,0),(93,0),(94,0),(95,0),(96,0),(97,0),(98,0),(99,0),(100,0),(101,0),(102,0),(103,0),(104,0),(105,0),(106,0),(107,0);
/*!40000 ALTER TABLE `ResumeViewInfo` ENABLE KEYS */;
UNLOCK TABLES;

--
-- Table structure for table `ResumeWorkExperience`
--

DROP TABLE IF EXISTS `ResumeWorkExperience`;
/*!40101 SET @saved_cs_client     = @@character_set_client */;
/*!40101 SET character_set_client = utf8 */;
CREATE TABLE `ResumeWorkExperience` (
  `id` int(11) NOT NULL AUTO_INCREMENT,
  `resume_id` int(11) DEFAULT NULL,
  `job_category_id` int(11) DEFAULT NULL,
  `province_id` int(11) DEFAULT NULL,
  `country_id` int(11) DEFAULT NULL,
  `employerName` varchar(255) COLLATE utf8_unicode_ci DEFAULT NULL,
  `jobTitleName` varchar(255) COLLATE utf8_unicode_ci DEFAULT NULL,
  `startDate` date DEFAULT NULL,
  `endDate` date DEFAULT NULL,
  `txtProvince` varchar(255) COLLATE utf8_unicode_ci DEFAULT NULL,
  `description` longtext COLLATE utf8_unicode_ci,
  `sort` int(11) NOT NULL,
  PRIMARY KEY (`id`),
  KEY `IDX_CEE36453D262AF09` (`resume_id`),
  KEY `IDX_CEE36453712A86AB` (`job_category_id`),
  KEY `IDX_CEE36453E946114A` (`province_id`),
  KEY `IDX_CEE36453F92F3E70` (`country_id`),
  CONSTRAINT `FK_CEE36453712A86AB` FOREIGN KEY (`job_category_id`) REFERENCES `JobCategory` (`id`),
  CONSTRAINT `FK_CEE36453D262AF09` FOREIGN KEY (`resume_id`) REFERENCES `Resume` (`id`),
  CONSTRAINT `FK_CEE36453E946114A` FOREIGN KEY (`province_id`) REFERENCES `Province` (`id`),
  CONSTRAINT `FK_CEE36453F92F3E70` FOREIGN KEY (`country_id`) REFERENCES `Country` (`id`)
) ENGINE=InnoDB AUTO_INCREMENT=201 DEFAULT CHARSET=utf8 COLLATE=utf8_unicode_ci;
/*!40101 SET character_set_client = @saved_cs_client */;

--
-- Dumping data for table `ResumeWorkExperience`
--

LOCK TABLES `ResumeWorkExperience` WRITE;
/*!40000 ALTER TABLE `ResumeWorkExperience` DISABLE KEYS */;
INSERT INTO `ResumeWorkExperience` VALUES (1,1,16,5,1,'Công ty TNHH DV-TM Tân Cường Minh','PG','2009-04-01','2009-05-01',NULL,'-       PG cho chương trình event của hãng Abbort Hoa Kỳ tại các trường mầm non trên địa bàn Thành phố Hồ Chí Minh;\n    -       Tham gia tổ chức, sắp xếp, bài trí vật dụng và công cụ của chương trình;\n    -       Tư vấn chỉ số chiều cao, cân nặng phù hợp với từng độ tuổi của các bé;\n    -       Giới thiệu, và bán sản phẩm;\n    -       Phát quà cho các bé.',0),(2,1,11,5,1,'Công ty TNHH Tài chính Prudential','Trợ lý kinh doanh','2009-08-01','2010-12-01',NULL,'-       Tổ chức, giám sát hoạt động kinh doanh của thành viên trong nhóm;\n    -        Lập báo cáo, quản lý nhân viên;\n    -        Tìm kiếm, tư vấn và đại diện công ty ký kết hợp đồng;\n    -         Mở rộng các mối quan hệ, mở rộng thị trường;\n    -        Trực tiếp phát triển mạng lưới khách hàng tiềm năng và chăm sóc phát triển các khách hàng trung thành của công ty;\n    -       Giải đáp các thắc mắc của khách hàng - chăm sóc khách hàng trước và sau bán hàng.  ',1),(3,1,2,5,1,'Công ty Cổ Phần Đào Tạo Tư Duy Việt (VietMinds)','Nhân viên hành chính Nhân sự kiêm Biên tập viên website','2011-01-01','2011-08-01',NULL,'-       Soạn thảo công văn, hợp đồng, biểu mẫu…;\n    -       Trực điện thoại và xử lý thông tin, giải đáp và tư vấn các thắc mắc của khách hàng;\n    -       Phụ trách lập và triển khai kế hoạch tuyển dụng, đào tạo nhân viên theo yêu cầu và báo cáo lên Quản lý;\n    -       Chuẩn bị công tác hậu cần, tiếp khách đến liên hệ;\n    -       Lên kế hoạch và thực hiện công việc Quản lý đưa xuống;\n    -       Viết bài PR giới thiệu các khóa học;\n    -       Xử lý tin, bài sau hội thảo và các chương trình của công ty;\n    -       Chịu trách nhiệm về nội dung các bài viết trên website.\n\nCông ty Cổ Phần Đào Tạo Tư Duy Việt (VietMinds): Từ T3 –T8/2011\n  + Chức vụ: Quản lý Nhân sự kiêm Phó Phòng Đào Tạo\n  + Nhiệm vụ:\n\n    -       Trực tiếp quản lý công tác tuyển dụng nhân sự của Công ty;\n    -       Nhận hồ sơ, phân loại và xử lý theo đúng quy trình;\n    -       Tập hợp và Báo cáo lên Giám Đốc theo định kỳ;\n    -       Trực tiếp tuyển dụng và phỏng vấn ứng viên;\n    -       Hỗ trợ, kiểm tra, đôn đốc và điều động nhân viên;\n    -       Quản lý công văn, hồ sơ, chứng từ của công ty;\n    -       Tổ chức xây dựng, vận hành hệ thống lương, thưởng, đãi ngộ cho nhân viên',2),(4,1,2,5,1,'Công ty TNHH Phần Mềm Phượng Hoàng','Nhân viên Nhân sự','2011-09-01',NULL,NULL,'+ Quản trị nguồn nhân lực:\n\n    -       Hỗ trợ Giám đốc trong việc quản trị nhân sự, quản lý hành chính tại Công ty, có trách nhiệm quản lý và phát triển một cách hiệu quả nguồn lực của công ty;\n    -       Xây dựng các mối quan hệ nội bộ công ty;\n    -       Lập, xây dựng kế hoạch, chương trình tuyển dụng, đào tạo, phát triển nguồn nhân lực định kỳ năm, quý, tháng;\n    -       Thực hiện các cuộc thăm dò định kỳ về mức lương; lập kế hoạch và đánh giá công việc;\n    -       Xây dựng quy chế lương thưởng, các biện pháp khuyến khích – kích thích người lao động làm việc, phối hợp với các trưởng phòng trong việc đào tạo và kỷ luật nhân viên;\n    -       Đảm bảo tuân thủ pháp luật bằng cách theo dõi và thực thi quy định của nhà nước về chính sách nhân sự.\n+ Quản trị văn phòng:\n    -       Thiết kế và thực thi các chính sách trong văn phòng bằng cách thiết lập các tiêu chuẩn và thủ tục;\n    -       Đánh giá kết quả so với tiêu chuẩn; thực hiện những điều chỉnh cần thiết;\n    -       Theo dõi và kiểm soát nhân viên thực hiện nội qui và kỷ luật lao động;\n    -       Xây dựng kế hoạch và tổ chức, giám sát việc thực hiện về an tinh trật tư, an toàn lao động, vệ sinh lao động và phòng chống cháy nổ;\n    -       Chỉ đạo và chịu trách nhiệm mọi hoạt động đối với toàn bộ chức năng và nhiệm vụ của phòng Hành Chánh Nhân Sự.',3),(5,3,16,5,1,'Công ty TNHH DV-TM Tân Cường Minh','PG','2009-04-01','2009-05-01',NULL,'-       PG cho chương trình event của hãng Abbort Hoa Kỳ tại các trường mầm non trên địa bàn Thành phố Hồ Chí Minh;\n    -       Tham gia tổ chức, sắp xếp, bài trí vật dụng và công cụ của chương trình;\n    -       Tư vấn chỉ số chiều cao, cân nặng phù hợp với từng độ tuổi của các bé;\n    -       Giới thiệu, và bán sản phẩm;\n    -       Phát quà cho các bé.',0),(6,3,11,5,1,'Công ty TNHH Tài chính Prudential','Trợ lý kinh doanh','2009-08-01','2010-12-01',NULL,'-       Tổ chức, giám sát hoạt động kinh doanh của thành viên trong nhóm;\n    -        Lập báo cáo, quản lý nhân viên;\n    -        Tìm kiếm, tư vấn và đại diện công ty ký kết hợp đồng;\n    -         Mở rộng các mối quan hệ, mở rộng thị trường;\n    -        Trực tiếp phát triển mạng lưới khách hàng tiềm năng và chăm sóc phát triển các khách hàng trung thành của công ty;\n    -       Giải đáp các thắc mắc của khách hàng - chăm sóc khách hàng trước và sau bán hàng.  ',1),(7,3,2,5,1,'Công ty Cổ Phần Đào Tạo Tư Duy Việt (VietMinds)','Nhân viên hành chính Nhân sự kiêm Biên tập viên website','2011-01-01','2011-08-01',NULL,'-       Soạn thảo công văn, hợp đồng, biểu mẫu…;\n    -       Trực điện thoại và xử lý thông tin, giải đáp và tư vấn các thắc mắc của khách hàng;\n    -       Phụ trách lập và triển khai kế hoạch tuyển dụng, đào tạo nhân viên theo yêu cầu và báo cáo lên Quản lý;\n    -       Chuẩn bị công tác hậu cần, tiếp khách đến liên hệ;\n    -       Lên kế hoạch và thực hiện công việc Quản lý đưa xuống;\n    -       Viết bài PR giới thiệu các khóa học;\n    -       Xử lý tin, bài sau hội thảo và các chương trình của công ty;\n    -       Chịu trách nhiệm về nội dung các bài viết trên website.\n\nCông ty Cổ Phần Đào Tạo Tư Duy Việt (VietMinds): Từ T3 –T8/2011\n  + Chức vụ: Quản lý Nhân sự kiêm Phó Phòng Đào Tạo\n  + Nhiệm vụ:\n\n    -       Trực tiếp quản lý công tác tuyển dụng nhân sự của Công ty;\n    -       Nhận hồ sơ, phân loại và xử lý theo đúng quy trình;\n    -       Tập hợp và Báo cáo lên Giám Đốc theo định kỳ;\n    -       Trực tiếp tuyển dụng và phỏng vấn ứng viên;\n    -       Hỗ trợ, kiểm tra, đôn đốc và điều động nhân viên;\n    -       Quản lý công văn, hồ sơ, chứng từ của công ty;\n    -       Tổ chức xây dựng, vận hành hệ thống lương, thưởng, đãi ngộ cho nhân viên',2),(8,3,2,5,1,'Công ty TNHH Phần Mềm Phượng Hoàng','Nhân viên Nhân sự','2011-09-01',NULL,NULL,'+ Quản trị nguồn nhân lực:\n\n    -       Hỗ trợ Giám đốc trong việc quản trị nhân sự, quản lý hành chính tại Công ty, có trách nhiệm quản lý và phát triển một cách hiệu quả nguồn lực của công ty;\n    -       Xây dựng các mối quan hệ nội bộ công ty;\n    -       Lập, xây dựng kế hoạch, chương trình tuyển dụng, đào tạo, phát triển nguồn nhân lực định kỳ năm, quý, tháng;\n    -       Thực hiện các cuộc thăm dò định kỳ về mức lương; lập kế hoạch và đánh giá công việc;\n    -       Xây dựng quy chế lương thưởng, các biện pháp khuyến khích – kích thích người lao động làm việc, phối hợp với các trưởng phòng trong việc đào tạo và kỷ luật nhân viên;\n    -       Đảm bảo tuân thủ pháp luật bằng cách theo dõi và thực thi quy định của nhà nước về chính sách nhân sự.\n+ Quản trị văn phòng:\n    -       Thiết kế và thực thi các chính sách trong văn phòng bằng cách thiết lập các tiêu chuẩn và thủ tục;\n    -       Đánh giá kết quả so với tiêu chuẩn; thực hiện những điều chỉnh cần thiết;\n    -       Theo dõi và kiểm soát nhân viên thực hiện nội qui và kỷ luật lao động;\n    -       Xây dựng kế hoạch và tổ chức, giám sát việc thực hiện về an tinh trật tư, an toàn lao động, vệ sinh lao động và phòng chống cháy nổ;\n    -       Chỉ đạo và chịu trách nhiệm mọi hoạt động đối với toàn bộ chức năng và nhiệm vụ của phòng Hành Chánh Nhân Sự.',3),(9,5,16,5,1,'Công ty TNHH DV-TM Tân Cường Minh','PG','2009-04-01','2009-05-01',NULL,'-       PG cho chương trình event của hãng Abbort Hoa Kỳ tại các trường mầm non trên địa bàn Thành phố Hồ Chí Minh;\n    -       Tham gia tổ chức, sắp xếp, bài trí vật dụng và công cụ của chương trình;\n    -       Tư vấn chỉ số chiều cao, cân nặng phù hợp với từng độ tuổi của các bé;\n    -       Giới thiệu, và bán sản phẩm;\n    -       Phát quà cho các bé.',0),(10,5,11,5,1,'Công ty TNHH Tài chính Prudential','Trợ lý kinh doanh','2009-08-01','2010-12-01',NULL,'-       Tổ chức, giám sát hoạt động kinh doanh của thành viên trong nhóm;\n    -        Lập báo cáo, quản lý nhân viên;\n    -        Tìm kiếm, tư vấn và đại diện công ty ký kết hợp đồng;\n    -         Mở rộng các mối quan hệ, mở rộng thị trường;\n    -        Trực tiếp phát triển mạng lưới khách hàng tiềm năng và chăm sóc phát triển các khách hàng trung thành của công ty;\n    -       Giải đáp các thắc mắc của khách hàng - chăm sóc khách hàng trước và sau bán hàng.  ',1),(11,5,2,5,1,'Công ty Cổ Phần Đào Tạo Tư Duy Việt (VietMinds)','Nhân viên hành chính Nhân sự kiêm Biên tập viên website','2011-01-01','2011-08-01',NULL,'-       Soạn thảo công văn, hợp đồng, biểu mẫu…;\n    -       Trực điện thoại và xử lý thông tin, giải đáp và tư vấn các thắc mắc của khách hàng;\n    -       Phụ trách lập và triển khai kế hoạch tuyển dụng, đào tạo nhân viên theo yêu cầu và báo cáo lên Quản lý;\n    -       Chuẩn bị công tác hậu cần, tiếp khách đến liên hệ;\n    -       Lên kế hoạch và thực hiện công việc Quản lý đưa xuống;\n    -       Viết bài PR giới thiệu các khóa học;\n    -       Xử lý tin, bài sau hội thảo và các chương trình của công ty;\n    -       Chịu trách nhiệm về nội dung các bài viết trên website.\n\nCông ty Cổ Phần Đào Tạo Tư Duy Việt (VietMinds): Từ T3 –T8/2011\n  + Chức vụ: Quản lý Nhân sự kiêm Phó Phòng Đào Tạo\n  + Nhiệm vụ:\n\n    -       Trực tiếp quản lý công tác tuyển dụng nhân sự của Công ty;\n    -       Nhận hồ sơ, phân loại và xử lý theo đúng quy trình;\n    -       Tập hợp và Báo cáo lên Giám Đốc theo định kỳ;\n    -       Trực tiếp tuyển dụng và phỏng vấn ứng viên;\n    -       Hỗ trợ, kiểm tra, đôn đốc và điều động nhân viên;\n    -       Quản lý công văn, hồ sơ, chứng từ của công ty;\n    -       Tổ chức xây dựng, vận hành hệ thống lương, thưởng, đãi ngộ cho nhân viên',2),(12,5,2,5,1,'Công ty TNHH Phần Mềm Phượng Hoàng','Nhân viên Nhân sự','2011-09-01',NULL,NULL,'+ Quản trị nguồn nhân lực:\n\n    -       Hỗ trợ Giám đốc trong việc quản trị nhân sự, quản lý hành chính tại Công ty, có trách nhiệm quản lý và phát triển một cách hiệu quả nguồn lực của công ty;\n    -       Xây dựng các mối quan hệ nội bộ công ty;\n    -       Lập, xây dựng kế hoạch, chương trình tuyển dụng, đào tạo, phát triển nguồn nhân lực định kỳ năm, quý, tháng;\n    -       Thực hiện các cuộc thăm dò định kỳ về mức lương; lập kế hoạch và đánh giá công việc;\n    -       Xây dựng quy chế lương thưởng, các biện pháp khuyến khích – kích thích người lao động làm việc, phối hợp với các trưởng phòng trong việc đào tạo và kỷ luật nhân viên;\n    -       Đảm bảo tuân thủ pháp luật bằng cách theo dõi và thực thi quy định của nhà nước về chính sách nhân sự.\n+ Quản trị văn phòng:\n    -       Thiết kế và thực thi các chính sách trong văn phòng bằng cách thiết lập các tiêu chuẩn và thủ tục;\n    -       Đánh giá kết quả so với tiêu chuẩn; thực hiện những điều chỉnh cần thiết;\n    -       Theo dõi và kiểm soát nhân viên thực hiện nội qui và kỷ luật lao động;\n    -       Xây dựng kế hoạch và tổ chức, giám sát việc thực hiện về an tinh trật tư, an toàn lao động, vệ sinh lao động và phòng chống cháy nổ;\n    -       Chỉ đạo và chịu trách nhiệm mọi hoạt động đối với toàn bộ chức năng và nhiệm vụ của phòng Hành Chánh Nhân Sự.',3),(13,7,16,5,1,'Công ty TNHH DV-TM Tân Cường Minh','PG','2009-04-01','2009-05-01',NULL,'-       PG cho chương trình event của hãng Abbort Hoa Kỳ tại các trường mầm non trên địa bàn Thành phố Hồ Chí Minh;\n    -       Tham gia tổ chức, sắp xếp, bài trí vật dụng và công cụ của chương trình;\n    -       Tư vấn chỉ số chiều cao, cân nặng phù hợp với từng độ tuổi của các bé;\n    -       Giới thiệu, và bán sản phẩm;\n    -       Phát quà cho các bé.',0),(14,7,11,5,1,'Công ty TNHH Tài chính Prudential','Trợ lý kinh doanh','2009-08-01','2010-12-01',NULL,'-       Tổ chức, giám sát hoạt động kinh doanh của thành viên trong nhóm;\n    -        Lập báo cáo, quản lý nhân viên;\n    -        Tìm kiếm, tư vấn và đại diện công ty ký kết hợp đồng;\n    -         Mở rộng các mối quan hệ, mở rộng thị trường;\n    -        Trực tiếp phát triển mạng lưới khách hàng tiềm năng và chăm sóc phát triển các khách hàng trung thành của công ty;\n    -       Giải đáp các thắc mắc của khách hàng - chăm sóc khách hàng trước và sau bán hàng.  ',1),(15,7,2,5,1,'Công ty Cổ Phần Đào Tạo Tư Duy Việt (VietMinds)','Nhân viên hành chính Nhân sự kiêm Biên tập viên website','2011-01-01','2011-08-01',NULL,'-       Soạn thảo công văn, hợp đồng, biểu mẫu…;\n    -       Trực điện thoại và xử lý thông tin, giải đáp và tư vấn các thắc mắc của khách hàng;\n    -       Phụ trách lập và triển khai kế hoạch tuyển dụng, đào tạo nhân viên theo yêu cầu và báo cáo lên Quản lý;\n    -       Chuẩn bị công tác hậu cần, tiếp khách đến liên hệ;\n    -       Lên kế hoạch và thực hiện công việc Quản lý đưa xuống;\n    -       Viết bài PR giới thiệu các khóa học;\n    -       Xử lý tin, bài sau hội thảo và các chương trình của công ty;\n    -       Chịu trách nhiệm về nội dung các bài viết trên website.\n\nCông ty Cổ Phần Đào Tạo Tư Duy Việt (VietMinds): Từ T3 –T8/2011\n  + Chức vụ: Quản lý Nhân sự kiêm Phó Phòng Đào Tạo\n  + Nhiệm vụ:\n\n    -       Trực tiếp quản lý công tác tuyển dụng nhân sự của Công ty;\n    -       Nhận hồ sơ, phân loại và xử lý theo đúng quy trình;\n    -       Tập hợp và Báo cáo lên Giám Đốc theo định kỳ;\n    -       Trực tiếp tuyển dụng và phỏng vấn ứng viên;\n    -       Hỗ trợ, kiểm tra, đôn đốc và điều động nhân viên;\n    -       Quản lý công văn, hồ sơ, chứng từ của công ty;\n    -       Tổ chức xây dựng, vận hành hệ thống lương, thưởng, đãi ngộ cho nhân viên',2),(16,7,2,5,1,'Công ty TNHH Phần Mềm Phượng Hoàng','Nhân viên Nhân sự','2011-09-01',NULL,NULL,'+ Quản trị nguồn nhân lực:\n\n    -       Hỗ trợ Giám đốc trong việc quản trị nhân sự, quản lý hành chính tại Công ty, có trách nhiệm quản lý và phát triển một cách hiệu quả nguồn lực của công ty;\n    -       Xây dựng các mối quan hệ nội bộ công ty;\n    -       Lập, xây dựng kế hoạch, chương trình tuyển dụng, đào tạo, phát triển nguồn nhân lực định kỳ năm, quý, tháng;\n    -       Thực hiện các cuộc thăm dò định kỳ về mức lương; lập kế hoạch và đánh giá công việc;\n    -       Xây dựng quy chế lương thưởng, các biện pháp khuyến khích – kích thích người lao động làm việc, phối hợp với các trưởng phòng trong việc đào tạo và kỷ luật nhân viên;\n    -       Đảm bảo tuân thủ pháp luật bằng cách theo dõi và thực thi quy định của nhà nước về chính sách nhân sự.\n+ Quản trị văn phòng:\n    -       Thiết kế và thực thi các chính sách trong văn phòng bằng cách thiết lập các tiêu chuẩn và thủ tục;\n    -       Đánh giá kết quả so với tiêu chuẩn; thực hiện những điều chỉnh cần thiết;\n    -       Theo dõi và kiểm soát nhân viên thực hiện nội qui và kỷ luật lao động;\n    -       Xây dựng kế hoạch và tổ chức, giám sát việc thực hiện về an tinh trật tư, an toàn lao động, vệ sinh lao động và phòng chống cháy nổ;\n    -       Chỉ đạo và chịu trách nhiệm mọi hoạt động đối với toàn bộ chức năng và nhiệm vụ của phòng Hành Chánh Nhân Sự.',3),(17,9,16,5,1,'Công ty TNHH DV-TM Tân Cường Minh','PG','2009-04-01','2009-05-01',NULL,'-       PG cho chương trình event của hãng Abbort Hoa Kỳ tại các trường mầm non trên địa bàn Thành phố Hồ Chí Minh;\n    -       Tham gia tổ chức, sắp xếp, bài trí vật dụng và công cụ của chương trình;\n    -       Tư vấn chỉ số chiều cao, cân nặng phù hợp với từng độ tuổi của các bé;\n    -       Giới thiệu, và bán sản phẩm;\n    -       Phát quà cho các bé.',0),(18,9,11,5,1,'Công ty TNHH Tài chính Prudential','Trợ lý kinh doanh','2009-08-01','2010-12-01',NULL,'-       Tổ chức, giám sát hoạt động kinh doanh của thành viên trong nhóm;\n    -        Lập báo cáo, quản lý nhân viên;\n    -        Tìm kiếm, tư vấn và đại diện công ty ký kết hợp đồng;\n    -         Mở rộng các mối quan hệ, mở rộng thị trường;\n    -        Trực tiếp phát triển mạng lưới khách hàng tiềm năng và chăm sóc phát triển các khách hàng trung thành của công ty;\n    -       Giải đáp các thắc mắc của khách hàng - chăm sóc khách hàng trước và sau bán hàng.  ',1),(19,9,2,5,1,'Công ty Cổ Phần Đào Tạo Tư Duy Việt (VietMinds)','Nhân viên hành chính Nhân sự kiêm Biên tập viên website','2011-01-01','2011-08-01',NULL,'-       Soạn thảo công văn, hợp đồng, biểu mẫu…;\n    -       Trực điện thoại và xử lý thông tin, giải đáp và tư vấn các thắc mắc của khách hàng;\n    -       Phụ trách lập và triển khai kế hoạch tuyển dụng, đào tạo nhân viên theo yêu cầu và báo cáo lên Quản lý;\n    -       Chuẩn bị công tác hậu cần, tiếp khách đến liên hệ;\n    -       Lên kế hoạch và thực hiện công việc Quản lý đưa xuống;\n    -       Viết bài PR giới thiệu các khóa học;\n    -       Xử lý tin, bài sau hội thảo và các chương trình của công ty;\n    -       Chịu trách nhiệm về nội dung các bài viết trên website.\n\nCông ty Cổ Phần Đào Tạo Tư Duy Việt (VietMinds): Từ T3 –T8/2011\n  + Chức vụ: Quản lý Nhân sự kiêm Phó Phòng Đào Tạo\n  + Nhiệm vụ:\n\n    -       Trực tiếp quản lý công tác tuyển dụng nhân sự của Công ty;\n    -       Nhận hồ sơ, phân loại và xử lý theo đúng quy trình;\n    -       Tập hợp và Báo cáo lên Giám Đốc theo định kỳ;\n    -       Trực tiếp tuyển dụng và phỏng vấn ứng viên;\n    -       Hỗ trợ, kiểm tra, đôn đốc và điều động nhân viên;\n    -       Quản lý công văn, hồ sơ, chứng từ của công ty;\n    -       Tổ chức xây dựng, vận hành hệ thống lương, thưởng, đãi ngộ cho nhân viên',2),(20,9,2,5,1,'Công ty TNHH Phần Mềm Phượng Hoàng','Nhân viên Nhân sự','2011-09-01',NULL,NULL,'+ Quản trị nguồn nhân lực:\n\n    -       Hỗ trợ Giám đốc trong việc quản trị nhân sự, quản lý hành chính tại Công ty, có trách nhiệm quản lý và phát triển một cách hiệu quả nguồn lực của công ty;\n    -       Xây dựng các mối quan hệ nội bộ công ty;\n    -       Lập, xây dựng kế hoạch, chương trình tuyển dụng, đào tạo, phát triển nguồn nhân lực định kỳ năm, quý, tháng;\n    -       Thực hiện các cuộc thăm dò định kỳ về mức lương; lập kế hoạch và đánh giá công việc;\n    -       Xây dựng quy chế lương thưởng, các biện pháp khuyến khích – kích thích người lao động làm việc, phối hợp với các trưởng phòng trong việc đào tạo và kỷ luật nhân viên;\n    -       Đảm bảo tuân thủ pháp luật bằng cách theo dõi và thực thi quy định của nhà nước về chính sách nhân sự.\n+ Quản trị văn phòng:\n    -       Thiết kế và thực thi các chính sách trong văn phòng bằng cách thiết lập các tiêu chuẩn và thủ tục;\n    -       Đánh giá kết quả so với tiêu chuẩn; thực hiện những điều chỉnh cần thiết;\n    -       Theo dõi và kiểm soát nhân viên thực hiện nội qui và kỷ luật lao động;\n    -       Xây dựng kế hoạch và tổ chức, giám sát việc thực hiện về an tinh trật tư, an toàn lao động, vệ sinh lao động và phòng chống cháy nổ;\n    -       Chỉ đạo và chịu trách nhiệm mọi hoạt động đối với toàn bộ chức năng và nhiệm vụ của phòng Hành Chánh Nhân Sự.',3),(21,11,16,5,1,'Công ty TNHH DV-TM Tân Cường Minh','PG','2009-04-01','2009-05-01',NULL,'-       PG cho chương trình event của hãng Abbort Hoa Kỳ tại các trường mầm non trên địa bàn Thành phố Hồ Chí Minh;\n    -       Tham gia tổ chức, sắp xếp, bài trí vật dụng và công cụ của chương trình;\n    -       Tư vấn chỉ số chiều cao, cân nặng phù hợp với từng độ tuổi của các bé;\n    -       Giới thiệu, và bán sản phẩm;\n    -       Phát quà cho các bé.',0),(22,11,11,5,1,'Công ty TNHH Tài chính Prudential','Trợ lý kinh doanh','2009-08-01','2010-12-01',NULL,'-       Tổ chức, giám sát hoạt động kinh doanh của thành viên trong nhóm;\n    -        Lập báo cáo, quản lý nhân viên;\n    -        Tìm kiếm, tư vấn và đại diện công ty ký kết hợp đồng;\n    -         Mở rộng các mối quan hệ, mở rộng thị trường;\n    -        Trực tiếp phát triển mạng lưới khách hàng tiềm năng và chăm sóc phát triển các khách hàng trung thành của công ty;\n    -       Giải đáp các thắc mắc của khách hàng - chăm sóc khách hàng trước và sau bán hàng.  ',1),(23,11,2,5,1,'Công ty Cổ Phần Đào Tạo Tư Duy Việt (VietMinds)','Nhân viên hành chính Nhân sự kiêm Biên tập viên website','2011-01-01','2011-08-01',NULL,'-       Soạn thảo công văn, hợp đồng, biểu mẫu…;\n    -       Trực điện thoại và xử lý thông tin, giải đáp và tư vấn các thắc mắc của khách hàng;\n    -       Phụ trách lập và triển khai kế hoạch tuyển dụng, đào tạo nhân viên theo yêu cầu và báo cáo lên Quản lý;\n    -       Chuẩn bị công tác hậu cần, tiếp khách đến liên hệ;\n    -       Lên kế hoạch và thực hiện công việc Quản lý đưa xuống;\n    -       Viết bài PR giới thiệu các khóa học;\n    -       Xử lý tin, bài sau hội thảo và các chương trình của công ty;\n    -       Chịu trách nhiệm về nội dung các bài viết trên website.\n\nCông ty Cổ Phần Đào Tạo Tư Duy Việt (VietMinds): Từ T3 –T8/2011\n  + Chức vụ: Quản lý Nhân sự kiêm Phó Phòng Đào Tạo\n  + Nhiệm vụ:\n\n    -       Trực tiếp quản lý công tác tuyển dụng nhân sự của Công ty;\n    -       Nhận hồ sơ, phân loại và xử lý theo đúng quy trình;\n    -       Tập hợp và Báo cáo lên Giám Đốc theo định kỳ;\n    -       Trực tiếp tuyển dụng và phỏng vấn ứng viên;\n    -       Hỗ trợ, kiểm tra, đôn đốc và điều động nhân viên;\n    -       Quản lý công văn, hồ sơ, chứng từ của công ty;\n    -       Tổ chức xây dựng, vận hành hệ thống lương, thưởng, đãi ngộ cho nhân viên',2),(24,11,2,5,1,'Công ty TNHH Phần Mềm Phượng Hoàng','Nhân viên Nhân sự','2011-09-01',NULL,NULL,'+ Quản trị nguồn nhân lực:\n\n    -       Hỗ trợ Giám đốc trong việc quản trị nhân sự, quản lý hành chính tại Công ty, có trách nhiệm quản lý và phát triển một cách hiệu quả nguồn lực của công ty;\n    -       Xây dựng các mối quan hệ nội bộ công ty;\n    -       Lập, xây dựng kế hoạch, chương trình tuyển dụng, đào tạo, phát triển nguồn nhân lực định kỳ năm, quý, tháng;\n    -       Thực hiện các cuộc thăm dò định kỳ về mức lương; lập kế hoạch và đánh giá công việc;\n    -       Xây dựng quy chế lương thưởng, các biện pháp khuyến khích – kích thích người lao động làm việc, phối hợp với các trưởng phòng trong việc đào tạo và kỷ luật nhân viên;\n    -       Đảm bảo tuân thủ pháp luật bằng cách theo dõi và thực thi quy định của nhà nước về chính sách nhân sự.\n+ Quản trị văn phòng:\n    -       Thiết kế và thực thi các chính sách trong văn phòng bằng cách thiết lập các tiêu chuẩn và thủ tục;\n    -       Đánh giá kết quả so với tiêu chuẩn; thực hiện những điều chỉnh cần thiết;\n    -       Theo dõi và kiểm soát nhân viên thực hiện nội qui và kỷ luật lao động;\n    -       Xây dựng kế hoạch và tổ chức, giám sát việc thực hiện về an tinh trật tư, an toàn lao động, vệ sinh lao động và phòng chống cháy nổ;\n    -       Chỉ đạo và chịu trách nhiệm mọi hoạt động đối với toàn bộ chức năng và nhiệm vụ của phòng Hành Chánh Nhân Sự.',3),(25,13,16,5,1,'Công ty TNHH DV-TM Tân Cường Minh','PG','2009-04-01','2009-05-01',NULL,'-       PG cho chương trình event của hãng Abbort Hoa Kỳ tại các trường mầm non trên địa bàn Thành phố Hồ Chí Minh;\n    -       Tham gia tổ chức, sắp xếp, bài trí vật dụng và công cụ của chương trình;\n    -       Tư vấn chỉ số chiều cao, cân nặng phù hợp với từng độ tuổi của các bé;\n    -       Giới thiệu, và bán sản phẩm;\n    -       Phát quà cho các bé.',0),(26,13,11,5,1,'Công ty TNHH Tài chính Prudential','Trợ lý kinh doanh','2009-08-01','2010-12-01',NULL,'-       Tổ chức, giám sát hoạt động kinh doanh của thành viên trong nhóm;\n    -        Lập báo cáo, quản lý nhân viên;\n    -        Tìm kiếm, tư vấn và đại diện công ty ký kết hợp đồng;\n    -         Mở rộng các mối quan hệ, mở rộng thị trường;\n    -        Trực tiếp phát triển mạng lưới khách hàng tiềm năng và chăm sóc phát triển các khách hàng trung thành của công ty;\n    -       Giải đáp các thắc mắc của khách hàng - chăm sóc khách hàng trước và sau bán hàng.  ',1),(27,13,2,5,1,'Công ty Cổ Phần Đào Tạo Tư Duy Việt (VietMinds)','Nhân viên hành chính Nhân sự kiêm Biên tập viên website','2011-01-01','2011-08-01',NULL,'-       Soạn thảo công văn, hợp đồng, biểu mẫu…;\n    -       Trực điện thoại và xử lý thông tin, giải đáp và tư vấn các thắc mắc của khách hàng;\n    -       Phụ trách lập và triển khai kế hoạch tuyển dụng, đào tạo nhân viên theo yêu cầu và báo cáo lên Quản lý;\n    -       Chuẩn bị công tác hậu cần, tiếp khách đến liên hệ;\n    -       Lên kế hoạch và thực hiện công việc Quản lý đưa xuống;\n    -       Viết bài PR giới thiệu các khóa học;\n    -       Xử lý tin, bài sau hội thảo và các chương trình của công ty;\n    -       Chịu trách nhiệm về nội dung các bài viết trên website.\n\nCông ty Cổ Phần Đào Tạo Tư Duy Việt (VietMinds): Từ T3 –T8/2011\n  + Chức vụ: Quản lý Nhân sự kiêm Phó Phòng Đào Tạo\n  + Nhiệm vụ:\n\n    -       Trực tiếp quản lý công tác tuyển dụng nhân sự của Công ty;\n    -       Nhận hồ sơ, phân loại và xử lý theo đúng quy trình;\n    -       Tập hợp và Báo cáo lên Giám Đốc theo định kỳ;\n    -       Trực tiếp tuyển dụng và phỏng vấn ứng viên;\n    -       Hỗ trợ, kiểm tra, đôn đốc và điều động nhân viên;\n    -       Quản lý công văn, hồ sơ, chứng từ của công ty;\n    -       Tổ chức xây dựng, vận hành hệ thống lương, thưởng, đãi ngộ cho nhân viên',2),(28,13,2,5,1,'Công ty TNHH Phần Mềm Phượng Hoàng','Nhân viên Nhân sự','2011-09-01',NULL,NULL,'+ Quản trị nguồn nhân lực:\n\n    -       Hỗ trợ Giám đốc trong việc quản trị nhân sự, quản lý hành chính tại Công ty, có trách nhiệm quản lý và phát triển một cách hiệu quả nguồn lực của công ty;\n    -       Xây dựng các mối quan hệ nội bộ công ty;\n    -       Lập, xây dựng kế hoạch, chương trình tuyển dụng, đào tạo, phát triển nguồn nhân lực định kỳ năm, quý, tháng;\n    -       Thực hiện các cuộc thăm dò định kỳ về mức lương; lập kế hoạch và đánh giá công việc;\n    -       Xây dựng quy chế lương thưởng, các biện pháp khuyến khích – kích thích người lao động làm việc, phối hợp với các trưởng phòng trong việc đào tạo và kỷ luật nhân viên;\n    -       Đảm bảo tuân thủ pháp luật bằng cách theo dõi và thực thi quy định của nhà nước về chính sách nhân sự.\n+ Quản trị văn phòng:\n    -       Thiết kế và thực thi các chính sách trong văn phòng bằng cách thiết lập các tiêu chuẩn và thủ tục;\n    -       Đánh giá kết quả so với tiêu chuẩn; thực hiện những điều chỉnh cần thiết;\n    -       Theo dõi và kiểm soát nhân viên thực hiện nội qui và kỷ luật lao động;\n    -       Xây dựng kế hoạch và tổ chức, giám sát việc thực hiện về an tinh trật tư, an toàn lao động, vệ sinh lao động và phòng chống cháy nổ;\n    -       Chỉ đạo và chịu trách nhiệm mọi hoạt động đối với toàn bộ chức năng và nhiệm vụ của phòng Hành Chánh Nhân Sự.',3),(29,15,16,5,1,'Công ty TNHH DV-TM Tân Cường Minh','PG','2009-04-01','2009-05-01',NULL,'-       PG cho chương trình event của hãng Abbort Hoa Kỳ tại các trường mầm non trên địa bàn Thành phố Hồ Chí Minh;\n    -       Tham gia tổ chức, sắp xếp, bài trí vật dụng và công cụ của chương trình;\n    -       Tư vấn chỉ số chiều cao, cân nặng phù hợp với từng độ tuổi của các bé;\n    -       Giới thiệu, và bán sản phẩm;\n    -       Phát quà cho các bé.',0),(30,15,11,5,1,'Công ty TNHH Tài chính Prudential','Trợ lý kinh doanh','2009-08-01','2010-12-01',NULL,'-       Tổ chức, giám sát hoạt động kinh doanh của thành viên trong nhóm;\n    -        Lập báo cáo, quản lý nhân viên;\n    -        Tìm kiếm, tư vấn và đại diện công ty ký kết hợp đồng;\n    -         Mở rộng các mối quan hệ, mở rộng thị trường;\n    -        Trực tiếp phát triển mạng lưới khách hàng tiềm năng và chăm sóc phát triển các khách hàng trung thành của công ty;\n    -       Giải đáp các thắc mắc của khách hàng - chăm sóc khách hàng trước và sau bán hàng.  ',1),(31,15,2,5,1,'Công ty Cổ Phần Đào Tạo Tư Duy Việt (VietMinds)','Nhân viên hành chính Nhân sự kiêm Biên tập viên website','2011-01-01','2011-08-01',NULL,'-       Soạn thảo công văn, hợp đồng, biểu mẫu…;\n    -       Trực điện thoại và xử lý thông tin, giải đáp và tư vấn các thắc mắc của khách hàng;\n    -       Phụ trách lập và triển khai kế hoạch tuyển dụng, đào tạo nhân viên theo yêu cầu và báo cáo lên Quản lý;\n    -       Chuẩn bị công tác hậu cần, tiếp khách đến liên hệ;\n    -       Lên kế hoạch và thực hiện công việc Quản lý đưa xuống;\n    -       Viết bài PR giới thiệu các khóa học;\n    -       Xử lý tin, bài sau hội thảo và các chương trình của công ty;\n    -       Chịu trách nhiệm về nội dung các bài viết trên website.\n\nCông ty Cổ Phần Đào Tạo Tư Duy Việt (VietMinds): Từ T3 –T8/2011\n  + Chức vụ: Quản lý Nhân sự kiêm Phó Phòng Đào Tạo\n  + Nhiệm vụ:\n\n    -       Trực tiếp quản lý công tác tuyển dụng nhân sự của Công ty;\n    -       Nhận hồ sơ, phân loại và xử lý theo đúng quy trình;\n    -       Tập hợp và Báo cáo lên Giám Đốc theo định kỳ;\n    -       Trực tiếp tuyển dụng và phỏng vấn ứng viên;\n    -       Hỗ trợ, kiểm tra, đôn đốc và điều động nhân viên;\n    -       Quản lý công văn, hồ sơ, chứng từ của công ty;\n    -       Tổ chức xây dựng, vận hành hệ thống lương, thưởng, đãi ngộ cho nhân viên',2),(32,15,2,5,1,'Công ty TNHH Phần Mềm Phượng Hoàng','Nhân viên Nhân sự','2011-09-01',NULL,NULL,'+ Quản trị nguồn nhân lực:\n\n    -       Hỗ trợ Giám đốc trong việc quản trị nhân sự, quản lý hành chính tại Công ty, có trách nhiệm quản lý và phát triển một cách hiệu quả nguồn lực của công ty;\n    -       Xây dựng các mối quan hệ nội bộ công ty;\n    -       Lập, xây dựng kế hoạch, chương trình tuyển dụng, đào tạo, phát triển nguồn nhân lực định kỳ năm, quý, tháng;\n    -       Thực hiện các cuộc thăm dò định kỳ về mức lương; lập kế hoạch và đánh giá công việc;\n    -       Xây dựng quy chế lương thưởng, các biện pháp khuyến khích – kích thích người lao động làm việc, phối hợp với các trưởng phòng trong việc đào tạo và kỷ luật nhân viên;\n    -       Đảm bảo tuân thủ pháp luật bằng cách theo dõi và thực thi quy định của nhà nước về chính sách nhân sự.\n+ Quản trị văn phòng:\n    -       Thiết kế và thực thi các chính sách trong văn phòng bằng cách thiết lập các tiêu chuẩn và thủ tục;\n    -       Đánh giá kết quả so với tiêu chuẩn; thực hiện những điều chỉnh cần thiết;\n    -       Theo dõi và kiểm soát nhân viên thực hiện nội qui và kỷ luật lao động;\n    -       Xây dựng kế hoạch và tổ chức, giám sát việc thực hiện về an tinh trật tư, an toàn lao động, vệ sinh lao động và phòng chống cháy nổ;\n    -       Chỉ đạo và chịu trách nhiệm mọi hoạt động đối với toàn bộ chức năng và nhiệm vụ của phòng Hành Chánh Nhân Sự.',3),(33,17,16,5,1,'Công ty TNHH DV-TM Tân Cường Minh','PG','2009-04-01','2009-05-01',NULL,'-       PG cho chương trình event của hãng Abbort Hoa Kỳ tại các trường mầm non trên địa bàn Thành phố Hồ Chí Minh;\n    -       Tham gia tổ chức, sắp xếp, bài trí vật dụng và công cụ của chương trình;\n    -       Tư vấn chỉ số chiều cao, cân nặng phù hợp với từng độ tuổi của các bé;\n    -       Giới thiệu, và bán sản phẩm;\n    -       Phát quà cho các bé.',0),(34,17,11,5,1,'Công ty TNHH Tài chính Prudential','Trợ lý kinh doanh','2009-08-01','2010-12-01',NULL,'-       Tổ chức, giám sát hoạt động kinh doanh của thành viên trong nhóm;\n    -        Lập báo cáo, quản lý nhân viên;\n    -        Tìm kiếm, tư vấn và đại diện công ty ký kết hợp đồng;\n    -         Mở rộng các mối quan hệ, mở rộng thị trường;\n    -        Trực tiếp phát triển mạng lưới khách hàng tiềm năng và chăm sóc phát triển các khách hàng trung thành của công ty;\n    -       Giải đáp các thắc mắc của khách hàng - chăm sóc khách hàng trước và sau bán hàng.  ',1),(35,17,2,5,1,'Công ty Cổ Phần Đào Tạo Tư Duy Việt (VietMinds)','Nhân viên hành chính Nhân sự kiêm Biên tập viên website','2011-01-01','2011-08-01',NULL,'-       Soạn thảo công văn, hợp đồng, biểu mẫu…;\n    -       Trực điện thoại và xử lý thông tin, giải đáp và tư vấn các thắc mắc của khách hàng;\n    -       Phụ trách lập và triển khai kế hoạch tuyển dụng, đào tạo nhân viên theo yêu cầu và báo cáo lên Quản lý;\n    -       Chuẩn bị công tác hậu cần, tiếp khách đến liên hệ;\n    -       Lên kế hoạch và thực hiện công việc Quản lý đưa xuống;\n    -       Viết bài PR giới thiệu các khóa học;\n    -       Xử lý tin, bài sau hội thảo và các chương trình của công ty;\n    -       Chịu trách nhiệm về nội dung các bài viết trên website.\n\nCông ty Cổ Phần Đào Tạo Tư Duy Việt (VietMinds): Từ T3 –T8/2011\n  + Chức vụ: Quản lý Nhân sự kiêm Phó Phòng Đào Tạo\n  + Nhiệm vụ:\n\n    -       Trực tiếp quản lý công tác tuyển dụng nhân sự của Công ty;\n    -       Nhận hồ sơ, phân loại và xử lý theo đúng quy trình;\n    -       Tập hợp và Báo cáo lên Giám Đốc theo định kỳ;\n    -       Trực tiếp tuyển dụng và phỏng vấn ứng viên;\n    -       Hỗ trợ, kiểm tra, đôn đốc và điều động nhân viên;\n    -       Quản lý công văn, hồ sơ, chứng từ của công ty;\n    -       Tổ chức xây dựng, vận hành hệ thống lương, thưởng, đãi ngộ cho nhân viên',2),(36,17,2,5,1,'Công ty TNHH Phần Mềm Phượng Hoàng','Nhân viên Nhân sự','2011-09-01',NULL,NULL,'+ Quản trị nguồn nhân lực:\n\n    -       Hỗ trợ Giám đốc trong việc quản trị nhân sự, quản lý hành chính tại Công ty, có trách nhiệm quản lý và phát triển một cách hiệu quả nguồn lực của công ty;\n    -       Xây dựng các mối quan hệ nội bộ công ty;\n    -       Lập, xây dựng kế hoạch, chương trình tuyển dụng, đào tạo, phát triển nguồn nhân lực định kỳ năm, quý, tháng;\n    -       Thực hiện các cuộc thăm dò định kỳ về mức lương; lập kế hoạch và đánh giá công việc;\n    -       Xây dựng quy chế lương thưởng, các biện pháp khuyến khích – kích thích người lao động làm việc, phối hợp với các trưởng phòng trong việc đào tạo và kỷ luật nhân viên;\n    -       Đảm bảo tuân thủ pháp luật bằng cách theo dõi và thực thi quy định của nhà nước về chính sách nhân sự.\n+ Quản trị văn phòng:\n    -       Thiết kế và thực thi các chính sách trong văn phòng bằng cách thiết lập các tiêu chuẩn và thủ tục;\n    -       Đánh giá kết quả so với tiêu chuẩn; thực hiện những điều chỉnh cần thiết;\n    -       Theo dõi và kiểm soát nhân viên thực hiện nội qui và kỷ luật lao động;\n    -       Xây dựng kế hoạch và tổ chức, giám sát việc thực hiện về an tinh trật tư, an toàn lao động, vệ sinh lao động và phòng chống cháy nổ;\n    -       Chỉ đạo và chịu trách nhiệm mọi hoạt động đối với toàn bộ chức năng và nhiệm vụ của phòng Hành Chánh Nhân Sự.',3),(37,19,16,5,1,'Công ty TNHH DV-TM Tân Cường Minh','PG','2009-04-01','2009-05-01',NULL,'-       PG cho chương trình event của hãng Abbort Hoa Kỳ tại các trường mầm non trên địa bàn Thành phố Hồ Chí Minh;\n    -       Tham gia tổ chức, sắp xếp, bài trí vật dụng và công cụ của chương trình;\n    -       Tư vấn chỉ số chiều cao, cân nặng phù hợp với từng độ tuổi của các bé;\n    -       Giới thiệu, và bán sản phẩm;\n    -       Phát quà cho các bé.',0),(38,19,11,5,1,'Công ty TNHH Tài chính Prudential','Trợ lý kinh doanh','2009-08-01','2010-12-01',NULL,'-       Tổ chức, giám sát hoạt động kinh doanh của thành viên trong nhóm;\n    -        Lập báo cáo, quản lý nhân viên;\n    -        Tìm kiếm, tư vấn và đại diện công ty ký kết hợp đồng;\n    -         Mở rộng các mối quan hệ, mở rộng thị trường;\n    -        Trực tiếp phát triển mạng lưới khách hàng tiềm năng và chăm sóc phát triển các khách hàng trung thành của công ty;\n    -       Giải đáp các thắc mắc của khách hàng - chăm sóc khách hàng trước và sau bán hàng.  ',1),(39,19,2,5,1,'Công ty Cổ Phần Đào Tạo Tư Duy Việt (VietMinds)','Nhân viên hành chính Nhân sự kiêm Biên tập viên website','2011-01-01','2011-08-01',NULL,'-       Soạn thảo công văn, hợp đồng, biểu mẫu…;\n    -       Trực điện thoại và xử lý thông tin, giải đáp và tư vấn các thắc mắc của khách hàng;\n    -       Phụ trách lập và triển khai kế hoạch tuyển dụng, đào tạo nhân viên theo yêu cầu và báo cáo lên Quản lý;\n    -       Chuẩn bị công tác hậu cần, tiếp khách đến liên hệ;\n    -       Lên kế hoạch và thực hiện công việc Quản lý đưa xuống;\n    -       Viết bài PR giới thiệu các khóa học;\n    -       Xử lý tin, bài sau hội thảo và các chương trình của công ty;\n    -       Chịu trách nhiệm về nội dung các bài viết trên website.\n\nCông ty Cổ Phần Đào Tạo Tư Duy Việt (VietMinds): Từ T3 –T8/2011\n  + Chức vụ: Quản lý Nhân sự kiêm Phó Phòng Đào Tạo\n  + Nhiệm vụ:\n\n    -       Trực tiếp quản lý công tác tuyển dụng nhân sự của Công ty;\n    -       Nhận hồ sơ, phân loại và xử lý theo đúng quy trình;\n    -       Tập hợp và Báo cáo lên Giám Đốc theo định kỳ;\n    -       Trực tiếp tuyển dụng và phỏng vấn ứng viên;\n    -       Hỗ trợ, kiểm tra, đôn đốc và điều động nhân viên;\n    -       Quản lý công văn, hồ sơ, chứng từ của công ty;\n    -       Tổ chức xây dựng, vận hành hệ thống lương, thưởng, đãi ngộ cho nhân viên',2),(40,19,2,5,1,'Công ty TNHH Phần Mềm Phượng Hoàng','Nhân viên Nhân sự','2011-09-01',NULL,NULL,'+ Quản trị nguồn nhân lực:\n\n    -       Hỗ trợ Giám đốc trong việc quản trị nhân sự, quản lý hành chính tại Công ty, có trách nhiệm quản lý và phát triển một cách hiệu quả nguồn lực của công ty;\n    -       Xây dựng các mối quan hệ nội bộ công ty;\n    -       Lập, xây dựng kế hoạch, chương trình tuyển dụng, đào tạo, phát triển nguồn nhân lực định kỳ năm, quý, tháng;\n    -       Thực hiện các cuộc thăm dò định kỳ về mức lương; lập kế hoạch và đánh giá công việc;\n    -       Xây dựng quy chế lương thưởng, các biện pháp khuyến khích – kích thích người lao động làm việc, phối hợp với các trưởng phòng trong việc đào tạo và kỷ luật nhân viên;\n    -       Đảm bảo tuân thủ pháp luật bằng cách theo dõi và thực thi quy định của nhà nước về chính sách nhân sự.\n+ Quản trị văn phòng:\n    -       Thiết kế và thực thi các chính sách trong văn phòng bằng cách thiết lập các tiêu chuẩn và thủ tục;\n    -       Đánh giá kết quả so với tiêu chuẩn; thực hiện những điều chỉnh cần thiết;\n    -       Theo dõi và kiểm soát nhân viên thực hiện nội qui và kỷ luật lao động;\n    -       Xây dựng kế hoạch và tổ chức, giám sát việc thực hiện về an tinh trật tư, an toàn lao động, vệ sinh lao động và phòng chống cháy nổ;\n    -       Chỉ đạo và chịu trách nhiệm mọi hoạt động đối với toàn bộ chức năng và nhiệm vụ của phòng Hành Chánh Nhân Sự.',3),(41,21,16,5,1,'Công ty TNHH DV-TM Tân Cường Minh','PG','2009-04-01','2009-05-01',NULL,'-       PG cho chương trình event của hãng Abbort Hoa Kỳ tại các trường mầm non trên địa bàn Thành phố Hồ Chí Minh;\n    -       Tham gia tổ chức, sắp xếp, bài trí vật dụng và công cụ của chương trình;\n    -       Tư vấn chỉ số chiều cao, cân nặng phù hợp với từng độ tuổi của các bé;\n    -       Giới thiệu, và bán sản phẩm;\n    -       Phát quà cho các bé.',0),(42,21,11,5,1,'Công ty TNHH Tài chính Prudential','Trợ lý kinh doanh','2009-08-01','2010-12-01',NULL,'-       Tổ chức, giám sát hoạt động kinh doanh của thành viên trong nhóm;\n    -        Lập báo cáo, quản lý nhân viên;\n    -        Tìm kiếm, tư vấn và đại diện công ty ký kết hợp đồng;\n    -         Mở rộng các mối quan hệ, mở rộng thị trường;\n    -        Trực tiếp phát triển mạng lưới khách hàng tiềm năng và chăm sóc phát triển các khách hàng trung thành của công ty;\n    -       Giải đáp các thắc mắc của khách hàng - chăm sóc khách hàng trước và sau bán hàng.  ',1),(43,21,2,5,1,'Công ty Cổ Phần Đào Tạo Tư Duy Việt (VietMinds)','Nhân viên hành chính Nhân sự kiêm Biên tập viên website','2011-01-01','2011-08-01',NULL,'-       Soạn thảo công văn, hợp đồng, biểu mẫu…;\n    -       Trực điện thoại và xử lý thông tin, giải đáp và tư vấn các thắc mắc của khách hàng;\n    -       Phụ trách lập và triển khai kế hoạch tuyển dụng, đào tạo nhân viên theo yêu cầu và báo cáo lên Quản lý;\n    -       Chuẩn bị công tác hậu cần, tiếp khách đến liên hệ;\n    -       Lên kế hoạch và thực hiện công việc Quản lý đưa xuống;\n    -       Viết bài PR giới thiệu các khóa học;\n    -       Xử lý tin, bài sau hội thảo và các chương trình của công ty;\n    -       Chịu trách nhiệm về nội dung các bài viết trên website.\n\nCông ty Cổ Phần Đào Tạo Tư Duy Việt (VietMinds): Từ T3 –T8/2011\n  + Chức vụ: Quản lý Nhân sự kiêm Phó Phòng Đào Tạo\n  + Nhiệm vụ:\n\n    -       Trực tiếp quản lý công tác tuyển dụng nhân sự của Công ty;\n    -       Nhận hồ sơ, phân loại và xử lý theo đúng quy trình;\n    -       Tập hợp và Báo cáo lên Giám Đốc theo định kỳ;\n    -       Trực tiếp tuyển dụng và phỏng vấn ứng viên;\n    -       Hỗ trợ, kiểm tra, đôn đốc và điều động nhân viên;\n    -       Quản lý công văn, hồ sơ, chứng từ của công ty;\n    -       Tổ chức xây dựng, vận hành hệ thống lương, thưởng, đãi ngộ cho nhân viên',2),(44,21,2,5,1,'Công ty TNHH Phần Mềm Phượng Hoàng','Nhân viên Nhân sự','2011-09-01',NULL,NULL,'+ Quản trị nguồn nhân lực:\n\n    -       Hỗ trợ Giám đốc trong việc quản trị nhân sự, quản lý hành chính tại Công ty, có trách nhiệm quản lý và phát triển một cách hiệu quả nguồn lực của công ty;\n    -       Xây dựng các mối quan hệ nội bộ công ty;\n    -       Lập, xây dựng kế hoạch, chương trình tuyển dụng, đào tạo, phát triển nguồn nhân lực định kỳ năm, quý, tháng;\n    -       Thực hiện các cuộc thăm dò định kỳ về mức lương; lập kế hoạch và đánh giá công việc;\n    -       Xây dựng quy chế lương thưởng, các biện pháp khuyến khích – kích thích người lao động làm việc, phối hợp với các trưởng phòng trong việc đào tạo và kỷ luật nhân viên;\n    -       Đảm bảo tuân thủ pháp luật bằng cách theo dõi và thực thi quy định của nhà nước về chính sách nhân sự.\n+ Quản trị văn phòng:\n    -       Thiết kế và thực thi các chính sách trong văn phòng bằng cách thiết lập các tiêu chuẩn và thủ tục;\n    -       Đánh giá kết quả so với tiêu chuẩn; thực hiện những điều chỉnh cần thiết;\n    -       Theo dõi và kiểm soát nhân viên thực hiện nội qui và kỷ luật lao động;\n    -       Xây dựng kế hoạch và tổ chức, giám sát việc thực hiện về an tinh trật tư, an toàn lao động, vệ sinh lao động và phòng chống cháy nổ;\n    -       Chỉ đạo và chịu trách nhiệm mọi hoạt động đối với toàn bộ chức năng và nhiệm vụ của phòng Hành Chánh Nhân Sự.',3),(45,23,16,5,1,'Công ty TNHH DV-TM Tân Cường Minh','PG','2009-04-01','2009-05-01',NULL,'-       PG cho chương trình event của hãng Abbort Hoa Kỳ tại các trường mầm non trên địa bàn Thành phố Hồ Chí Minh;\n    -       Tham gia tổ chức, sắp xếp, bài trí vật dụng và công cụ của chương trình;\n    -       Tư vấn chỉ số chiều cao, cân nặng phù hợp với từng độ tuổi của các bé;\n    -       Giới thiệu, và bán sản phẩm;\n    -       Phát quà cho các bé.',0),(46,23,11,5,1,'Công ty TNHH Tài chính Prudential','Trợ lý kinh doanh','2009-08-01','2010-12-01',NULL,'-       Tổ chức, giám sát hoạt động kinh doanh của thành viên trong nhóm;\n    -        Lập báo cáo, quản lý nhân viên;\n    -        Tìm kiếm, tư vấn và đại diện công ty ký kết hợp đồng;\n    -         Mở rộng các mối quan hệ, mở rộng thị trường;\n    -        Trực tiếp phát triển mạng lưới khách hàng tiềm năng và chăm sóc phát triển các khách hàng trung thành của công ty;\n    -       Giải đáp các thắc mắc của khách hàng - chăm sóc khách hàng trước và sau bán hàng.  ',1),(47,23,2,5,1,'Công ty Cổ Phần Đào Tạo Tư Duy Việt (VietMinds)','Nhân viên hành chính Nhân sự kiêm Biên tập viên website','2011-01-01','2011-08-01',NULL,'-       Soạn thảo công văn, hợp đồng, biểu mẫu…;\n    -       Trực điện thoại và xử lý thông tin, giải đáp và tư vấn các thắc mắc của khách hàng;\n    -       Phụ trách lập và triển khai kế hoạch tuyển dụng, đào tạo nhân viên theo yêu cầu và báo cáo lên Quản lý;\n    -       Chuẩn bị công tác hậu cần, tiếp khách đến liên hệ;\n    -       Lên kế hoạch và thực hiện công việc Quản lý đưa xuống;\n    -       Viết bài PR giới thiệu các khóa học;\n    -       Xử lý tin, bài sau hội thảo và các chương trình của công ty;\n    -       Chịu trách nhiệm về nội dung các bài viết trên website.\n\nCông ty Cổ Phần Đào Tạo Tư Duy Việt (VietMinds): Từ T3 –T8/2011\n  + Chức vụ: Quản lý Nhân sự kiêm Phó Phòng Đào Tạo\n  + Nhiệm vụ:\n\n    -       Trực tiếp quản lý công tác tuyển dụng nhân sự của Công ty;\n    -       Nhận hồ sơ, phân loại và xử lý theo đúng quy trình;\n    -       Tập hợp và Báo cáo lên Giám Đốc theo định kỳ;\n    -       Trực tiếp tuyển dụng và phỏng vấn ứng viên;\n    -       Hỗ trợ, kiểm tra, đôn đốc và điều động nhân viên;\n    -       Quản lý công văn, hồ sơ, chứng từ của công ty;\n    -       Tổ chức xây dựng, vận hành hệ thống lương, thưởng, đãi ngộ cho nhân viên',2),(48,23,2,5,1,'Công ty TNHH Phần Mềm Phượng Hoàng','Nhân viên Nhân sự','2011-09-01',NULL,NULL,'+ Quản trị nguồn nhân lực:\n\n    -       Hỗ trợ Giám đốc trong việc quản trị nhân sự, quản lý hành chính tại Công ty, có trách nhiệm quản lý và phát triển một cách hiệu quả nguồn lực của công ty;\n    -       Xây dựng các mối quan hệ nội bộ công ty;\n    -       Lập, xây dựng kế hoạch, chương trình tuyển dụng, đào tạo, phát triển nguồn nhân lực định kỳ năm, quý, tháng;\n    -       Thực hiện các cuộc thăm dò định kỳ về mức lương; lập kế hoạch và đánh giá công việc;\n    -       Xây dựng quy chế lương thưởng, các biện pháp khuyến khích – kích thích người lao động làm việc, phối hợp với các trưởng phòng trong việc đào tạo và kỷ luật nhân viên;\n    -       Đảm bảo tuân thủ pháp luật bằng cách theo dõi và thực thi quy định của nhà nước về chính sách nhân sự.\n+ Quản trị văn phòng:\n    -       Thiết kế và thực thi các chính sách trong văn phòng bằng cách thiết lập các tiêu chuẩn và thủ tục;\n    -       Đánh giá kết quả so với tiêu chuẩn; thực hiện những điều chỉnh cần thiết;\n    -       Theo dõi và kiểm soát nhân viên thực hiện nội qui và kỷ luật lao động;\n    -       Xây dựng kế hoạch và tổ chức, giám sát việc thực hiện về an tinh trật tư, an toàn lao động, vệ sinh lao động và phòng chống cháy nổ;\n    -       Chỉ đạo và chịu trách nhiệm mọi hoạt động đối với toàn bộ chức năng và nhiệm vụ của phòng Hành Chánh Nhân Sự.',3),(49,25,16,5,1,'Công ty TNHH DV-TM Tân Cường Minh','PG','2009-04-01','2009-05-01',NULL,'-       PG cho chương trình event của hãng Abbort Hoa Kỳ tại các trường mầm non trên địa bàn Thành phố Hồ Chí Minh;\n    -       Tham gia tổ chức, sắp xếp, bài trí vật dụng và công cụ của chương trình;\n    -       Tư vấn chỉ số chiều cao, cân nặng phù hợp với từng độ tuổi của các bé;\n    -       Giới thiệu, và bán sản phẩm;\n    -       Phát quà cho các bé.',0),(50,25,11,5,1,'Công ty TNHH Tài chính Prudential','Trợ lý kinh doanh','2009-08-01','2010-12-01',NULL,'-       Tổ chức, giám sát hoạt động kinh doanh của thành viên trong nhóm;\n    -        Lập báo cáo, quản lý nhân viên;\n    -        Tìm kiếm, tư vấn và đại diện công ty ký kết hợp đồng;\n    -         Mở rộng các mối quan hệ, mở rộng thị trường;\n    -        Trực tiếp phát triển mạng lưới khách hàng tiềm năng và chăm sóc phát triển các khách hàng trung thành của công ty;\n    -       Giải đáp các thắc mắc của khách hàng - chăm sóc khách hàng trước và sau bán hàng.  ',1),(51,25,2,5,1,'Công ty Cổ Phần Đào Tạo Tư Duy Việt (VietMinds)','Nhân viên hành chính Nhân sự kiêm Biên tập viên website','2011-01-01','2011-08-01',NULL,'-       Soạn thảo công văn, hợp đồng, biểu mẫu…;\n    -       Trực điện thoại và xử lý thông tin, giải đáp và tư vấn các thắc mắc của khách hàng;\n    -       Phụ trách lập và triển khai kế hoạch tuyển dụng, đào tạo nhân viên theo yêu cầu và báo cáo lên Quản lý;\n    -       Chuẩn bị công tác hậu cần, tiếp khách đến liên hệ;\n    -       Lên kế hoạch và thực hiện công việc Quản lý đưa xuống;\n    -       Viết bài PR giới thiệu các khóa học;\n    -       Xử lý tin, bài sau hội thảo và các chương trình của công ty;\n    -       Chịu trách nhiệm về nội dung các bài viết trên website.\n\nCông ty Cổ Phần Đào Tạo Tư Duy Việt (VietMinds): Từ T3 –T8/2011\n  + Chức vụ: Quản lý Nhân sự kiêm Phó Phòng Đào Tạo\n  + Nhiệm vụ:\n\n    -       Trực tiếp quản lý công tác tuyển dụng nhân sự của Công ty;\n    -       Nhận hồ sơ, phân loại và xử lý theo đúng quy trình;\n    -       Tập hợp và Báo cáo lên Giám Đốc theo định kỳ;\n    -       Trực tiếp tuyển dụng và phỏng vấn ứng viên;\n    -       Hỗ trợ, kiểm tra, đôn đốc và điều động nhân viên;\n    -       Quản lý công văn, hồ sơ, chứng từ của công ty;\n    -       Tổ chức xây dựng, vận hành hệ thống lương, thưởng, đãi ngộ cho nhân viên',2),(52,25,2,5,1,'Công ty TNHH Phần Mềm Phượng Hoàng','Nhân viên Nhân sự','2011-09-01',NULL,NULL,'+ Quản trị nguồn nhân lực:\n\n    -       Hỗ trợ Giám đốc trong việc quản trị nhân sự, quản lý hành chính tại Công ty, có trách nhiệm quản lý và phát triển một cách hiệu quả nguồn lực của công ty;\n    -       Xây dựng các mối quan hệ nội bộ công ty;\n    -       Lập, xây dựng kế hoạch, chương trình tuyển dụng, đào tạo, phát triển nguồn nhân lực định kỳ năm, quý, tháng;\n    -       Thực hiện các cuộc thăm dò định kỳ về mức lương; lập kế hoạch và đánh giá công việc;\n    -       Xây dựng quy chế lương thưởng, các biện pháp khuyến khích – kích thích người lao động làm việc, phối hợp với các trưởng phòng trong việc đào tạo và kỷ luật nhân viên;\n    -       Đảm bảo tuân thủ pháp luật bằng cách theo dõi và thực thi quy định của nhà nước về chính sách nhân sự.\n+ Quản trị văn phòng:\n    -       Thiết kế và thực thi các chính sách trong văn phòng bằng cách thiết lập các tiêu chuẩn và thủ tục;\n    -       Đánh giá kết quả so với tiêu chuẩn; thực hiện những điều chỉnh cần thiết;\n    -       Theo dõi và kiểm soát nhân viên thực hiện nội qui và kỷ luật lao động;\n    -       Xây dựng kế hoạch và tổ chức, giám sát việc thực hiện về an tinh trật tư, an toàn lao động, vệ sinh lao động và phòng chống cháy nổ;\n    -       Chỉ đạo và chịu trách nhiệm mọi hoạt động đối với toàn bộ chức năng và nhiệm vụ của phòng Hành Chánh Nhân Sự.',3),(53,27,16,5,1,'Công ty TNHH DV-TM Tân Cường Minh','PG','2009-04-01','2009-05-01',NULL,'-       PG cho chương trình event của hãng Abbort Hoa Kỳ tại các trường mầm non trên địa bàn Thành phố Hồ Chí Minh;\n    -       Tham gia tổ chức, sắp xếp, bài trí vật dụng và công cụ của chương trình;\n    -       Tư vấn chỉ số chiều cao, cân nặng phù hợp với từng độ tuổi của các bé;\n    -       Giới thiệu, và bán sản phẩm;\n    -       Phát quà cho các bé.',0),(54,27,11,5,1,'Công ty TNHH Tài chính Prudential','Trợ lý kinh doanh','2009-08-01','2010-12-01',NULL,'-       Tổ chức, giám sát hoạt động kinh doanh của thành viên trong nhóm;\n    -        Lập báo cáo, quản lý nhân viên;\n    -        Tìm kiếm, tư vấn và đại diện công ty ký kết hợp đồng;\n    -         Mở rộng các mối quan hệ, mở rộng thị trường;\n    -        Trực tiếp phát triển mạng lưới khách hàng tiềm năng và chăm sóc phát triển các khách hàng trung thành của công ty;\n    -       Giải đáp các thắc mắc của khách hàng - chăm sóc khách hàng trước và sau bán hàng.  ',1),(55,27,2,5,1,'Công ty Cổ Phần Đào Tạo Tư Duy Việt (VietMinds)','Nhân viên hành chính Nhân sự kiêm Biên tập viên website','2011-01-01','2011-08-01',NULL,'-       Soạn thảo công văn, hợp đồng, biểu mẫu…;\n    -       Trực điện thoại và xử lý thông tin, giải đáp và tư vấn các thắc mắc của khách hàng;\n    -       Phụ trách lập và triển khai kế hoạch tuyển dụng, đào tạo nhân viên theo yêu cầu và báo cáo lên Quản lý;\n    -       Chuẩn bị công tác hậu cần, tiếp khách đến liên hệ;\n    -       Lên kế hoạch và thực hiện công việc Quản lý đưa xuống;\n    -       Viết bài PR giới thiệu các khóa học;\n    -       Xử lý tin, bài sau hội thảo và các chương trình của công ty;\n    -       Chịu trách nhiệm về nội dung các bài viết trên website.\n\nCông ty Cổ Phần Đào Tạo Tư Duy Việt (VietMinds): Từ T3 –T8/2011\n  + Chức vụ: Quản lý Nhân sự kiêm Phó Phòng Đào Tạo\n  + Nhiệm vụ:\n\n    -       Trực tiếp quản lý công tác tuyển dụng nhân sự của Công ty;\n    -       Nhận hồ sơ, phân loại và xử lý theo đúng quy trình;\n    -       Tập hợp và Báo cáo lên Giám Đốc theo định kỳ;\n    -       Trực tiếp tuyển dụng và phỏng vấn ứng viên;\n    -       Hỗ trợ, kiểm tra, đôn đốc và điều động nhân viên;\n    -       Quản lý công văn, hồ sơ, chứng từ của công ty;\n    -       Tổ chức xây dựng, vận hành hệ thống lương, thưởng, đãi ngộ cho nhân viên',2),(56,27,2,5,1,'Công ty TNHH Phần Mềm Phượng Hoàng','Nhân viên Nhân sự','2011-09-01',NULL,NULL,'+ Quản trị nguồn nhân lực:\n\n    -       Hỗ trợ Giám đốc trong việc quản trị nhân sự, quản lý hành chính tại Công ty, có trách nhiệm quản lý và phát triển một cách hiệu quả nguồn lực của công ty;\n    -       Xây dựng các mối quan hệ nội bộ công ty;\n    -       Lập, xây dựng kế hoạch, chương trình tuyển dụng, đào tạo, phát triển nguồn nhân lực định kỳ năm, quý, tháng;\n    -       Thực hiện các cuộc thăm dò định kỳ về mức lương; lập kế hoạch và đánh giá công việc;\n    -       Xây dựng quy chế lương thưởng, các biện pháp khuyến khích – kích thích người lao động làm việc, phối hợp với các trưởng phòng trong việc đào tạo và kỷ luật nhân viên;\n    -       Đảm bảo tuân thủ pháp luật bằng cách theo dõi và thực thi quy định của nhà nước về chính sách nhân sự.\n+ Quản trị văn phòng:\n    -       Thiết kế và thực thi các chính sách trong văn phòng bằng cách thiết lập các tiêu chuẩn và thủ tục;\n    -       Đánh giá kết quả so với tiêu chuẩn; thực hiện những điều chỉnh cần thiết;\n    -       Theo dõi và kiểm soát nhân viên thực hiện nội qui và kỷ luật lao động;\n    -       Xây dựng kế hoạch và tổ chức, giám sát việc thực hiện về an tinh trật tư, an toàn lao động, vệ sinh lao động và phòng chống cháy nổ;\n    -       Chỉ đạo và chịu trách nhiệm mọi hoạt động đối với toàn bộ chức năng và nhiệm vụ của phòng Hành Chánh Nhân Sự.',3),(57,29,16,5,1,'Công ty TNHH DV-TM Tân Cường Minh','PG','2009-04-01','2009-05-01',NULL,'-       PG cho chương trình event của hãng Abbort Hoa Kỳ tại các trường mầm non trên địa bàn Thành phố Hồ Chí Minh;\n    -       Tham gia tổ chức, sắp xếp, bài trí vật dụng và công cụ của chương trình;\n    -       Tư vấn chỉ số chiều cao, cân nặng phù hợp với từng độ tuổi của các bé;\n    -       Giới thiệu, và bán sản phẩm;\n    -       Phát quà cho các bé.',0),(58,29,11,5,1,'Công ty TNHH Tài chính Prudential','Trợ lý kinh doanh','2009-08-01','2010-12-01',NULL,'-       Tổ chức, giám sát hoạt động kinh doanh của thành viên trong nhóm;\n    -        Lập báo cáo, quản lý nhân viên;\n    -        Tìm kiếm, tư vấn và đại diện công ty ký kết hợp đồng;\n    -         Mở rộng các mối quan hệ, mở rộng thị trường;\n    -        Trực tiếp phát triển mạng lưới khách hàng tiềm năng và chăm sóc phát triển các khách hàng trung thành của công ty;\n    -       Giải đáp các thắc mắc của khách hàng - chăm sóc khách hàng trước và sau bán hàng.  ',1),(59,29,2,5,1,'Công ty Cổ Phần Đào Tạo Tư Duy Việt (VietMinds)','Nhân viên hành chính Nhân sự kiêm Biên tập viên website','2011-01-01','2011-08-01',NULL,'-       Soạn thảo công văn, hợp đồng, biểu mẫu…;\n    -       Trực điện thoại và xử lý thông tin, giải đáp và tư vấn các thắc mắc của khách hàng;\n    -       Phụ trách lập và triển khai kế hoạch tuyển dụng, đào tạo nhân viên theo yêu cầu và báo cáo lên Quản lý;\n    -       Chuẩn bị công tác hậu cần, tiếp khách đến liên hệ;\n    -       Lên kế hoạch và thực hiện công việc Quản lý đưa xuống;\n    -       Viết bài PR giới thiệu các khóa học;\n    -       Xử lý tin, bài sau hội thảo và các chương trình của công ty;\n    -       Chịu trách nhiệm về nội dung các bài viết trên website.\n\nCông ty Cổ Phần Đào Tạo Tư Duy Việt (VietMinds): Từ T3 –T8/2011\n  + Chức vụ: Quản lý Nhân sự kiêm Phó Phòng Đào Tạo\n  + Nhiệm vụ:\n\n    -       Trực tiếp quản lý công tác tuyển dụng nhân sự của Công ty;\n    -       Nhận hồ sơ, phân loại và xử lý theo đúng quy trình;\n    -       Tập hợp và Báo cáo lên Giám Đốc theo định kỳ;\n    -       Trực tiếp tuyển dụng và phỏng vấn ứng viên;\n    -       Hỗ trợ, kiểm tra, đôn đốc và điều động nhân viên;\n    -       Quản lý công văn, hồ sơ, chứng từ của công ty;\n    -       Tổ chức xây dựng, vận hành hệ thống lương, thưởng, đãi ngộ cho nhân viên',2),(60,29,2,5,1,'Công ty TNHH Phần Mềm Phượng Hoàng','Nhân viên Nhân sự','2011-09-01',NULL,NULL,'+ Quản trị nguồn nhân lực:\n\n    -       Hỗ trợ Giám đốc trong việc quản trị nhân sự, quản lý hành chính tại Công ty, có trách nhiệm quản lý và phát triển một cách hiệu quả nguồn lực của công ty;\n    -       Xây dựng các mối quan hệ nội bộ công ty;\n    -       Lập, xây dựng kế hoạch, chương trình tuyển dụng, đào tạo, phát triển nguồn nhân lực định kỳ năm, quý, tháng;\n    -       Thực hiện các cuộc thăm dò định kỳ về mức lương; lập kế hoạch và đánh giá công việc;\n    -       Xây dựng quy chế lương thưởng, các biện pháp khuyến khích – kích thích người lao động làm việc, phối hợp với các trưởng phòng trong việc đào tạo và kỷ luật nhân viên;\n    -       Đảm bảo tuân thủ pháp luật bằng cách theo dõi và thực thi quy định của nhà nước về chính sách nhân sự.\n+ Quản trị văn phòng:\n    -       Thiết kế và thực thi các chính sách trong văn phòng bằng cách thiết lập các tiêu chuẩn và thủ tục;\n    -       Đánh giá kết quả so với tiêu chuẩn; thực hiện những điều chỉnh cần thiết;\n    -       Theo dõi và kiểm soát nhân viên thực hiện nội qui và kỷ luật lao động;\n    -       Xây dựng kế hoạch và tổ chức, giám sát việc thực hiện về an tinh trật tư, an toàn lao động, vệ sinh lao động và phòng chống cháy nổ;\n    -       Chỉ đạo và chịu trách nhiệm mọi hoạt động đối với toàn bộ chức năng và nhiệm vụ của phòng Hành Chánh Nhân Sự.',3),(61,31,16,5,1,'Công ty TNHH DV-TM Tân Cường Minh','PG','2009-04-01','2009-05-01',NULL,'-       PG cho chương trình event của hãng Abbort Hoa Kỳ tại các trường mầm non trên địa bàn Thành phố Hồ Chí Minh;\n    -       Tham gia tổ chức, sắp xếp, bài trí vật dụng và công cụ của chương trình;\n    -       Tư vấn chỉ số chiều cao, cân nặng phù hợp với từng độ tuổi của các bé;\n    -       Giới thiệu, và bán sản phẩm;\n    -       Phát quà cho các bé.',0),(62,31,11,5,1,'Công ty TNHH Tài chính Prudential','Trợ lý kinh doanh','2009-08-01','2010-12-01',NULL,'-       Tổ chức, giám sát hoạt động kinh doanh của thành viên trong nhóm;\n    -        Lập báo cáo, quản lý nhân viên;\n    -        Tìm kiếm, tư vấn và đại diện công ty ký kết hợp đồng;\n    -         Mở rộng các mối quan hệ, mở rộng thị trường;\n    -        Trực tiếp phát triển mạng lưới khách hàng tiềm năng và chăm sóc phát triển các khách hàng trung thành của công ty;\n    -       Giải đáp các thắc mắc của khách hàng - chăm sóc khách hàng trước và sau bán hàng.  ',1),(63,31,2,5,1,'Công ty Cổ Phần Đào Tạo Tư Duy Việt (VietMinds)','Nhân viên hành chính Nhân sự kiêm Biên tập viên website','2011-01-01','2011-08-01',NULL,'-       Soạn thảo công văn, hợp đồng, biểu mẫu…;\n    -       Trực điện thoại và xử lý thông tin, giải đáp và tư vấn các thắc mắc của khách hàng;\n    -       Phụ trách lập và triển khai kế hoạch tuyển dụng, đào tạo nhân viên theo yêu cầu và báo cáo lên Quản lý;\n    -       Chuẩn bị công tác hậu cần, tiếp khách đến liên hệ;\n    -       Lên kế hoạch và thực hiện công việc Quản lý đưa xuống;\n    -       Viết bài PR giới thiệu các khóa học;\n    -       Xử lý tin, bài sau hội thảo và các chương trình của công ty;\n    -       Chịu trách nhiệm về nội dung các bài viết trên website.\n\nCông ty Cổ Phần Đào Tạo Tư Duy Việt (VietMinds): Từ T3 –T8/2011\n  + Chức vụ: Quản lý Nhân sự kiêm Phó Phòng Đào Tạo\n  + Nhiệm vụ:\n\n    -       Trực tiếp quản lý công tác tuyển dụng nhân sự của Công ty;\n    -       Nhận hồ sơ, phân loại và xử lý theo đúng quy trình;\n    -       Tập hợp và Báo cáo lên Giám Đốc theo định kỳ;\n    -       Trực tiếp tuyển dụng và phỏng vấn ứng viên;\n    -       Hỗ trợ, kiểm tra, đôn đốc và điều động nhân viên;\n    -       Quản lý công văn, hồ sơ, chứng từ của công ty;\n    -       Tổ chức xây dựng, vận hành hệ thống lương, thưởng, đãi ngộ cho nhân viên',2),(64,31,2,5,1,'Công ty TNHH Phần Mềm Phượng Hoàng','Nhân viên Nhân sự','2011-09-01',NULL,NULL,'+ Quản trị nguồn nhân lực:\n\n    -       Hỗ trợ Giám đốc trong việc quản trị nhân sự, quản lý hành chính tại Công ty, có trách nhiệm quản lý và phát triển một cách hiệu quả nguồn lực của công ty;\n    -       Xây dựng các mối quan hệ nội bộ công ty;\n    -       Lập, xây dựng kế hoạch, chương trình tuyển dụng, đào tạo, phát triển nguồn nhân lực định kỳ năm, quý, tháng;\n    -       Thực hiện các cuộc thăm dò định kỳ về mức lương; lập kế hoạch và đánh giá công việc;\n    -       Xây dựng quy chế lương thưởng, các biện pháp khuyến khích – kích thích người lao động làm việc, phối hợp với các trưởng phòng trong việc đào tạo và kỷ luật nhân viên;\n    -       Đảm bảo tuân thủ pháp luật bằng cách theo dõi và thực thi quy định của nhà nước về chính sách nhân sự.\n+ Quản trị văn phòng:\n    -       Thiết kế và thực thi các chính sách trong văn phòng bằng cách thiết lập các tiêu chuẩn và thủ tục;\n    -       Đánh giá kết quả so với tiêu chuẩn; thực hiện những điều chỉnh cần thiết;\n    -       Theo dõi và kiểm soát nhân viên thực hiện nội qui và kỷ luật lao động;\n    -       Xây dựng kế hoạch và tổ chức, giám sát việc thực hiện về an tinh trật tư, an toàn lao động, vệ sinh lao động và phòng chống cháy nổ;\n    -       Chỉ đạo và chịu trách nhiệm mọi hoạt động đối với toàn bộ chức năng và nhiệm vụ của phòng Hành Chánh Nhân Sự.',3),(65,33,16,5,1,'Công ty TNHH DV-TM Tân Cường Minh','PG','2009-04-01','2009-05-01',NULL,'-       PG cho chương trình event của hãng Abbort Hoa Kỳ tại các trường mầm non trên địa bàn Thành phố Hồ Chí Minh;\n    -       Tham gia tổ chức, sắp xếp, bài trí vật dụng và công cụ của chương trình;\n    -       Tư vấn chỉ số chiều cao, cân nặng phù hợp với từng độ tuổi của các bé;\n    -       Giới thiệu, và bán sản phẩm;\n    -       Phát quà cho các bé.',0),(66,33,11,5,1,'Công ty TNHH Tài chính Prudential','Trợ lý kinh doanh','2009-08-01','2010-12-01',NULL,'-       Tổ chức, giám sát hoạt động kinh doanh của thành viên trong nhóm;\n    -        Lập báo cáo, quản lý nhân viên;\n    -        Tìm kiếm, tư vấn và đại diện công ty ký kết hợp đồng;\n    -         Mở rộng các mối quan hệ, mở rộng thị trường;\n    -        Trực tiếp phát triển mạng lưới khách hàng tiềm năng và chăm sóc phát triển các khách hàng trung thành của công ty;\n    -       Giải đáp các thắc mắc của khách hàng - chăm sóc khách hàng trước và sau bán hàng.  ',1),(67,33,2,5,1,'Công ty Cổ Phần Đào Tạo Tư Duy Việt (VietMinds)','Nhân viên hành chính Nhân sự kiêm Biên tập viên website','2011-01-01','2011-08-01',NULL,'-       Soạn thảo công văn, hợp đồng, biểu mẫu…;\n    -       Trực điện thoại và xử lý thông tin, giải đáp và tư vấn các thắc mắc của khách hàng;\n    -       Phụ trách lập và triển khai kế hoạch tuyển dụng, đào tạo nhân viên theo yêu cầu và báo cáo lên Quản lý;\n    -       Chuẩn bị công tác hậu cần, tiếp khách đến liên hệ;\n    -       Lên kế hoạch và thực hiện công việc Quản lý đưa xuống;\n    -       Viết bài PR giới thiệu các khóa học;\n    -       Xử lý tin, bài sau hội thảo và các chương trình của công ty;\n    -       Chịu trách nhiệm về nội dung các bài viết trên website.\n\nCông ty Cổ Phần Đào Tạo Tư Duy Việt (VietMinds): Từ T3 –T8/2011\n  + Chức vụ: Quản lý Nhân sự kiêm Phó Phòng Đào Tạo\n  + Nhiệm vụ:\n\n    -       Trực tiếp quản lý công tác tuyển dụng nhân sự của Công ty;\n    -       Nhận hồ sơ, phân loại và xử lý theo đúng quy trình;\n    -       Tập hợp và Báo cáo lên Giám Đốc theo định kỳ;\n    -       Trực tiếp tuyển dụng và phỏng vấn ứng viên;\n    -       Hỗ trợ, kiểm tra, đôn đốc và điều động nhân viên;\n    -       Quản lý công văn, hồ sơ, chứng từ của công ty;\n    -       Tổ chức xây dựng, vận hành hệ thống lương, thưởng, đãi ngộ cho nhân viên',2),(68,33,2,5,1,'Công ty TNHH Phần Mềm Phượng Hoàng','Nhân viên Nhân sự','2011-09-01',NULL,NULL,'+ Quản trị nguồn nhân lực:\n\n    -       Hỗ trợ Giám đốc trong việc quản trị nhân sự, quản lý hành chính tại Công ty, có trách nhiệm quản lý và phát triển một cách hiệu quả nguồn lực của công ty;\n    -       Xây dựng các mối quan hệ nội bộ công ty;\n    -       Lập, xây dựng kế hoạch, chương trình tuyển dụng, đào tạo, phát triển nguồn nhân lực định kỳ năm, quý, tháng;\n    -       Thực hiện các cuộc thăm dò định kỳ về mức lương; lập kế hoạch và đánh giá công việc;\n    -       Xây dựng quy chế lương thưởng, các biện pháp khuyến khích – kích thích người lao động làm việc, phối hợp với các trưởng phòng trong việc đào tạo và kỷ luật nhân viên;\n    -       Đảm bảo tuân thủ pháp luật bằng cách theo dõi và thực thi quy định của nhà nước về chính sách nhân sự.\n+ Quản trị văn phòng:\n    -       Thiết kế và thực thi các chính sách trong văn phòng bằng cách thiết lập các tiêu chuẩn và thủ tục;\n    -       Đánh giá kết quả so với tiêu chuẩn; thực hiện những điều chỉnh cần thiết;\n    -       Theo dõi và kiểm soát nhân viên thực hiện nội qui và kỷ luật lao động;\n    -       Xây dựng kế hoạch và tổ chức, giám sát việc thực hiện về an tinh trật tư, an toàn lao động, vệ sinh lao động và phòng chống cháy nổ;\n    -       Chỉ đạo và chịu trách nhiệm mọi hoạt động đối với toàn bộ chức năng và nhiệm vụ của phòng Hành Chánh Nhân Sự.',3),(69,35,16,5,1,'Công ty TNHH DV-TM Tân Cường Minh','PG','2009-04-01','2009-05-01',NULL,'-       PG cho chương trình event của hãng Abbort Hoa Kỳ tại các trường mầm non trên địa bàn Thành phố Hồ Chí Minh;\n    -       Tham gia tổ chức, sắp xếp, bài trí vật dụng và công cụ của chương trình;\n    -       Tư vấn chỉ số chiều cao, cân nặng phù hợp với từng độ tuổi của các bé;\n    -       Giới thiệu, và bán sản phẩm;\n    -       Phát quà cho các bé.',0),(70,35,11,5,1,'Công ty TNHH Tài chính Prudential','Trợ lý kinh doanh','2009-08-01','2010-12-01',NULL,'-       Tổ chức, giám sát hoạt động kinh doanh của thành viên trong nhóm;\n    -        Lập báo cáo, quản lý nhân viên;\n    -        Tìm kiếm, tư vấn và đại diện công ty ký kết hợp đồng;\n    -         Mở rộng các mối quan hệ, mở rộng thị trường;\n    -        Trực tiếp phát triển mạng lưới khách hàng tiềm năng và chăm sóc phát triển các khách hàng trung thành của công ty;\n    -       Giải đáp các thắc mắc của khách hàng - chăm sóc khách hàng trước và sau bán hàng.  ',1),(71,35,2,5,1,'Công ty Cổ Phần Đào Tạo Tư Duy Việt (VietMinds)','Nhân viên hành chính Nhân sự kiêm Biên tập viên website','2011-01-01','2011-08-01',NULL,'-       Soạn thảo công văn, hợp đồng, biểu mẫu…;\n    -       Trực điện thoại và xử lý thông tin, giải đáp và tư vấn các thắc mắc của khách hàng;\n    -       Phụ trách lập và triển khai kế hoạch tuyển dụng, đào tạo nhân viên theo yêu cầu và báo cáo lên Quản lý;\n    -       Chuẩn bị công tác hậu cần, tiếp khách đến liên hệ;\n    -       Lên kế hoạch và thực hiện công việc Quản lý đưa xuống;\n    -       Viết bài PR giới thiệu các khóa học;\n    -       Xử lý tin, bài sau hội thảo và các chương trình của công ty;\n    -       Chịu trách nhiệm về nội dung các bài viết trên website.\n\nCông ty Cổ Phần Đào Tạo Tư Duy Việt (VietMinds): Từ T3 –T8/2011\n  + Chức vụ: Quản lý Nhân sự kiêm Phó Phòng Đào Tạo\n  + Nhiệm vụ:\n\n    -       Trực tiếp quản lý công tác tuyển dụng nhân sự của Công ty;\n    -       Nhận hồ sơ, phân loại và xử lý theo đúng quy trình;\n    -       Tập hợp và Báo cáo lên Giám Đốc theo định kỳ;\n    -       Trực tiếp tuyển dụng và phỏng vấn ứng viên;\n    -       Hỗ trợ, kiểm tra, đôn đốc và điều động nhân viên;\n    -       Quản lý công văn, hồ sơ, chứng từ của công ty;\n    -       Tổ chức xây dựng, vận hành hệ thống lương, thưởng, đãi ngộ cho nhân viên',2),(72,35,2,5,1,'Công ty TNHH Phần Mềm Phượng Hoàng','Nhân viên Nhân sự','2011-09-01',NULL,NULL,'+ Quản trị nguồn nhân lực:\n\n    -       Hỗ trợ Giám đốc trong việc quản trị nhân sự, quản lý hành chính tại Công ty, có trách nhiệm quản lý và phát triển một cách hiệu quả nguồn lực của công ty;\n    -       Xây dựng các mối quan hệ nội bộ công ty;\n    -       Lập, xây dựng kế hoạch, chương trình tuyển dụng, đào tạo, phát triển nguồn nhân lực định kỳ năm, quý, tháng;\n    -       Thực hiện các cuộc thăm dò định kỳ về mức lương; lập kế hoạch và đánh giá công việc;\n    -       Xây dựng quy chế lương thưởng, các biện pháp khuyến khích – kích thích người lao động làm việc, phối hợp với các trưởng phòng trong việc đào tạo và kỷ luật nhân viên;\n    -       Đảm bảo tuân thủ pháp luật bằng cách theo dõi và thực thi quy định của nhà nước về chính sách nhân sự.\n+ Quản trị văn phòng:\n    -       Thiết kế và thực thi các chính sách trong văn phòng bằng cách thiết lập các tiêu chuẩn và thủ tục;\n    -       Đánh giá kết quả so với tiêu chuẩn; thực hiện những điều chỉnh cần thiết;\n    -       Theo dõi và kiểm soát nhân viên thực hiện nội qui và kỷ luật lao động;\n    -       Xây dựng kế hoạch và tổ chức, giám sát việc thực hiện về an tinh trật tư, an toàn lao động, vệ sinh lao động và phòng chống cháy nổ;\n    -       Chỉ đạo và chịu trách nhiệm mọi hoạt động đối với toàn bộ chức năng và nhiệm vụ của phòng Hành Chánh Nhân Sự.',3),(73,37,16,5,1,'Công ty TNHH DV-TM Tân Cường Minh','PG','2009-04-01','2009-05-01',NULL,'-       PG cho chương trình event của hãng Abbort Hoa Kỳ tại các trường mầm non trên địa bàn Thành phố Hồ Chí Minh;\n    -       Tham gia tổ chức, sắp xếp, bài trí vật dụng và công cụ của chương trình;\n    -       Tư vấn chỉ số chiều cao, cân nặng phù hợp với từng độ tuổi của các bé;\n    -       Giới thiệu, và bán sản phẩm;\n    -       Phát quà cho các bé.',0),(74,37,11,5,1,'Công ty TNHH Tài chính Prudential','Trợ lý kinh doanh','2009-08-01','2010-12-01',NULL,'-       Tổ chức, giám sát hoạt động kinh doanh của thành viên trong nhóm;\n    -        Lập báo cáo, quản lý nhân viên;\n    -        Tìm kiếm, tư vấn và đại diện công ty ký kết hợp đồng;\n    -         Mở rộng các mối quan hệ, mở rộng thị trường;\n    -        Trực tiếp phát triển mạng lưới khách hàng tiềm năng và chăm sóc phát triển các khách hàng trung thành của công ty;\n    -       Giải đáp các thắc mắc của khách hàng - chăm sóc khách hàng trước và sau bán hàng.  ',1),(75,37,2,5,1,'Công ty Cổ Phần Đào Tạo Tư Duy Việt (VietMinds)','Nhân viên hành chính Nhân sự kiêm Biên tập viên website','2011-01-01','2011-08-01',NULL,'-       Soạn thảo công văn, hợp đồng, biểu mẫu…;\n    -       Trực điện thoại và xử lý thông tin, giải đáp và tư vấn các thắc mắc của khách hàng;\n    -       Phụ trách lập và triển khai kế hoạch tuyển dụng, đào tạo nhân viên theo yêu cầu và báo cáo lên Quản lý;\n    -       Chuẩn bị công tác hậu cần, tiếp khách đến liên hệ;\n    -       Lên kế hoạch và thực hiện công việc Quản lý đưa xuống;\n    -       Viết bài PR giới thiệu các khóa học;\n    -       Xử lý tin, bài sau hội thảo và các chương trình của công ty;\n    -       Chịu trách nhiệm về nội dung các bài viết trên website.\n\nCông ty Cổ Phần Đào Tạo Tư Duy Việt (VietMinds): Từ T3 –T8/2011\n  + Chức vụ: Quản lý Nhân sự kiêm Phó Phòng Đào Tạo\n  + Nhiệm vụ:\n\n    -       Trực tiếp quản lý công tác tuyển dụng nhân sự của Công ty;\n    -       Nhận hồ sơ, phân loại và xử lý theo đúng quy trình;\n    -       Tập hợp và Báo cáo lên Giám Đốc theo định kỳ;\n    -       Trực tiếp tuyển dụng và phỏng vấn ứng viên;\n    -       Hỗ trợ, kiểm tra, đôn đốc và điều động nhân viên;\n    -       Quản lý công văn, hồ sơ, chứng từ của công ty;\n    -       Tổ chức xây dựng, vận hành hệ thống lương, thưởng, đãi ngộ cho nhân viên',2),(76,37,2,5,1,'Công ty TNHH Phần Mềm Phượng Hoàng','Nhân viên Nhân sự','2011-09-01',NULL,NULL,'+ Quản trị nguồn nhân lực:\n\n    -       Hỗ trợ Giám đốc trong việc quản trị nhân sự, quản lý hành chính tại Công ty, có trách nhiệm quản lý và phát triển một cách hiệu quả nguồn lực của công ty;\n    -       Xây dựng các mối quan hệ nội bộ công ty;\n    -       Lập, xây dựng kế hoạch, chương trình tuyển dụng, đào tạo, phát triển nguồn nhân lực định kỳ năm, quý, tháng;\n    -       Thực hiện các cuộc thăm dò định kỳ về mức lương; lập kế hoạch và đánh giá công việc;\n    -       Xây dựng quy chế lương thưởng, các biện pháp khuyến khích – kích thích người lao động làm việc, phối hợp với các trưởng phòng trong việc đào tạo và kỷ luật nhân viên;\n    -       Đảm bảo tuân thủ pháp luật bằng cách theo dõi và thực thi quy định của nhà nước về chính sách nhân sự.\n+ Quản trị văn phòng:\n    -       Thiết kế và thực thi các chính sách trong văn phòng bằng cách thiết lập các tiêu chuẩn và thủ tục;\n    -       Đánh giá kết quả so với tiêu chuẩn; thực hiện những điều chỉnh cần thiết;\n    -       Theo dõi và kiểm soát nhân viên thực hiện nội qui và kỷ luật lao động;\n    -       Xây dựng kế hoạch và tổ chức, giám sát việc thực hiện về an tinh trật tư, an toàn lao động, vệ sinh lao động và phòng chống cháy nổ;\n    -       Chỉ đạo và chịu trách nhiệm mọi hoạt động đối với toàn bộ chức năng và nhiệm vụ của phòng Hành Chánh Nhân Sự.',3),(77,39,16,5,1,'Công ty TNHH DV-TM Tân Cường Minh','PG','2009-04-01','2009-05-01',NULL,'-       PG cho chương trình event của hãng Abbort Hoa Kỳ tại các trường mầm non trên địa bàn Thành phố Hồ Chí Minh;\n    -       Tham gia tổ chức, sắp xếp, bài trí vật dụng và công cụ của chương trình;\n    -       Tư vấn chỉ số chiều cao, cân nặng phù hợp với từng độ tuổi của các bé;\n    -       Giới thiệu, và bán sản phẩm;\n    -       Phát quà cho các bé.',0),(78,39,11,5,1,'Công ty TNHH Tài chính Prudential','Trợ lý kinh doanh','2009-08-01','2010-12-01',NULL,'-       Tổ chức, giám sát hoạt động kinh doanh của thành viên trong nhóm;\n    -        Lập báo cáo, quản lý nhân viên;\n    -        Tìm kiếm, tư vấn và đại diện công ty ký kết hợp đồng;\n    -         Mở rộng các mối quan hệ, mở rộng thị trường;\n    -        Trực tiếp phát triển mạng lưới khách hàng tiềm năng và chăm sóc phát triển các khách hàng trung thành của công ty;\n    -       Giải đáp các thắc mắc của khách hàng - chăm sóc khách hàng trước và sau bán hàng.  ',1),(79,39,2,5,1,'Công ty Cổ Phần Đào Tạo Tư Duy Việt (VietMinds)','Nhân viên hành chính Nhân sự kiêm Biên tập viên website','2011-01-01','2011-08-01',NULL,'-       Soạn thảo công văn, hợp đồng, biểu mẫu…;\n    -       Trực điện thoại và xử lý thông tin, giải đáp và tư vấn các thắc mắc của khách hàng;\n    -       Phụ trách lập và triển khai kế hoạch tuyển dụng, đào tạo nhân viên theo yêu cầu và báo cáo lên Quản lý;\n    -       Chuẩn bị công tác hậu cần, tiếp khách đến liên hệ;\n    -       Lên kế hoạch và thực hiện công việc Quản lý đưa xuống;\n    -       Viết bài PR giới thiệu các khóa học;\n    -       Xử lý tin, bài sau hội thảo và các chương trình của công ty;\n    -       Chịu trách nhiệm về nội dung các bài viết trên website.\n\nCông ty Cổ Phần Đào Tạo Tư Duy Việt (VietMinds): Từ T3 –T8/2011\n  + Chức vụ: Quản lý Nhân sự kiêm Phó Phòng Đào Tạo\n  + Nhiệm vụ:\n\n    -       Trực tiếp quản lý công tác tuyển dụng nhân sự của Công ty;\n    -       Nhận hồ sơ, phân loại và xử lý theo đúng quy trình;\n    -       Tập hợp và Báo cáo lên Giám Đốc theo định kỳ;\n    -       Trực tiếp tuyển dụng và phỏng vấn ứng viên;\n    -       Hỗ trợ, kiểm tra, đôn đốc và điều động nhân viên;\n    -       Quản lý công văn, hồ sơ, chứng từ của công ty;\n    -       Tổ chức xây dựng, vận hành hệ thống lương, thưởng, đãi ngộ cho nhân viên',2),(80,39,2,5,1,'Công ty TNHH Phần Mềm Phượng Hoàng','Nhân viên Nhân sự','2011-09-01',NULL,NULL,'+ Quản trị nguồn nhân lực:\n\n    -       Hỗ trợ Giám đốc trong việc quản trị nhân sự, quản lý hành chính tại Công ty, có trách nhiệm quản lý và phát triển một cách hiệu quả nguồn lực của công ty;\n    -       Xây dựng các mối quan hệ nội bộ công ty;\n    -       Lập, xây dựng kế hoạch, chương trình tuyển dụng, đào tạo, phát triển nguồn nhân lực định kỳ năm, quý, tháng;\n    -       Thực hiện các cuộc thăm dò định kỳ về mức lương; lập kế hoạch và đánh giá công việc;\n    -       Xây dựng quy chế lương thưởng, các biện pháp khuyến khích – kích thích người lao động làm việc, phối hợp với các trưởng phòng trong việc đào tạo và kỷ luật nhân viên;\n    -       Đảm bảo tuân thủ pháp luật bằng cách theo dõi và thực thi quy định của nhà nước về chính sách nhân sự.\n+ Quản trị văn phòng:\n    -       Thiết kế và thực thi các chính sách trong văn phòng bằng cách thiết lập các tiêu chuẩn và thủ tục;\n    -       Đánh giá kết quả so với tiêu chuẩn; thực hiện những điều chỉnh cần thiết;\n    -       Theo dõi và kiểm soát nhân viên thực hiện nội qui và kỷ luật lao động;\n    -       Xây dựng kế hoạch và tổ chức, giám sát việc thực hiện về an tinh trật tư, an toàn lao động, vệ sinh lao động và phòng chống cháy nổ;\n    -       Chỉ đạo và chịu trách nhiệm mọi hoạt động đối với toàn bộ chức năng và nhiệm vụ của phòng Hành Chánh Nhân Sự.',3),(81,41,16,5,1,'Công ty TNHH DV-TM Tân Cường Minh','PG','2009-04-01','2009-05-01',NULL,'-       PG cho chương trình event của hãng Abbort Hoa Kỳ tại các trường mầm non trên địa bàn Thành phố Hồ Chí Minh;\n    -       Tham gia tổ chức, sắp xếp, bài trí vật dụng và công cụ của chương trình;\n    -       Tư vấn chỉ số chiều cao, cân nặng phù hợp với từng độ tuổi của các bé;\n    -       Giới thiệu, và bán sản phẩm;\n    -       Phát quà cho các bé.',0),(82,41,11,5,1,'Công ty TNHH Tài chính Prudential','Trợ lý kinh doanh','2009-08-01','2010-12-01',NULL,'-       Tổ chức, giám sát hoạt động kinh doanh của thành viên trong nhóm;\n    -        Lập báo cáo, quản lý nhân viên;\n    -        Tìm kiếm, tư vấn và đại diện công ty ký kết hợp đồng;\n    -         Mở rộng các mối quan hệ, mở rộng thị trường;\n    -        Trực tiếp phát triển mạng lưới khách hàng tiềm năng và chăm sóc phát triển các khách hàng trung thành của công ty;\n    -       Giải đáp các thắc mắc của khách hàng - chăm sóc khách hàng trước và sau bán hàng.  ',1),(83,41,2,5,1,'Công ty Cổ Phần Đào Tạo Tư Duy Việt (VietMinds)','Nhân viên hành chính Nhân sự kiêm Biên tập viên website','2011-01-01','2011-08-01',NULL,'-       Soạn thảo công văn, hợp đồng, biểu mẫu…;\n    -       Trực điện thoại và xử lý thông tin, giải đáp và tư vấn các thắc mắc của khách hàng;\n    -       Phụ trách lập và triển khai kế hoạch tuyển dụng, đào tạo nhân viên theo yêu cầu và báo cáo lên Quản lý;\n    -       Chuẩn bị công tác hậu cần, tiếp khách đến liên hệ;\n    -       Lên kế hoạch và thực hiện công việc Quản lý đưa xuống;\n    -       Viết bài PR giới thiệu các khóa học;\n    -       Xử lý tin, bài sau hội thảo và các chương trình của công ty;\n    -       Chịu trách nhiệm về nội dung các bài viết trên website.\n\nCông ty Cổ Phần Đào Tạo Tư Duy Việt (VietMinds): Từ T3 –T8/2011\n  + Chức vụ: Quản lý Nhân sự kiêm Phó Phòng Đào Tạo\n  + Nhiệm vụ:\n\n    -       Trực tiếp quản lý công tác tuyển dụng nhân sự của Công ty;\n    -       Nhận hồ sơ, phân loại và xử lý theo đúng quy trình;\n    -       Tập hợp và Báo cáo lên Giám Đốc theo định kỳ;\n    -       Trực tiếp tuyển dụng và phỏng vấn ứng viên;\n    -       Hỗ trợ, kiểm tra, đôn đốc và điều động nhân viên;\n    -       Quản lý công văn, hồ sơ, chứng từ của công ty;\n    -       Tổ chức xây dựng, vận hành hệ thống lương, thưởng, đãi ngộ cho nhân viên',2),(84,41,2,5,1,'Công ty TNHH Phần Mềm Phượng Hoàng','Nhân viên Nhân sự','2011-09-01',NULL,NULL,'+ Quản trị nguồn nhân lực:\n\n    -       Hỗ trợ Giám đốc trong việc quản trị nhân sự, quản lý hành chính tại Công ty, có trách nhiệm quản lý và phát triển một cách hiệu quả nguồn lực của công ty;\n    -       Xây dựng các mối quan hệ nội bộ công ty;\n    -       Lập, xây dựng kế hoạch, chương trình tuyển dụng, đào tạo, phát triển nguồn nhân lực định kỳ năm, quý, tháng;\n    -       Thực hiện các cuộc thăm dò định kỳ về mức lương; lập kế hoạch và đánh giá công việc;\n    -       Xây dựng quy chế lương thưởng, các biện pháp khuyến khích – kích thích người lao động làm việc, phối hợp với các trưởng phòng trong việc đào tạo và kỷ luật nhân viên;\n    -       Đảm bảo tuân thủ pháp luật bằng cách theo dõi và thực thi quy định của nhà nước về chính sách nhân sự.\n+ Quản trị văn phòng:\n    -       Thiết kế và thực thi các chính sách trong văn phòng bằng cách thiết lập các tiêu chuẩn và thủ tục;\n    -       Đánh giá kết quả so với tiêu chuẩn; thực hiện những điều chỉnh cần thiết;\n    -       Theo dõi và kiểm soát nhân viên thực hiện nội qui và kỷ luật lao động;\n    -       Xây dựng kế hoạch và tổ chức, giám sát việc thực hiện về an tinh trật tư, an toàn lao động, vệ sinh lao động và phòng chống cháy nổ;\n    -       Chỉ đạo và chịu trách nhiệm mọi hoạt động đối với toàn bộ chức năng và nhiệm vụ của phòng Hành Chánh Nhân Sự.',3),(85,43,16,5,1,'Công ty TNHH DV-TM Tân Cường Minh','PG','2009-04-01','2009-05-01',NULL,'-       PG cho chương trình event của hãng Abbort Hoa Kỳ tại các trường mầm non trên địa bàn Thành phố Hồ Chí Minh;\n    -       Tham gia tổ chức, sắp xếp, bài trí vật dụng và công cụ của chương trình;\n    -       Tư vấn chỉ số chiều cao, cân nặng phù hợp với từng độ tuổi của các bé;\n    -       Giới thiệu, và bán sản phẩm;\n    -       Phát quà cho các bé.',0),(86,43,11,5,1,'Công ty TNHH Tài chính Prudential','Trợ lý kinh doanh','2009-08-01','2010-12-01',NULL,'-       Tổ chức, giám sát hoạt động kinh doanh của thành viên trong nhóm;\n    -        Lập báo cáo, quản lý nhân viên;\n    -        Tìm kiếm, tư vấn và đại diện công ty ký kết hợp đồng;\n    -         Mở rộng các mối quan hệ, mở rộng thị trường;\n    -        Trực tiếp phát triển mạng lưới khách hàng tiềm năng và chăm sóc phát triển các khách hàng trung thành của công ty;\n    -       Giải đáp các thắc mắc của khách hàng - chăm sóc khách hàng trước và sau bán hàng.  ',1),(87,43,2,5,1,'Công ty Cổ Phần Đào Tạo Tư Duy Việt (VietMinds)','Nhân viên hành chính Nhân sự kiêm Biên tập viên website','2011-01-01','2011-08-01',NULL,'-       Soạn thảo công văn, hợp đồng, biểu mẫu…;\n    -       Trực điện thoại và xử lý thông tin, giải đáp và tư vấn các thắc mắc của khách hàng;\n    -       Phụ trách lập và triển khai kế hoạch tuyển dụng, đào tạo nhân viên theo yêu cầu và báo cáo lên Quản lý;\n    -       Chuẩn bị công tác hậu cần, tiếp khách đến liên hệ;\n    -       Lên kế hoạch và thực hiện công việc Quản lý đưa xuống;\n    -       Viết bài PR giới thiệu các khóa học;\n    -       Xử lý tin, bài sau hội thảo và các chương trình của công ty;\n    -       Chịu trách nhiệm về nội dung các bài viết trên website.\n\nCông ty Cổ Phần Đào Tạo Tư Duy Việt (VietMinds): Từ T3 –T8/2011\n  + Chức vụ: Quản lý Nhân sự kiêm Phó Phòng Đào Tạo\n  + Nhiệm vụ:\n\n    -       Trực tiếp quản lý công tác tuyển dụng nhân sự của Công ty;\n    -       Nhận hồ sơ, phân loại và xử lý theo đúng quy trình;\n    -       Tập hợp và Báo cáo lên Giám Đốc theo định kỳ;\n    -       Trực tiếp tuyển dụng và phỏng vấn ứng viên;\n    -       Hỗ trợ, kiểm tra, đôn đốc và điều động nhân viên;\n    -       Quản lý công văn, hồ sơ, chứng từ của công ty;\n    -       Tổ chức xây dựng, vận hành hệ thống lương, thưởng, đãi ngộ cho nhân viên',2),(88,43,2,5,1,'Công ty TNHH Phần Mềm Phượng Hoàng','Nhân viên Nhân sự','2011-09-01',NULL,NULL,'+ Quản trị nguồn nhân lực:\n\n    -       Hỗ trợ Giám đốc trong việc quản trị nhân sự, quản lý hành chính tại Công ty, có trách nhiệm quản lý và phát triển một cách hiệu quả nguồn lực của công ty;\n    -       Xây dựng các mối quan hệ nội bộ công ty;\n    -       Lập, xây dựng kế hoạch, chương trình tuyển dụng, đào tạo, phát triển nguồn nhân lực định kỳ năm, quý, tháng;\n    -       Thực hiện các cuộc thăm dò định kỳ về mức lương; lập kế hoạch và đánh giá công việc;\n    -       Xây dựng quy chế lương thưởng, các biện pháp khuyến khích – kích thích người lao động làm việc, phối hợp với các trưởng phòng trong việc đào tạo và kỷ luật nhân viên;\n    -       Đảm bảo tuân thủ pháp luật bằng cách theo dõi và thực thi quy định của nhà nước về chính sách nhân sự.\n+ Quản trị văn phòng:\n    -       Thiết kế và thực thi các chính sách trong văn phòng bằng cách thiết lập các tiêu chuẩn và thủ tục;\n    -       Đánh giá kết quả so với tiêu chuẩn; thực hiện những điều chỉnh cần thiết;\n    -       Theo dõi và kiểm soát nhân viên thực hiện nội qui và kỷ luật lao động;\n    -       Xây dựng kế hoạch và tổ chức, giám sát việc thực hiện về an tinh trật tư, an toàn lao động, vệ sinh lao động và phòng chống cháy nổ;\n    -       Chỉ đạo và chịu trách nhiệm mọi hoạt động đối với toàn bộ chức năng và nhiệm vụ của phòng Hành Chánh Nhân Sự.',3),(89,45,16,5,1,'Công ty TNHH DV-TM Tân Cường Minh','PG','2009-04-01','2009-05-01',NULL,'-       PG cho chương trình event của hãng Abbort Hoa Kỳ tại các trường mầm non trên địa bàn Thành phố Hồ Chí Minh;\n    -       Tham gia tổ chức, sắp xếp, bài trí vật dụng và công cụ của chương trình;\n    -       Tư vấn chỉ số chiều cao, cân nặng phù hợp với từng độ tuổi của các bé;\n    -       Giới thiệu, và bán sản phẩm;\n    -       Phát quà cho các bé.',0),(90,45,11,5,1,'Công ty TNHH Tài chính Prudential','Trợ lý kinh doanh','2009-08-01','2010-12-01',NULL,'-       Tổ chức, giám sát hoạt động kinh doanh của thành viên trong nhóm;\n    -        Lập báo cáo, quản lý nhân viên;\n    -        Tìm kiếm, tư vấn và đại diện công ty ký kết hợp đồng;\n    -         Mở rộng các mối quan hệ, mở rộng thị trường;\n    -        Trực tiếp phát triển mạng lưới khách hàng tiềm năng và chăm sóc phát triển các khách hàng trung thành của công ty;\n    -       Giải đáp các thắc mắc của khách hàng - chăm sóc khách hàng trước và sau bán hàng.  ',1),(91,45,2,5,1,'Công ty Cổ Phần Đào Tạo Tư Duy Việt (VietMinds)','Nhân viên hành chính Nhân sự kiêm Biên tập viên website','2011-01-01','2011-08-01',NULL,'-       Soạn thảo công văn, hợp đồng, biểu mẫu…;\n    -       Trực điện thoại và xử lý thông tin, giải đáp và tư vấn các thắc mắc của khách hàng;\n    -       Phụ trách lập và triển khai kế hoạch tuyển dụng, đào tạo nhân viên theo yêu cầu và báo cáo lên Quản lý;\n    -       Chuẩn bị công tác hậu cần, tiếp khách đến liên hệ;\n    -       Lên kế hoạch và thực hiện công việc Quản lý đưa xuống;\n    -       Viết bài PR giới thiệu các khóa học;\n    -       Xử lý tin, bài sau hội thảo và các chương trình của công ty;\n    -       Chịu trách nhiệm về nội dung các bài viết trên website.\n\nCông ty Cổ Phần Đào Tạo Tư Duy Việt (VietMinds): Từ T3 –T8/2011\n  + Chức vụ: Quản lý Nhân sự kiêm Phó Phòng Đào Tạo\n  + Nhiệm vụ:\n\n    -       Trực tiếp quản lý công tác tuyển dụng nhân sự của Công ty;\n    -       Nhận hồ sơ, phân loại và xử lý theo đúng quy trình;\n    -       Tập hợp và Báo cáo lên Giám Đốc theo định kỳ;\n    -       Trực tiếp tuyển dụng và phỏng vấn ứng viên;\n    -       Hỗ trợ, kiểm tra, đôn đốc và điều động nhân viên;\n    -       Quản lý công văn, hồ sơ, chứng từ của công ty;\n    -       Tổ chức xây dựng, vận hành hệ thống lương, thưởng, đãi ngộ cho nhân viên',2),(92,45,2,5,1,'Công ty TNHH Phần Mềm Phượng Hoàng','Nhân viên Nhân sự','2011-09-01',NULL,NULL,'+ Quản trị nguồn nhân lực:\n\n    -       Hỗ trợ Giám đốc trong việc quản trị nhân sự, quản lý hành chính tại Công ty, có trách nhiệm quản lý và phát triển một cách hiệu quả nguồn lực của công ty;\n    -       Xây dựng các mối quan hệ nội bộ công ty;\n    -       Lập, xây dựng kế hoạch, chương trình tuyển dụng, đào tạo, phát triển nguồn nhân lực định kỳ năm, quý, tháng;\n    -       Thực hiện các cuộc thăm dò định kỳ về mức lương; lập kế hoạch và đánh giá công việc;\n    -       Xây dựng quy chế lương thưởng, các biện pháp khuyến khích – kích thích người lao động làm việc, phối hợp với các trưởng phòng trong việc đào tạo và kỷ luật nhân viên;\n    -       Đảm bảo tuân thủ pháp luật bằng cách theo dõi và thực thi quy định của nhà nước về chính sách nhân sự.\n+ Quản trị văn phòng:\n    -       Thiết kế và thực thi các chính sách trong văn phòng bằng cách thiết lập các tiêu chuẩn và thủ tục;\n    -       Đánh giá kết quả so với tiêu chuẩn; thực hiện những điều chỉnh cần thiết;\n    -       Theo dõi và kiểm soát nhân viên thực hiện nội qui và kỷ luật lao động;\n    -       Xây dựng kế hoạch và tổ chức, giám sát việc thực hiện về an tinh trật tư, an toàn lao động, vệ sinh lao động và phòng chống cháy nổ;\n    -       Chỉ đạo và chịu trách nhiệm mọi hoạt động đối với toàn bộ chức năng và nhiệm vụ của phòng Hành Chánh Nhân Sự.',3),(93,47,16,5,1,'Công ty TNHH DV-TM Tân Cường Minh','PG','2009-04-01','2009-05-01',NULL,'-       PG cho chương trình event của hãng Abbort Hoa Kỳ tại các trường mầm non trên địa bàn Thành phố Hồ Chí Minh;\n    -       Tham gia tổ chức, sắp xếp, bài trí vật dụng và công cụ của chương trình;\n    -       Tư vấn chỉ số chiều cao, cân nặng phù hợp với từng độ tuổi của các bé;\n    -       Giới thiệu, và bán sản phẩm;\n    -       Phát quà cho các bé.',0),(94,47,11,5,1,'Công ty TNHH Tài chính Prudential','Trợ lý kinh doanh','2009-08-01','2010-12-01',NULL,'-       Tổ chức, giám sát hoạt động kinh doanh của thành viên trong nhóm;\n    -        Lập báo cáo, quản lý nhân viên;\n    -        Tìm kiếm, tư vấn và đại diện công ty ký kết hợp đồng;\n    -         Mở rộng các mối quan hệ, mở rộng thị trường;\n    -        Trực tiếp phát triển mạng lưới khách hàng tiềm năng và chăm sóc phát triển các khách hàng trung thành của công ty;\n    -       Giải đáp các thắc mắc của khách hàng - chăm sóc khách hàng trước và sau bán hàng.  ',1),(95,47,2,5,1,'Công ty Cổ Phần Đào Tạo Tư Duy Việt (VietMinds)','Nhân viên hành chính Nhân sự kiêm Biên tập viên website','2011-01-01','2011-08-01',NULL,'-       Soạn thảo công văn, hợp đồng, biểu mẫu…;\n    -       Trực điện thoại và xử lý thông tin, giải đáp và tư vấn các thắc mắc của khách hàng;\n    -       Phụ trách lập và triển khai kế hoạch tuyển dụng, đào tạo nhân viên theo yêu cầu và báo cáo lên Quản lý;\n    -       Chuẩn bị công tác hậu cần, tiếp khách đến liên hệ;\n    -       Lên kế hoạch và thực hiện công việc Quản lý đưa xuống;\n    -       Viết bài PR giới thiệu các khóa học;\n    -       Xử lý tin, bài sau hội thảo và các chương trình của công ty;\n    -       Chịu trách nhiệm về nội dung các bài viết trên website.\n\nCông ty Cổ Phần Đào Tạo Tư Duy Việt (VietMinds): Từ T3 –T8/2011\n  + Chức vụ: Quản lý Nhân sự kiêm Phó Phòng Đào Tạo\n  + Nhiệm vụ:\n\n    -       Trực tiếp quản lý công tác tuyển dụng nhân sự của Công ty;\n    -       Nhận hồ sơ, phân loại và xử lý theo đúng quy trình;\n    -       Tập hợp và Báo cáo lên Giám Đốc theo định kỳ;\n    -       Trực tiếp tuyển dụng và phỏng vấn ứng viên;\n    -       Hỗ trợ, kiểm tra, đôn đốc và điều động nhân viên;\n    -       Quản lý công văn, hồ sơ, chứng từ của công ty;\n    -       Tổ chức xây dựng, vận hành hệ thống lương, thưởng, đãi ngộ cho nhân viên',2),(96,47,2,5,1,'Công ty TNHH Phần Mềm Phượng Hoàng','Nhân viên Nhân sự','2011-09-01',NULL,NULL,'+ Quản trị nguồn nhân lực:\n\n    -       Hỗ trợ Giám đốc trong việc quản trị nhân sự, quản lý hành chính tại Công ty, có trách nhiệm quản lý và phát triển một cách hiệu quả nguồn lực của công ty;\n    -       Xây dựng các mối quan hệ nội bộ công ty;\n    -       Lập, xây dựng kế hoạch, chương trình tuyển dụng, đào tạo, phát triển nguồn nhân lực định kỳ năm, quý, tháng;\n    -       Thực hiện các cuộc thăm dò định kỳ về mức lương; lập kế hoạch và đánh giá công việc;\n    -       Xây dựng quy chế lương thưởng, các biện pháp khuyến khích – kích thích người lao động làm việc, phối hợp với các trưởng phòng trong việc đào tạo và kỷ luật nhân viên;\n    -       Đảm bảo tuân thủ pháp luật bằng cách theo dõi và thực thi quy định của nhà nước về chính sách nhân sự.\n+ Quản trị văn phòng:\n    -       Thiết kế và thực thi các chính sách trong văn phòng bằng cách thiết lập các tiêu chuẩn và thủ tục;\n    -       Đánh giá kết quả so với tiêu chuẩn; thực hiện những điều chỉnh cần thiết;\n    -       Theo dõi và kiểm soát nhân viên thực hiện nội qui và kỷ luật lao động;\n    -       Xây dựng kế hoạch và tổ chức, giám sát việc thực hiện về an tinh trật tư, an toàn lao động, vệ sinh lao động và phòng chống cháy nổ;\n    -       Chỉ đạo và chịu trách nhiệm mọi hoạt động đối với toàn bộ chức năng và nhiệm vụ của phòng Hành Chánh Nhân Sự.',3),(97,49,16,5,1,'Công ty TNHH DV-TM Tân Cường Minh','PG','2009-04-01','2009-05-01',NULL,'-       PG cho chương trình event của hãng Abbort Hoa Kỳ tại các trường mầm non trên địa bàn Thành phố Hồ Chí Minh;\n    -       Tham gia tổ chức, sắp xếp, bài trí vật dụng và công cụ của chương trình;\n    -       Tư vấn chỉ số chiều cao, cân nặng phù hợp với từng độ tuổi của các bé;\n    -       Giới thiệu, và bán sản phẩm;\n    -       Phát quà cho các bé.',0),(98,49,11,5,1,'Công ty TNHH Tài chính Prudential','Trợ lý kinh doanh','2009-08-01','2010-12-01',NULL,'-       Tổ chức, giám sát hoạt động kinh doanh của thành viên trong nhóm;\n    -        Lập báo cáo, quản lý nhân viên;\n    -        Tìm kiếm, tư vấn và đại diện công ty ký kết hợp đồng;\n    -         Mở rộng các mối quan hệ, mở rộng thị trường;\n    -        Trực tiếp phát triển mạng lưới khách hàng tiềm năng và chăm sóc phát triển các khách hàng trung thành của công ty;\n    -       Giải đáp các thắc mắc của khách hàng - chăm sóc khách hàng trước và sau bán hàng.  ',1),(99,49,2,5,1,'Công ty Cổ Phần Đào Tạo Tư Duy Việt (VietMinds)','Nhân viên hành chính Nhân sự kiêm Biên tập viên website','2011-01-01','2011-08-01',NULL,'-       Soạn thảo công văn, hợp đồng, biểu mẫu…;\n    -       Trực điện thoại và xử lý thông tin, giải đáp và tư vấn các thắc mắc của khách hàng;\n    -       Phụ trách lập và triển khai kế hoạch tuyển dụng, đào tạo nhân viên theo yêu cầu và báo cáo lên Quản lý;\n    -       Chuẩn bị công tác hậu cần, tiếp khách đến liên hệ;\n    -       Lên kế hoạch và thực hiện công việc Quản lý đưa xuống;\n    -       Viết bài PR giới thiệu các khóa học;\n    -       Xử lý tin, bài sau hội thảo và các chương trình của công ty;\n    -       Chịu trách nhiệm về nội dung các bài viết trên website.\n\nCông ty Cổ Phần Đào Tạo Tư Duy Việt (VietMinds): Từ T3 –T8/2011\n  + Chức vụ: Quản lý Nhân sự kiêm Phó Phòng Đào Tạo\n  + Nhiệm vụ:\n\n    -       Trực tiếp quản lý công tác tuyển dụng nhân sự của Công ty;\n    -       Nhận hồ sơ, phân loại và xử lý theo đúng quy trình;\n    -       Tập hợp và Báo cáo lên Giám Đốc theo định kỳ;\n    -       Trực tiếp tuyển dụng và phỏng vấn ứng viên;\n    -       Hỗ trợ, kiểm tra, đôn đốc và điều động nhân viên;\n    -       Quản lý công văn, hồ sơ, chứng từ của công ty;\n    -       Tổ chức xây dựng, vận hành hệ thống lương, thưởng, đãi ngộ cho nhân viên',2),(100,49,2,5,1,'Công ty TNHH Phần Mềm Phượng Hoàng','Nhân viên Nhân sự','2011-09-01',NULL,NULL,'+ Quản trị nguồn nhân lực:\n\n    -       Hỗ trợ Giám đốc trong việc quản trị nhân sự, quản lý hành chính tại Công ty, có trách nhiệm quản lý và phát triển một cách hiệu quả nguồn lực của công ty;\n    -       Xây dựng các mối quan hệ nội bộ công ty;\n    -       Lập, xây dựng kế hoạch, chương trình tuyển dụng, đào tạo, phát triển nguồn nhân lực định kỳ năm, quý, tháng;\n    -       Thực hiện các cuộc thăm dò định kỳ về mức lương; lập kế hoạch và đánh giá công việc;\n    -       Xây dựng quy chế lương thưởng, các biện pháp khuyến khích – kích thích người lao động làm việc, phối hợp với các trưởng phòng trong việc đào tạo và kỷ luật nhân viên;\n    -       Đảm bảo tuân thủ pháp luật bằng cách theo dõi và thực thi quy định của nhà nước về chính sách nhân sự.\n+ Quản trị văn phòng:\n    -       Thiết kế và thực thi các chính sách trong văn phòng bằng cách thiết lập các tiêu chuẩn và thủ tục;\n    -       Đánh giá kết quả so với tiêu chuẩn; thực hiện những điều chỉnh cần thiết;\n    -       Theo dõi và kiểm soát nhân viên thực hiện nội qui và kỷ luật lao động;\n    -       Xây dựng kế hoạch và tổ chức, giám sát việc thực hiện về an tinh trật tư, an toàn lao động, vệ sinh lao động và phòng chống cháy nổ;\n    -       Chỉ đạo và chịu trách nhiệm mọi hoạt động đối với toàn bộ chức năng và nhiệm vụ của phòng Hành Chánh Nhân Sự.',3),(101,51,16,5,1,'Công ty TNHH DV-TM Tân Cường Minh','PG','2009-04-01','2009-05-01',NULL,'-       PG cho chương trình event của hãng Abbort Hoa Kỳ tại các trường mầm non trên địa bàn Thành phố Hồ Chí Minh;\n    -       Tham gia tổ chức, sắp xếp, bài trí vật dụng và công cụ của chương trình;\n    -       Tư vấn chỉ số chiều cao, cân nặng phù hợp với từng độ tuổi của các bé;\n    -       Giới thiệu, và bán sản phẩm;\n    -       Phát quà cho các bé.',0),(102,51,11,5,1,'Công ty TNHH Tài chính Prudential','Trợ lý kinh doanh','2009-08-01','2010-12-01',NULL,'-       Tổ chức, giám sát hoạt động kinh doanh của thành viên trong nhóm;\n    -        Lập báo cáo, quản lý nhân viên;\n    -        Tìm kiếm, tư vấn và đại diện công ty ký kết hợp đồng;\n    -         Mở rộng các mối quan hệ, mở rộng thị trường;\n    -        Trực tiếp phát triển mạng lưới khách hàng tiềm năng và chăm sóc phát triển các khách hàng trung thành của công ty;\n    -       Giải đáp các thắc mắc của khách hàng - chăm sóc khách hàng trước và sau bán hàng.  ',1),(103,51,2,5,1,'Công ty Cổ Phần Đào Tạo Tư Duy Việt (VietMinds)','Nhân viên hành chính Nhân sự kiêm Biên tập viên website','2011-01-01','2011-08-01',NULL,'-       Soạn thảo công văn, hợp đồng, biểu mẫu…;\n    -       Trực điện thoại và xử lý thông tin, giải đáp và tư vấn các thắc mắc của khách hàng;\n    -       Phụ trách lập và triển khai kế hoạch tuyển dụng, đào tạo nhân viên theo yêu cầu và báo cáo lên Quản lý;\n    -       Chuẩn bị công tác hậu cần, tiếp khách đến liên hệ;\n    -       Lên kế hoạch và thực hiện công việc Quản lý đưa xuống;\n    -       Viết bài PR giới thiệu các khóa học;\n    -       Xử lý tin, bài sau hội thảo và các chương trình của công ty;\n    -       Chịu trách nhiệm về nội dung các bài viết trên website.\n\nCông ty Cổ Phần Đào Tạo Tư Duy Việt (VietMinds): Từ T3 –T8/2011\n  + Chức vụ: Quản lý Nhân sự kiêm Phó Phòng Đào Tạo\n  + Nhiệm vụ:\n\n    -       Trực tiếp quản lý công tác tuyển dụng nhân sự của Công ty;\n    -       Nhận hồ sơ, phân loại và xử lý theo đúng quy trình;\n    -       Tập hợp và Báo cáo lên Giám Đốc theo định kỳ;\n    -       Trực tiếp tuyển dụng và phỏng vấn ứng viên;\n    -       Hỗ trợ, kiểm tra, đôn đốc và điều động nhân viên;\n    -       Quản lý công văn, hồ sơ, chứng từ của công ty;\n    -       Tổ chức xây dựng, vận hành hệ thống lương, thưởng, đãi ngộ cho nhân viên',2),(104,51,2,5,1,'Công ty TNHH Phần Mềm Phượng Hoàng','Nhân viên Nhân sự','2011-09-01',NULL,NULL,'+ Quản trị nguồn nhân lực:\n\n    -       Hỗ trợ Giám đốc trong việc quản trị nhân sự, quản lý hành chính tại Công ty, có trách nhiệm quản lý và phát triển một cách hiệu quả nguồn lực của công ty;\n    -       Xây dựng các mối quan hệ nội bộ công ty;\n    -       Lập, xây dựng kế hoạch, chương trình tuyển dụng, đào tạo, phát triển nguồn nhân lực định kỳ năm, quý, tháng;\n    -       Thực hiện các cuộc thăm dò định kỳ về mức lương; lập kế hoạch và đánh giá công việc;\n    -       Xây dựng quy chế lương thưởng, các biện pháp khuyến khích – kích thích người lao động làm việc, phối hợp với các trưởng phòng trong việc đào tạo và kỷ luật nhân viên;\n    -       Đảm bảo tuân thủ pháp luật bằng cách theo dõi và thực thi quy định của nhà nước về chính sách nhân sự.\n+ Quản trị văn phòng:\n    -       Thiết kế và thực thi các chính sách trong văn phòng bằng cách thiết lập các tiêu chuẩn và thủ tục;\n    -       Đánh giá kết quả so với tiêu chuẩn; thực hiện những điều chỉnh cần thiết;\n    -       Theo dõi và kiểm soát nhân viên thực hiện nội qui và kỷ luật lao động;\n    -       Xây dựng kế hoạch và tổ chức, giám sát việc thực hiện về an tinh trật tư, an toàn lao động, vệ sinh lao động và phòng chống cháy nổ;\n    -       Chỉ đạo và chịu trách nhiệm mọi hoạt động đối với toàn bộ chức năng và nhiệm vụ của phòng Hành Chánh Nhân Sự.',3),(105,53,16,5,1,'Công ty TNHH DV-TM Tân Cường Minh','PG','2009-04-01','2009-05-01',NULL,'-       PG cho chương trình event của hãng Abbort Hoa Kỳ tại các trường mầm non trên địa bàn Thành phố Hồ Chí Minh;\n    -       Tham gia tổ chức, sắp xếp, bài trí vật dụng và công cụ của chương trình;\n    -       Tư vấn chỉ số chiều cao, cân nặng phù hợp với từng độ tuổi của các bé;\n    -       Giới thiệu, và bán sản phẩm;\n    -       Phát quà cho các bé.',0),(106,53,11,5,1,'Công ty TNHH Tài chính Prudential','Trợ lý kinh doanh','2009-08-01','2010-12-01',NULL,'-       Tổ chức, giám sát hoạt động kinh doanh của thành viên trong nhóm;\n    -        Lập báo cáo, quản lý nhân viên;\n    -        Tìm kiếm, tư vấn và đại diện công ty ký kết hợp đồng;\n    -         Mở rộng các mối quan hệ, mở rộng thị trường;\n    -        Trực tiếp phát triển mạng lưới khách hàng tiềm năng và chăm sóc phát triển các khách hàng trung thành của công ty;\n    -       Giải đáp các thắc mắc của khách hàng - chăm sóc khách hàng trước và sau bán hàng.  ',1),(107,53,2,5,1,'Công ty Cổ Phần Đào Tạo Tư Duy Việt (VietMinds)','Nhân viên hành chính Nhân sự kiêm Biên tập viên website','2011-01-01','2011-08-01',NULL,'-       Soạn thảo công văn, hợp đồng, biểu mẫu…;\n    -       Trực điện thoại và xử lý thông tin, giải đáp và tư vấn các thắc mắc của khách hàng;\n    -       Phụ trách lập và triển khai kế hoạch tuyển dụng, đào tạo nhân viên theo yêu cầu và báo cáo lên Quản lý;\n    -       Chuẩn bị công tác hậu cần, tiếp khách đến liên hệ;\n    -       Lên kế hoạch và thực hiện công việc Quản lý đưa xuống;\n    -       Viết bài PR giới thiệu các khóa học;\n    -       Xử lý tin, bài sau hội thảo và các chương trình của công ty;\n    -       Chịu trách nhiệm về nội dung các bài viết trên website.\n\nCông ty Cổ Phần Đào Tạo Tư Duy Việt (VietMinds): Từ T3 –T8/2011\n  + Chức vụ: Quản lý Nhân sự kiêm Phó Phòng Đào Tạo\n  + Nhiệm vụ:\n\n    -       Trực tiếp quản lý công tác tuyển dụng nhân sự của Công ty;\n    -       Nhận hồ sơ, phân loại và xử lý theo đúng quy trình;\n    -       Tập hợp và Báo cáo lên Giám Đốc theo định kỳ;\n    -       Trực tiếp tuyển dụng và phỏng vấn ứng viên;\n    -       Hỗ trợ, kiểm tra, đôn đốc và điều động nhân viên;\n    -       Quản lý công văn, hồ sơ, chứng từ của công ty;\n    -       Tổ chức xây dựng, vận hành hệ thống lương, thưởng, đãi ngộ cho nhân viên',2),(108,53,2,5,1,'Công ty TNHH Phần Mềm Phượng Hoàng','Nhân viên Nhân sự','2011-09-01',NULL,NULL,'+ Quản trị nguồn nhân lực:\n\n    -       Hỗ trợ Giám đốc trong việc quản trị nhân sự, quản lý hành chính tại Công ty, có trách nhiệm quản lý và phát triển một cách hiệu quả nguồn lực của công ty;\n    -       Xây dựng các mối quan hệ nội bộ công ty;\n    -       Lập, xây dựng kế hoạch, chương trình tuyển dụng, đào tạo, phát triển nguồn nhân lực định kỳ năm, quý, tháng;\n    -       Thực hiện các cuộc thăm dò định kỳ về mức lương; lập kế hoạch và đánh giá công việc;\n    -       Xây dựng quy chế lương thưởng, các biện pháp khuyến khích – kích thích người lao động làm việc, phối hợp với các trưởng phòng trong việc đào tạo và kỷ luật nhân viên;\n    -       Đảm bảo tuân thủ pháp luật bằng cách theo dõi và thực thi quy định của nhà nước về chính sách nhân sự.\n+ Quản trị văn phòng:\n    -       Thiết kế và thực thi các chính sách trong văn phòng bằng cách thiết lập các tiêu chuẩn và thủ tục;\n    -       Đánh giá kết quả so với tiêu chuẩn; thực hiện những điều chỉnh cần thiết;\n    -       Theo dõi và kiểm soát nhân viên thực hiện nội qui và kỷ luật lao động;\n    -       Xây dựng kế hoạch và tổ chức, giám sát việc thực hiện về an tinh trật tư, an toàn lao động, vệ sinh lao động và phòng chống cháy nổ;\n    -       Chỉ đạo và chịu trách nhiệm mọi hoạt động đối với toàn bộ chức năng và nhiệm vụ của phòng Hành Chánh Nhân Sự.',3),(109,55,16,5,1,'Công ty TNHH DV-TM Tân Cường Minh','PG','2009-04-01','2009-05-01',NULL,'-       PG cho chương trình event của hãng Abbort Hoa Kỳ tại các trường mầm non trên địa bàn Thành phố Hồ Chí Minh;\n    -       Tham gia tổ chức, sắp xếp, bài trí vật dụng và công cụ của chương trình;\n    -       Tư vấn chỉ số chiều cao, cân nặng phù hợp với từng độ tuổi của các bé;\n    -       Giới thiệu, và bán sản phẩm;\n    -       Phát quà cho các bé.',0),(110,55,11,5,1,'Công ty TNHH Tài chính Prudential','Trợ lý kinh doanh','2009-08-01','2010-12-01',NULL,'-       Tổ chức, giám sát hoạt động kinh doanh của thành viên trong nhóm;\n    -        Lập báo cáo, quản lý nhân viên;\n    -        Tìm kiếm, tư vấn và đại diện công ty ký kết hợp đồng;\n    -         Mở rộng các mối quan hệ, mở rộng thị trường;\n    -        Trực tiếp phát triển mạng lưới khách hàng tiềm năng và chăm sóc phát triển các khách hàng trung thành của công ty;\n    -       Giải đáp các thắc mắc của khách hàng - chăm sóc khách hàng trước và sau bán hàng.  ',1),(111,55,2,5,1,'Công ty Cổ Phần Đào Tạo Tư Duy Việt (VietMinds)','Nhân viên hành chính Nhân sự kiêm Biên tập viên website','2011-01-01','2011-08-01',NULL,'-       Soạn thảo công văn, hợp đồng, biểu mẫu…;\n    -       Trực điện thoại và xử lý thông tin, giải đáp và tư vấn các thắc mắc của khách hàng;\n    -       Phụ trách lập và triển khai kế hoạch tuyển dụng, đào tạo nhân viên theo yêu cầu và báo cáo lên Quản lý;\n    -       Chuẩn bị công tác hậu cần, tiếp khách đến liên hệ;\n    -       Lên kế hoạch và thực hiện công việc Quản lý đưa xuống;\n    -       Viết bài PR giới thiệu các khóa học;\n    -       Xử lý tin, bài sau hội thảo và các chương trình của công ty;\n    -       Chịu trách nhiệm về nội dung các bài viết trên website.\n\nCông ty Cổ Phần Đào Tạo Tư Duy Việt (VietMinds): Từ T3 –T8/2011\n  + Chức vụ: Quản lý Nhân sự kiêm Phó Phòng Đào Tạo\n  + Nhiệm vụ:\n\n    -       Trực tiếp quản lý công tác tuyển dụng nhân sự của Công ty;\n    -       Nhận hồ sơ, phân loại và xử lý theo đúng quy trình;\n    -       Tập hợp và Báo cáo lên Giám Đốc theo định kỳ;\n    -       Trực tiếp tuyển dụng và phỏng vấn ứng viên;\n    -       Hỗ trợ, kiểm tra, đôn đốc và điều động nhân viên;\n    -       Quản lý công văn, hồ sơ, chứng từ của công ty;\n    -       Tổ chức xây dựng, vận hành hệ thống lương, thưởng, đãi ngộ cho nhân viên',2),(112,55,2,5,1,'Công ty TNHH Phần Mềm Phượng Hoàng','Nhân viên Nhân sự','2011-09-01',NULL,NULL,'+ Quản trị nguồn nhân lực:\n\n    -       Hỗ trợ Giám đốc trong việc quản trị nhân sự, quản lý hành chính tại Công ty, có trách nhiệm quản lý và phát triển một cách hiệu quả nguồn lực của công ty;\n    -       Xây dựng các mối quan hệ nội bộ công ty;\n    -       Lập, xây dựng kế hoạch, chương trình tuyển dụng, đào tạo, phát triển nguồn nhân lực định kỳ năm, quý, tháng;\n    -       Thực hiện các cuộc thăm dò định kỳ về mức lương; lập kế hoạch và đánh giá công việc;\n    -       Xây dựng quy chế lương thưởng, các biện pháp khuyến khích – kích thích người lao động làm việc, phối hợp với các trưởng phòng trong việc đào tạo và kỷ luật nhân viên;\n    -       Đảm bảo tuân thủ pháp luật bằng cách theo dõi và thực thi quy định của nhà nước về chính sách nhân sự.\n+ Quản trị văn phòng:\n    -       Thiết kế và thực thi các chính sách trong văn phòng bằng cách thiết lập các tiêu chuẩn và thủ tục;\n    -       Đánh giá kết quả so với tiêu chuẩn; thực hiện những điều chỉnh cần thiết;\n    -       Theo dõi và kiểm soát nhân viên thực hiện nội qui và kỷ luật lao động;\n    -       Xây dựng kế hoạch và tổ chức, giám sát việc thực hiện về an tinh trật tư, an toàn lao động, vệ sinh lao động và phòng chống cháy nổ;\n    -       Chỉ đạo và chịu trách nhiệm mọi hoạt động đối với toàn bộ chức năng và nhiệm vụ của phòng Hành Chánh Nhân Sự.',3),(113,57,16,5,1,'Công ty TNHH DV-TM Tân Cường Minh','PG','2009-04-01','2009-05-01',NULL,'-       PG cho chương trình event của hãng Abbort Hoa Kỳ tại các trường mầm non trên địa bàn Thành phố Hồ Chí Minh;\n    -       Tham gia tổ chức, sắp xếp, bài trí vật dụng và công cụ của chương trình;\n    -       Tư vấn chỉ số chiều cao, cân nặng phù hợp với từng độ tuổi của các bé;\n    -       Giới thiệu, và bán sản phẩm;\n    -       Phát quà cho các bé.',0),(114,57,11,5,1,'Công ty TNHH Tài chính Prudential','Trợ lý kinh doanh','2009-08-01','2010-12-01',NULL,'-       Tổ chức, giám sát hoạt động kinh doanh của thành viên trong nhóm;\n    -        Lập báo cáo, quản lý nhân viên;\n    -        Tìm kiếm, tư vấn và đại diện công ty ký kết hợp đồng;\n    -         Mở rộng các mối quan hệ, mở rộng thị trường;\n    -        Trực tiếp phát triển mạng lưới khách hàng tiềm năng và chăm sóc phát triển các khách hàng trung thành của công ty;\n    -       Giải đáp các thắc mắc của khách hàng - chăm sóc khách hàng trước và sau bán hàng.  ',1),(115,57,2,5,1,'Công ty Cổ Phần Đào Tạo Tư Duy Việt (VietMinds)','Nhân viên hành chính Nhân sự kiêm Biên tập viên website','2011-01-01','2011-08-01',NULL,'-       Soạn thảo công văn, hợp đồng, biểu mẫu…;\n    -       Trực điện thoại và xử lý thông tin, giải đáp và tư vấn các thắc mắc của khách hàng;\n    -       Phụ trách lập và triển khai kế hoạch tuyển dụng, đào tạo nhân viên theo yêu cầu và báo cáo lên Quản lý;\n    -       Chuẩn bị công tác hậu cần, tiếp khách đến liên hệ;\n    -       Lên kế hoạch và thực hiện công việc Quản lý đưa xuống;\n    -       Viết bài PR giới thiệu các khóa học;\n    -       Xử lý tin, bài sau hội thảo và các chương trình của công ty;\n    -       Chịu trách nhiệm về nội dung các bài viết trên website.\n\nCông ty Cổ Phần Đào Tạo Tư Duy Việt (VietMinds): Từ T3 –T8/2011\n  + Chức vụ: Quản lý Nhân sự kiêm Phó Phòng Đào Tạo\n  + Nhiệm vụ:\n\n    -       Trực tiếp quản lý công tác tuyển dụng nhân sự của Công ty;\n    -       Nhận hồ sơ, phân loại và xử lý theo đúng quy trình;\n    -       Tập hợp và Báo cáo lên Giám Đốc theo định kỳ;\n    -       Trực tiếp tuyển dụng và phỏng vấn ứng viên;\n    -       Hỗ trợ, kiểm tra, đôn đốc và điều động nhân viên;\n    -       Quản lý công văn, hồ sơ, chứng từ của công ty;\n    -       Tổ chức xây dựng, vận hành hệ thống lương, thưởng, đãi ngộ cho nhân viên',2),(116,57,2,5,1,'Công ty TNHH Phần Mềm Phượng Hoàng','Nhân viên Nhân sự','2011-09-01',NULL,NULL,'+ Quản trị nguồn nhân lực:\n\n    -       Hỗ trợ Giám đốc trong việc quản trị nhân sự, quản lý hành chính tại Công ty, có trách nhiệm quản lý và phát triển một cách hiệu quả nguồn lực của công ty;\n    -       Xây dựng các mối quan hệ nội bộ công ty;\n    -       Lập, xây dựng kế hoạch, chương trình tuyển dụng, đào tạo, phát triển nguồn nhân lực định kỳ năm, quý, tháng;\n    -       Thực hiện các cuộc thăm dò định kỳ về mức lương; lập kế hoạch và đánh giá công việc;\n    -       Xây dựng quy chế lương thưởng, các biện pháp khuyến khích – kích thích người lao động làm việc, phối hợp với các trưởng phòng trong việc đào tạo và kỷ luật nhân viên;\n    -       Đảm bảo tuân thủ pháp luật bằng cách theo dõi và thực thi quy định của nhà nước về chính sách nhân sự.\n+ Quản trị văn phòng:\n    -       Thiết kế và thực thi các chính sách trong văn phòng bằng cách thiết lập các tiêu chuẩn và thủ tục;\n    -       Đánh giá kết quả so với tiêu chuẩn; thực hiện những điều chỉnh cần thiết;\n    -       Theo dõi và kiểm soát nhân viên thực hiện nội qui và kỷ luật lao động;\n    -       Xây dựng kế hoạch và tổ chức, giám sát việc thực hiện về an tinh trật tư, an toàn lao động, vệ sinh lao động và phòng chống cháy nổ;\n    -       Chỉ đạo và chịu trách nhiệm mọi hoạt động đối với toàn bộ chức năng và nhiệm vụ của phòng Hành Chánh Nhân Sự.',3),(117,59,16,5,1,'Công ty TNHH DV-TM Tân Cường Minh','PG','2009-04-01','2009-05-01',NULL,'-       PG cho chương trình event của hãng Abbort Hoa Kỳ tại các trường mầm non trên địa bàn Thành phố Hồ Chí Minh;\n    -       Tham gia tổ chức, sắp xếp, bài trí vật dụng và công cụ của chương trình;\n    -       Tư vấn chỉ số chiều cao, cân nặng phù hợp với từng độ tuổi của các bé;\n    -       Giới thiệu, và bán sản phẩm;\n    -       Phát quà cho các bé.',0),(118,59,11,5,1,'Công ty TNHH Tài chính Prudential','Trợ lý kinh doanh','2009-08-01','2010-12-01',NULL,'-       Tổ chức, giám sát hoạt động kinh doanh của thành viên trong nhóm;\n    -        Lập báo cáo, quản lý nhân viên;\n    -        Tìm kiếm, tư vấn và đại diện công ty ký kết hợp đồng;\n    -         Mở rộng các mối quan hệ, mở rộng thị trường;\n    -        Trực tiếp phát triển mạng lưới khách hàng tiềm năng và chăm sóc phát triển các khách hàng trung thành của công ty;\n    -       Giải đáp các thắc mắc của khách hàng - chăm sóc khách hàng trước và sau bán hàng.  ',1),(119,59,2,5,1,'Công ty Cổ Phần Đào Tạo Tư Duy Việt (VietMinds)','Nhân viên hành chính Nhân sự kiêm Biên tập viên website','2011-01-01','2011-08-01',NULL,'-       Soạn thảo công văn, hợp đồng, biểu mẫu…;\n    -       Trực điện thoại và xử lý thông tin, giải đáp và tư vấn các thắc mắc của khách hàng;\n    -       Phụ trách lập và triển khai kế hoạch tuyển dụng, đào tạo nhân viên theo yêu cầu và báo cáo lên Quản lý;\n    -       Chuẩn bị công tác hậu cần, tiếp khách đến liên hệ;\n    -       Lên kế hoạch và thực hiện công việc Quản lý đưa xuống;\n    -       Viết bài PR giới thiệu các khóa học;\n    -       Xử lý tin, bài sau hội thảo và các chương trình của công ty;\n    -       Chịu trách nhiệm về nội dung các bài viết trên website.\n\nCông ty Cổ Phần Đào Tạo Tư Duy Việt (VietMinds): Từ T3 –T8/2011\n  + Chức vụ: Quản lý Nhân sự kiêm Phó Phòng Đào Tạo\n  + Nhiệm vụ:\n\n    -       Trực tiếp quản lý công tác tuyển dụng nhân sự của Công ty;\n    -       Nhận hồ sơ, phân loại và xử lý theo đúng quy trình;\n    -       Tập hợp và Báo cáo lên Giám Đốc theo định kỳ;\n    -       Trực tiếp tuyển dụng và phỏng vấn ứng viên;\n    -       Hỗ trợ, kiểm tra, đôn đốc và điều động nhân viên;\n    -       Quản lý công văn, hồ sơ, chứng từ của công ty;\n    -       Tổ chức xây dựng, vận hành hệ thống lương, thưởng, đãi ngộ cho nhân viên',2),(120,59,2,5,1,'Công ty TNHH Phần Mềm Phượng Hoàng','Nhân viên Nhân sự','2011-09-01',NULL,NULL,'+ Quản trị nguồn nhân lực:\n\n    -       Hỗ trợ Giám đốc trong việc quản trị nhân sự, quản lý hành chính tại Công ty, có trách nhiệm quản lý và phát triển một cách hiệu quả nguồn lực của công ty;\n    -       Xây dựng các mối quan hệ nội bộ công ty;\n    -       Lập, xây dựng kế hoạch, chương trình tuyển dụng, đào tạo, phát triển nguồn nhân lực định kỳ năm, quý, tháng;\n    -       Thực hiện các cuộc thăm dò định kỳ về mức lương; lập kế hoạch và đánh giá công việc;\n    -       Xây dựng quy chế lương thưởng, các biện pháp khuyến khích – kích thích người lao động làm việc, phối hợp với các trưởng phòng trong việc đào tạo và kỷ luật nhân viên;\n    -       Đảm bảo tuân thủ pháp luật bằng cách theo dõi và thực thi quy định của nhà nước về chính sách nhân sự.\n+ Quản trị văn phòng:\n    -       Thiết kế và thực thi các chính sách trong văn phòng bằng cách thiết lập các tiêu chuẩn và thủ tục;\n    -       Đánh giá kết quả so với tiêu chuẩn; thực hiện những điều chỉnh cần thiết;\n    -       Theo dõi và kiểm soát nhân viên thực hiện nội qui và kỷ luật lao động;\n    -       Xây dựng kế hoạch và tổ chức, giám sát việc thực hiện về an tinh trật tư, an toàn lao động, vệ sinh lao động và phòng chống cháy nổ;\n    -       Chỉ đạo và chịu trách nhiệm mọi hoạt động đối với toàn bộ chức năng và nhiệm vụ của phòng Hành Chánh Nhân Sự.',3),(121,61,16,5,1,'Công ty TNHH DV-TM Tân Cường Minh','PG','2009-04-01','2009-05-01',NULL,'-       PG cho chương trình event của hãng Abbort Hoa Kỳ tại các trường mầm non trên địa bàn Thành phố Hồ Chí Minh;\n    -       Tham gia tổ chức, sắp xếp, bài trí vật dụng và công cụ của chương trình;\n    -       Tư vấn chỉ số chiều cao, cân nặng phù hợp với từng độ tuổi của các bé;\n    -       Giới thiệu, và bán sản phẩm;\n    -       Phát quà cho các bé.',0),(122,61,11,5,1,'Công ty TNHH Tài chính Prudential','Trợ lý kinh doanh','2009-08-01','2010-12-01',NULL,'-       Tổ chức, giám sát hoạt động kinh doanh của thành viên trong nhóm;\n    -        Lập báo cáo, quản lý nhân viên;\n    -        Tìm kiếm, tư vấn và đại diện công ty ký kết hợp đồng;\n    -         Mở rộng các mối quan hệ, mở rộng thị trường;\n    -        Trực tiếp phát triển mạng lưới khách hàng tiềm năng và chăm sóc phát triển các khách hàng trung thành của công ty;\n    -       Giải đáp các thắc mắc của khách hàng - chăm sóc khách hàng trước và sau bán hàng.  ',1),(123,61,2,5,1,'Công ty Cổ Phần Đào Tạo Tư Duy Việt (VietMinds)','Nhân viên hành chính Nhân sự kiêm Biên tập viên website','2011-01-01','2011-08-01',NULL,'-       Soạn thảo công văn, hợp đồng, biểu mẫu…;\n    -       Trực điện thoại và xử lý thông tin, giải đáp và tư vấn các thắc mắc của khách hàng;\n    -       Phụ trách lập và triển khai kế hoạch tuyển dụng, đào tạo nhân viên theo yêu cầu và báo cáo lên Quản lý;\n    -       Chuẩn bị công tác hậu cần, tiếp khách đến liên hệ;\n    -       Lên kế hoạch và thực hiện công việc Quản lý đưa xuống;\n    -       Viết bài PR giới thiệu các khóa học;\n    -       Xử lý tin, bài sau hội thảo và các chương trình của công ty;\n    -       Chịu trách nhiệm về nội dung các bài viết trên website.\n\nCông ty Cổ Phần Đào Tạo Tư Duy Việt (VietMinds): Từ T3 –T8/2011\n  + Chức vụ: Quản lý Nhân sự kiêm Phó Phòng Đào Tạo\n  + Nhiệm vụ:\n\n    -       Trực tiếp quản lý công tác tuyển dụng nhân sự của Công ty;\n    -       Nhận hồ sơ, phân loại và xử lý theo đúng quy trình;\n    -       Tập hợp và Báo cáo lên Giám Đốc theo định kỳ;\n    -       Trực tiếp tuyển dụng và phỏng vấn ứng viên;\n    -       Hỗ trợ, kiểm tra, đôn đốc và điều động nhân viên;\n    -       Quản lý công văn, hồ sơ, chứng từ của công ty;\n    -       Tổ chức xây dựng, vận hành hệ thống lương, thưởng, đãi ngộ cho nhân viên',2),(124,61,2,5,1,'Công ty TNHH Phần Mềm Phượng Hoàng','Nhân viên Nhân sự','2011-09-01',NULL,NULL,'+ Quản trị nguồn nhân lực:\n\n    -       Hỗ trợ Giám đốc trong việc quản trị nhân sự, quản lý hành chính tại Công ty, có trách nhiệm quản lý và phát triển một cách hiệu quả nguồn lực của công ty;\n    -       Xây dựng các mối quan hệ nội bộ công ty;\n    -       Lập, xây dựng kế hoạch, chương trình tuyển dụng, đào tạo, phát triển nguồn nhân lực định kỳ năm, quý, tháng;\n    -       Thực hiện các cuộc thăm dò định kỳ về mức lương; lập kế hoạch và đánh giá công việc;\n    -       Xây dựng quy chế lương thưởng, các biện pháp khuyến khích – kích thích người lao động làm việc, phối hợp với các trưởng phòng trong việc đào tạo và kỷ luật nhân viên;\n    -       Đảm bảo tuân thủ pháp luật bằng cách theo dõi và thực thi quy định của nhà nước về chính sách nhân sự.\n+ Quản trị văn phòng:\n    -       Thiết kế và thực thi các chính sách trong văn phòng bằng cách thiết lập các tiêu chuẩn và thủ tục;\n    -       Đánh giá kết quả so với tiêu chuẩn; thực hiện những điều chỉnh cần thiết;\n    -       Theo dõi và kiểm soát nhân viên thực hiện nội qui và kỷ luật lao động;\n    -       Xây dựng kế hoạch và tổ chức, giám sát việc thực hiện về an tinh trật tư, an toàn lao động, vệ sinh lao động và phòng chống cháy nổ;\n    -       Chỉ đạo và chịu trách nhiệm mọi hoạt động đối với toàn bộ chức năng và nhiệm vụ của phòng Hành Chánh Nhân Sự.',3),(125,63,16,5,1,'Công ty TNHH DV-TM Tân Cường Minh','PG','2009-04-01','2009-05-01',NULL,'-       PG cho chương trình event của hãng Abbort Hoa Kỳ tại các trường mầm non trên địa bàn Thành phố Hồ Chí Minh;\n    -       Tham gia tổ chức, sắp xếp, bài trí vật dụng và công cụ của chương trình;\n    -       Tư vấn chỉ số chiều cao, cân nặng phù hợp với từng độ tuổi của các bé;\n    -       Giới thiệu, và bán sản phẩm;\n    -       Phát quà cho các bé.',0),(126,63,11,5,1,'Công ty TNHH Tài chính Prudential','Trợ lý kinh doanh','2009-08-01','2010-12-01',NULL,'-       Tổ chức, giám sát hoạt động kinh doanh của thành viên trong nhóm;\n    -        Lập báo cáo, quản lý nhân viên;\n    -        Tìm kiếm, tư vấn và đại diện công ty ký kết hợp đồng;\n    -         Mở rộng các mối quan hệ, mở rộng thị trường;\n    -        Trực tiếp phát triển mạng lưới khách hàng tiềm năng và chăm sóc phát triển các khách hàng trung thành của công ty;\n    -       Giải đáp các thắc mắc của khách hàng - chăm sóc khách hàng trước và sau bán hàng.  ',1),(127,63,2,5,1,'Công ty Cổ Phần Đào Tạo Tư Duy Việt (VietMinds)','Nhân viên hành chính Nhân sự kiêm Biên tập viên website','2011-01-01','2011-08-01',NULL,'-       Soạn thảo công văn, hợp đồng, biểu mẫu…;\n    -       Trực điện thoại và xử lý thông tin, giải đáp và tư vấn các thắc mắc của khách hàng;\n    -       Phụ trách lập và triển khai kế hoạch tuyển dụng, đào tạo nhân viên theo yêu cầu và báo cáo lên Quản lý;\n    -       Chuẩn bị công tác hậu cần, tiếp khách đến liên hệ;\n    -       Lên kế hoạch và thực hiện công việc Quản lý đưa xuống;\n    -       Viết bài PR giới thiệu các khóa học;\n    -       Xử lý tin, bài sau hội thảo và các chương trình của công ty;\n    -       Chịu trách nhiệm về nội dung các bài viết trên website.\n\nCông ty Cổ Phần Đào Tạo Tư Duy Việt (VietMinds): Từ T3 –T8/2011\n  + Chức vụ: Quản lý Nhân sự kiêm Phó Phòng Đào Tạo\n  + Nhiệm vụ:\n\n    -       Trực tiếp quản lý công tác tuyển dụng nhân sự của Công ty;\n    -       Nhận hồ sơ, phân loại và xử lý theo đúng quy trình;\n    -       Tập hợp và Báo cáo lên Giám Đốc theo định kỳ;\n    -       Trực tiếp tuyển dụng và phỏng vấn ứng viên;\n    -       Hỗ trợ, kiểm tra, đôn đốc và điều động nhân viên;\n    -       Quản lý công văn, hồ sơ, chứng từ của công ty;\n    -       Tổ chức xây dựng, vận hành hệ thống lương, thưởng, đãi ngộ cho nhân viên',2),(128,63,2,5,1,'Công ty TNHH Phần Mềm Phượng Hoàng','Nhân viên Nhân sự','2011-09-01',NULL,NULL,'+ Quản trị nguồn nhân lực:\n\n    -       Hỗ trợ Giám đốc trong việc quản trị nhân sự, quản lý hành chính tại Công ty, có trách nhiệm quản lý và phát triển một cách hiệu quả nguồn lực của công ty;\n    -       Xây dựng các mối quan hệ nội bộ công ty;\n    -       Lập, xây dựng kế hoạch, chương trình tuyển dụng, đào tạo, phát triển nguồn nhân lực định kỳ năm, quý, tháng;\n    -       Thực hiện các cuộc thăm dò định kỳ về mức lương; lập kế hoạch và đánh giá công việc;\n    -       Xây dựng quy chế lương thưởng, các biện pháp khuyến khích – kích thích người lao động làm việc, phối hợp với các trưởng phòng trong việc đào tạo và kỷ luật nhân viên;\n    -       Đảm bảo tuân thủ pháp luật bằng cách theo dõi và thực thi quy định của nhà nước về chính sách nhân sự.\n+ Quản trị văn phòng:\n    -       Thiết kế và thực thi các chính sách trong văn phòng bằng cách thiết lập các tiêu chuẩn và thủ tục;\n    -       Đánh giá kết quả so với tiêu chuẩn; thực hiện những điều chỉnh cần thiết;\n    -       Theo dõi và kiểm soát nhân viên thực hiện nội qui và kỷ luật lao động;\n    -       Xây dựng kế hoạch và tổ chức, giám sát việc thực hiện về an tinh trật tư, an toàn lao động, vệ sinh lao động và phòng chống cháy nổ;\n    -       Chỉ đạo và chịu trách nhiệm mọi hoạt động đối với toàn bộ chức năng và nhiệm vụ của phòng Hành Chánh Nhân Sự.',3),(129,65,16,5,1,'Công ty TNHH DV-TM Tân Cường Minh','PG','2009-04-01','2009-05-01',NULL,'-       PG cho chương trình event của hãng Abbort Hoa Kỳ tại các trường mầm non trên địa bàn Thành phố Hồ Chí Minh;\n    -       Tham gia tổ chức, sắp xếp, bài trí vật dụng và công cụ của chương trình;\n    -       Tư vấn chỉ số chiều cao, cân nặng phù hợp với từng độ tuổi của các bé;\n    -       Giới thiệu, và bán sản phẩm;\n    -       Phát quà cho các bé.',0),(130,65,11,5,1,'Công ty TNHH Tài chính Prudential','Trợ lý kinh doanh','2009-08-01','2010-12-01',NULL,'-       Tổ chức, giám sát hoạt động kinh doanh của thành viên trong nhóm;\n    -        Lập báo cáo, quản lý nhân viên;\n    -        Tìm kiếm, tư vấn và đại diện công ty ký kết hợp đồng;\n    -         Mở rộng các mối quan hệ, mở rộng thị trường;\n    -        Trực tiếp phát triển mạng lưới khách hàng tiềm năng và chăm sóc phát triển các khách hàng trung thành của công ty;\n    -       Giải đáp các thắc mắc của khách hàng - chăm sóc khách hàng trước và sau bán hàng.  ',1),(131,65,2,5,1,'Công ty Cổ Phần Đào Tạo Tư Duy Việt (VietMinds)','Nhân viên hành chính Nhân sự kiêm Biên tập viên website','2011-01-01','2011-08-01',NULL,'-       Soạn thảo công văn, hợp đồng, biểu mẫu…;\n    -       Trực điện thoại và xử lý thông tin, giải đáp và tư vấn các thắc mắc của khách hàng;\n    -       Phụ trách lập và triển khai kế hoạch tuyển dụng, đào tạo nhân viên theo yêu cầu và báo cáo lên Quản lý;\n    -       Chuẩn bị công tác hậu cần, tiếp khách đến liên hệ;\n    -       Lên kế hoạch và thực hiện công việc Quản lý đưa xuống;\n    -       Viết bài PR giới thiệu các khóa học;\n    -       Xử lý tin, bài sau hội thảo và các chương trình của công ty;\n    -       Chịu trách nhiệm về nội dung các bài viết trên website.\n\nCông ty Cổ Phần Đào Tạo Tư Duy Việt (VietMinds): Từ T3 –T8/2011\n  + Chức vụ: Quản lý Nhân sự kiêm Phó Phòng Đào Tạo\n  + Nhiệm vụ:\n\n    -       Trực tiếp quản lý công tác tuyển dụng nhân sự của Công ty;\n    -       Nhận hồ sơ, phân loại và xử lý theo đúng quy trình;\n    -       Tập hợp và Báo cáo lên Giám Đốc theo định kỳ;\n    -       Trực tiếp tuyển dụng và phỏng vấn ứng viên;\n    -       Hỗ trợ, kiểm tra, đôn đốc và điều động nhân viên;\n    -       Quản lý công văn, hồ sơ, chứng từ của công ty;\n    -       Tổ chức xây dựng, vận hành hệ thống lương, thưởng, đãi ngộ cho nhân viên',2),(132,65,2,5,1,'Công ty TNHH Phần Mềm Phượng Hoàng','Nhân viên Nhân sự','2011-09-01',NULL,NULL,'+ Quản trị nguồn nhân lực:\n\n    -       Hỗ trợ Giám đốc trong việc quản trị nhân sự, quản lý hành chính tại Công ty, có trách nhiệm quản lý và phát triển một cách hiệu quả nguồn lực của công ty;\n    -       Xây dựng các mối quan hệ nội bộ công ty;\n    -       Lập, xây dựng kế hoạch, chương trình tuyển dụng, đào tạo, phát triển nguồn nhân lực định kỳ năm, quý, tháng;\n    -       Thực hiện các cuộc thăm dò định kỳ về mức lương; lập kế hoạch và đánh giá công việc;\n    -       Xây dựng quy chế lương thưởng, các biện pháp khuyến khích – kích thích người lao động làm việc, phối hợp với các trưởng phòng trong việc đào tạo và kỷ luật nhân viên;\n    -       Đảm bảo tuân thủ pháp luật bằng cách theo dõi và thực thi quy định của nhà nước về chính sách nhân sự.\n+ Quản trị văn phòng:\n    -       Thiết kế và thực thi các chính sách trong văn phòng bằng cách thiết lập các tiêu chuẩn và thủ tục;\n    -       Đánh giá kết quả so với tiêu chuẩn; thực hiện những điều chỉnh cần thiết;\n    -       Theo dõi và kiểm soát nhân viên thực hiện nội qui và kỷ luật lao động;\n    -       Xây dựng kế hoạch và tổ chức, giám sát việc thực hiện về an tinh trật tư, an toàn lao động, vệ sinh lao động và phòng chống cháy nổ;\n    -       Chỉ đạo và chịu trách nhiệm mọi hoạt động đối với toàn bộ chức năng và nhiệm vụ của phòng Hành Chánh Nhân Sự.',3),(133,67,16,5,1,'Công ty TNHH DV-TM Tân Cường Minh','PG','2009-04-01','2009-05-01',NULL,'-       PG cho chương trình event của hãng Abbort Hoa Kỳ tại các trường mầm non trên địa bàn Thành phố Hồ Chí Minh;\n    -       Tham gia tổ chức, sắp xếp, bài trí vật dụng và công cụ của chương trình;\n    -       Tư vấn chỉ số chiều cao, cân nặng phù hợp với từng độ tuổi của các bé;\n    -       Giới thiệu, và bán sản phẩm;\n    -       Phát quà cho các bé.',0),(134,67,11,5,1,'Công ty TNHH Tài chính Prudential','Trợ lý kinh doanh','2009-08-01','2010-12-01',NULL,'-       Tổ chức, giám sát hoạt động kinh doanh của thành viên trong nhóm;\n    -        Lập báo cáo, quản lý nhân viên;\n    -        Tìm kiếm, tư vấn và đại diện công ty ký kết hợp đồng;\n    -         Mở rộng các mối quan hệ, mở rộng thị trường;\n    -        Trực tiếp phát triển mạng lưới khách hàng tiềm năng và chăm sóc phát triển các khách hàng trung thành của công ty;\n    -       Giải đáp các thắc mắc của khách hàng - chăm sóc khách hàng trước và sau bán hàng.  ',1),(135,67,2,5,1,'Công ty Cổ Phần Đào Tạo Tư Duy Việt (VietMinds)','Nhân viên hành chính Nhân sự kiêm Biên tập viên website','2011-01-01','2011-08-01',NULL,'-       Soạn thảo công văn, hợp đồng, biểu mẫu…;\n    -       Trực điện thoại và xử lý thông tin, giải đáp và tư vấn các thắc mắc của khách hàng;\n    -       Phụ trách lập và triển khai kế hoạch tuyển dụng, đào tạo nhân viên theo yêu cầu và báo cáo lên Quản lý;\n    -       Chuẩn bị công tác hậu cần, tiếp khách đến liên hệ;\n    -       Lên kế hoạch và thực hiện công việc Quản lý đưa xuống;\n    -       Viết bài PR giới thiệu các khóa học;\n    -       Xử lý tin, bài sau hội thảo và các chương trình của công ty;\n    -       Chịu trách nhiệm về nội dung các bài viết trên website.\n\nCông ty Cổ Phần Đào Tạo Tư Duy Việt (VietMinds): Từ T3 –T8/2011\n  + Chức vụ: Quản lý Nhân sự kiêm Phó Phòng Đào Tạo\n  + Nhiệm vụ:\n\n    -       Trực tiếp quản lý công tác tuyển dụng nhân sự của Công ty;\n    -       Nhận hồ sơ, phân loại và xử lý theo đúng quy trình;\n    -       Tập hợp và Báo cáo lên Giám Đốc theo định kỳ;\n    -       Trực tiếp tuyển dụng và phỏng vấn ứng viên;\n    -       Hỗ trợ, kiểm tra, đôn đốc và điều động nhân viên;\n    -       Quản lý công văn, hồ sơ, chứng từ của công ty;\n    -       Tổ chức xây dựng, vận hành hệ thống lương, thưởng, đãi ngộ cho nhân viên',2),(136,67,2,5,1,'Công ty TNHH Phần Mềm Phượng Hoàng','Nhân viên Nhân sự','2011-09-01',NULL,NULL,'+ Quản trị nguồn nhân lực:\n\n    -       Hỗ trợ Giám đốc trong việc quản trị nhân sự, quản lý hành chính tại Công ty, có trách nhiệm quản lý và phát triển một cách hiệu quả nguồn lực của công ty;\n    -       Xây dựng các mối quan hệ nội bộ công ty;\n    -       Lập, xây dựng kế hoạch, chương trình tuyển dụng, đào tạo, phát triển nguồn nhân lực định kỳ năm, quý, tháng;\n    -       Thực hiện các cuộc thăm dò định kỳ về mức lương; lập kế hoạch và đánh giá công việc;\n    -       Xây dựng quy chế lương thưởng, các biện pháp khuyến khích – kích thích người lao động làm việc, phối hợp với các trưởng phòng trong việc đào tạo và kỷ luật nhân viên;\n    -       Đảm bảo tuân thủ pháp luật bằng cách theo dõi và thực thi quy định của nhà nước về chính sách nhân sự.\n+ Quản trị văn phòng:\n    -       Thiết kế và thực thi các chính sách trong văn phòng bằng cách thiết lập các tiêu chuẩn và thủ tục;\n    -       Đánh giá kết quả so với tiêu chuẩn; thực hiện những điều chỉnh cần thiết;\n    -       Theo dõi và kiểm soát nhân viên thực hiện nội qui và kỷ luật lao động;\n    -       Xây dựng kế hoạch và tổ chức, giám sát việc thực hiện về an tinh trật tư, an toàn lao động, vệ sinh lao động và phòng chống cháy nổ;\n    -       Chỉ đạo và chịu trách nhiệm mọi hoạt động đối với toàn bộ chức năng và nhiệm vụ của phòng Hành Chánh Nhân Sự.',3),(137,69,16,5,1,'Công ty TNHH DV-TM Tân Cường Minh','PG','2009-04-01','2009-05-01',NULL,'-       PG cho chương trình event của hãng Abbort Hoa Kỳ tại các trường mầm non trên địa bàn Thành phố Hồ Chí Minh;\n    -       Tham gia tổ chức, sắp xếp, bài trí vật dụng và công cụ của chương trình;\n    -       Tư vấn chỉ số chiều cao, cân nặng phù hợp với từng độ tuổi của các bé;\n    -       Giới thiệu, và bán sản phẩm;\n    -       Phát quà cho các bé.',0),(138,69,11,5,1,'Công ty TNHH Tài chính Prudential','Trợ lý kinh doanh','2009-08-01','2010-12-01',NULL,'-       Tổ chức, giám sát hoạt động kinh doanh của thành viên trong nhóm;\n    -        Lập báo cáo, quản lý nhân viên;\n    -        Tìm kiếm, tư vấn và đại diện công ty ký kết hợp đồng;\n    -         Mở rộng các mối quan hệ, mở rộng thị trường;\n    -        Trực tiếp phát triển mạng lưới khách hàng tiềm năng và chăm sóc phát triển các khách hàng trung thành của công ty;\n    -       Giải đáp các thắc mắc của khách hàng - chăm sóc khách hàng trước và sau bán hàng.  ',1),(139,69,2,5,1,'Công ty Cổ Phần Đào Tạo Tư Duy Việt (VietMinds)','Nhân viên hành chính Nhân sự kiêm Biên tập viên website','2011-01-01','2011-08-01',NULL,'-       Soạn thảo công văn, hợp đồng, biểu mẫu…;\n    -       Trực điện thoại và xử lý thông tin, giải đáp và tư vấn các thắc mắc của khách hàng;\n    -       Phụ trách lập và triển khai kế hoạch tuyển dụng, đào tạo nhân viên theo yêu cầu và báo cáo lên Quản lý;\n    -       Chuẩn bị công tác hậu cần, tiếp khách đến liên hệ;\n    -       Lên kế hoạch và thực hiện công việc Quản lý đưa xuống;\n    -       Viết bài PR giới thiệu các khóa học;\n    -       Xử lý tin, bài sau hội thảo và các chương trình của công ty;\n    -       Chịu trách nhiệm về nội dung các bài viết trên website.\n\nCông ty Cổ Phần Đào Tạo Tư Duy Việt (VietMinds): Từ T3 –T8/2011\n  + Chức vụ: Quản lý Nhân sự kiêm Phó Phòng Đào Tạo\n  + Nhiệm vụ:\n\n    -       Trực tiếp quản lý công tác tuyển dụng nhân sự của Công ty;\n    -       Nhận hồ sơ, phân loại và xử lý theo đúng quy trình;\n    -       Tập hợp và Báo cáo lên Giám Đốc theo định kỳ;\n    -       Trực tiếp tuyển dụng và phỏng vấn ứng viên;\n    -       Hỗ trợ, kiểm tra, đôn đốc và điều động nhân viên;\n    -       Quản lý công văn, hồ sơ, chứng từ của công ty;\n    -       Tổ chức xây dựng, vận hành hệ thống lương, thưởng, đãi ngộ cho nhân viên',2),(140,69,2,5,1,'Công ty TNHH Phần Mềm Phượng Hoàng','Nhân viên Nhân sự','2011-09-01',NULL,NULL,'+ Quản trị nguồn nhân lực:\n\n    -       Hỗ trợ Giám đốc trong việc quản trị nhân sự, quản lý hành chính tại Công ty, có trách nhiệm quản lý và phát triển một cách hiệu quả nguồn lực của công ty;\n    -       Xây dựng các mối quan hệ nội bộ công ty;\n    -       Lập, xây dựng kế hoạch, chương trình tuyển dụng, đào tạo, phát triển nguồn nhân lực định kỳ năm, quý, tháng;\n    -       Thực hiện các cuộc thăm dò định kỳ về mức lương; lập kế hoạch và đánh giá công việc;\n    -       Xây dựng quy chế lương thưởng, các biện pháp khuyến khích – kích thích người lao động làm việc, phối hợp với các trưởng phòng trong việc đào tạo và kỷ luật nhân viên;\n    -       Đảm bảo tuân thủ pháp luật bằng cách theo dõi và thực thi quy định của nhà nước về chính sách nhân sự.\n+ Quản trị văn phòng:\n    -       Thiết kế và thực thi các chính sách trong văn phòng bằng cách thiết lập các tiêu chuẩn và thủ tục;\n    -       Đánh giá kết quả so với tiêu chuẩn; thực hiện những điều chỉnh cần thiết;\n    -       Theo dõi và kiểm soát nhân viên thực hiện nội qui và kỷ luật lao động;\n    -       Xây dựng kế hoạch và tổ chức, giám sát việc thực hiện về an tinh trật tư, an toàn lao động, vệ sinh lao động và phòng chống cháy nổ;\n    -       Chỉ đạo và chịu trách nhiệm mọi hoạt động đối với toàn bộ chức năng và nhiệm vụ của phòng Hành Chánh Nhân Sự.',3),(141,71,16,5,1,'Công ty TNHH DV-TM Tân Cường Minh','PG','2009-04-01','2009-05-01',NULL,'-       PG cho chương trình event của hãng Abbort Hoa Kỳ tại các trường mầm non trên địa bàn Thành phố Hồ Chí Minh;\n    -       Tham gia tổ chức, sắp xếp, bài trí vật dụng và công cụ của chương trình;\n    -       Tư vấn chỉ số chiều cao, cân nặng phù hợp với từng độ tuổi của các bé;\n    -       Giới thiệu, và bán sản phẩm;\n    -       Phát quà cho các bé.',0),(142,71,11,5,1,'Công ty TNHH Tài chính Prudential','Trợ lý kinh doanh','2009-08-01','2010-12-01',NULL,'-       Tổ chức, giám sát hoạt động kinh doanh của thành viên trong nhóm;\n    -        Lập báo cáo, quản lý nhân viên;\n    -        Tìm kiếm, tư vấn và đại diện công ty ký kết hợp đồng;\n    -         Mở rộng các mối quan hệ, mở rộng thị trường;\n    -        Trực tiếp phát triển mạng lưới khách hàng tiềm năng và chăm sóc phát triển các khách hàng trung thành của công ty;\n    -       Giải đáp các thắc mắc của khách hàng - chăm sóc khách hàng trước và sau bán hàng.  ',1),(143,71,2,5,1,'Công ty Cổ Phần Đào Tạo Tư Duy Việt (VietMinds)','Nhân viên hành chính Nhân sự kiêm Biên tập viên website','2011-01-01','2011-08-01',NULL,'-       Soạn thảo công văn, hợp đồng, biểu mẫu…;\n    -       Trực điện thoại và xử lý thông tin, giải đáp và tư vấn các thắc mắc của khách hàng;\n    -       Phụ trách lập và triển khai kế hoạch tuyển dụng, đào tạo nhân viên theo yêu cầu và báo cáo lên Quản lý;\n    -       Chuẩn bị công tác hậu cần, tiếp khách đến liên hệ;\n    -       Lên kế hoạch và thực hiện công việc Quản lý đưa xuống;\n    -       Viết bài PR giới thiệu các khóa học;\n    -       Xử lý tin, bài sau hội thảo và các chương trình của công ty;\n    -       Chịu trách nhiệm về nội dung các bài viết trên website.\n\nCông ty Cổ Phần Đào Tạo Tư Duy Việt (VietMinds): Từ T3 –T8/2011\n  + Chức vụ: Quản lý Nhân sự kiêm Phó Phòng Đào Tạo\n  + Nhiệm vụ:\n\n    -       Trực tiếp quản lý công tác tuyển dụng nhân sự của Công ty;\n    -       Nhận hồ sơ, phân loại và xử lý theo đúng quy trình;\n    -       Tập hợp và Báo cáo lên Giám Đốc theo định kỳ;\n    -       Trực tiếp tuyển dụng và phỏng vấn ứng viên;\n    -       Hỗ trợ, kiểm tra, đôn đốc và điều động nhân viên;\n    -       Quản lý công văn, hồ sơ, chứng từ của công ty;\n    -       Tổ chức xây dựng, vận hành hệ thống lương, thưởng, đãi ngộ cho nhân viên',2),(144,71,2,5,1,'Công ty TNHH Phần Mềm Phượng Hoàng','Nhân viên Nhân sự','2011-09-01',NULL,NULL,'+ Quản trị nguồn nhân lực:\n\n    -       Hỗ trợ Giám đốc trong việc quản trị nhân sự, quản lý hành chính tại Công ty, có trách nhiệm quản lý và phát triển một cách hiệu quả nguồn lực của công ty;\n    -       Xây dựng các mối quan hệ nội bộ công ty;\n    -       Lập, xây dựng kế hoạch, chương trình tuyển dụng, đào tạo, phát triển nguồn nhân lực định kỳ năm, quý, tháng;\n    -       Thực hiện các cuộc thăm dò định kỳ về mức lương; lập kế hoạch và đánh giá công việc;\n    -       Xây dựng quy chế lương thưởng, các biện pháp khuyến khích – kích thích người lao động làm việc, phối hợp với các trưởng phòng trong việc đào tạo và kỷ luật nhân viên;\n    -       Đảm bảo tuân thủ pháp luật bằng cách theo dõi và thực thi quy định của nhà nước về chính sách nhân sự.\n+ Quản trị văn phòng:\n    -       Thiết kế và thực thi các chính sách trong văn phòng bằng cách thiết lập các tiêu chuẩn và thủ tục;\n    -       Đánh giá kết quả so với tiêu chuẩn; thực hiện những điều chỉnh cần thiết;\n    -       Theo dõi và kiểm soát nhân viên thực hiện nội qui và kỷ luật lao động;\n    -       Xây dựng kế hoạch và tổ chức, giám sát việc thực hiện về an tinh trật tư, an toàn lao động, vệ sinh lao động và phòng chống cháy nổ;\n    -       Chỉ đạo và chịu trách nhiệm mọi hoạt động đối với toàn bộ chức năng và nhiệm vụ của phòng Hành Chánh Nhân Sự.',3),(145,73,16,5,1,'Công ty TNHH DV-TM Tân Cường Minh','PG','2009-04-01','2009-05-01',NULL,'-       PG cho chương trình event của hãng Abbort Hoa Kỳ tại các trường mầm non trên địa bàn Thành phố Hồ Chí Minh;\n    -       Tham gia tổ chức, sắp xếp, bài trí vật dụng và công cụ của chương trình;\n    -       Tư vấn chỉ số chiều cao, cân nặng phù hợp với từng độ tuổi của các bé;\n    -       Giới thiệu, và bán sản phẩm;\n    -       Phát quà cho các bé.',0),(146,73,11,5,1,'Công ty TNHH Tài chính Prudential','Trợ lý kinh doanh','2009-08-01','2010-12-01',NULL,'-       Tổ chức, giám sát hoạt động kinh doanh của thành viên trong nhóm;\n    -        Lập báo cáo, quản lý nhân viên;\n    -        Tìm kiếm, tư vấn và đại diện công ty ký kết hợp đồng;\n    -         Mở rộng các mối quan hệ, mở rộng thị trường;\n    -        Trực tiếp phát triển mạng lưới khách hàng tiềm năng và chăm sóc phát triển các khách hàng trung thành của công ty;\n    -       Giải đáp các thắc mắc của khách hàng - chăm sóc khách hàng trước và sau bán hàng.  ',1),(147,73,2,5,1,'Công ty Cổ Phần Đào Tạo Tư Duy Việt (VietMinds)','Nhân viên hành chính Nhân sự kiêm Biên tập viên website','2011-01-01','2011-08-01',NULL,'-       Soạn thảo công văn, hợp đồng, biểu mẫu…;\n    -       Trực điện thoại và xử lý thông tin, giải đáp và tư vấn các thắc mắc của khách hàng;\n    -       Phụ trách lập và triển khai kế hoạch tuyển dụng, đào tạo nhân viên theo yêu cầu và báo cáo lên Quản lý;\n    -       Chuẩn bị công tác hậu cần, tiếp khách đến liên hệ;\n    -       Lên kế hoạch và thực hiện công việc Quản lý đưa xuống;\n    -       Viết bài PR giới thiệu các khóa học;\n    -       Xử lý tin, bài sau hội thảo và các chương trình của công ty;\n    -       Chịu trách nhiệm về nội dung các bài viết trên website.\n\nCông ty Cổ Phần Đào Tạo Tư Duy Việt (VietMinds): Từ T3 –T8/2011\n  + Chức vụ: Quản lý Nhân sự kiêm Phó Phòng Đào Tạo\n  + Nhiệm vụ:\n\n    -       Trực tiếp quản lý công tác tuyển dụng nhân sự của Công ty;\n    -       Nhận hồ sơ, phân loại và xử lý theo đúng quy trình;\n    -       Tập hợp và Báo cáo lên Giám Đốc theo định kỳ;\n    -       Trực tiếp tuyển dụng và phỏng vấn ứng viên;\n    -       Hỗ trợ, kiểm tra, đôn đốc và điều động nhân viên;\n    -       Quản lý công văn, hồ sơ, chứng từ của công ty;\n    -       Tổ chức xây dựng, vận hành hệ thống lương, thưởng, đãi ngộ cho nhân viên',2),(148,73,2,5,1,'Công ty TNHH Phần Mềm Phượng Hoàng','Nhân viên Nhân sự','2011-09-01',NULL,NULL,'+ Quản trị nguồn nhân lực:\n\n    -       Hỗ trợ Giám đốc trong việc quản trị nhân sự, quản lý hành chính tại Công ty, có trách nhiệm quản lý và phát triển một cách hiệu quả nguồn lực của công ty;\n    -       Xây dựng các mối quan hệ nội bộ công ty;\n    -       Lập, xây dựng kế hoạch, chương trình tuyển dụng, đào tạo, phát triển nguồn nhân lực định kỳ năm, quý, tháng;\n    -       Thực hiện các cuộc thăm dò định kỳ về mức lương; lập kế hoạch và đánh giá công việc;\n    -       Xây dựng quy chế lương thưởng, các biện pháp khuyến khích – kích thích người lao động làm việc, phối hợp với các trưởng phòng trong việc đào tạo và kỷ luật nhân viên;\n    -       Đảm bảo tuân thủ pháp luật bằng cách theo dõi và thực thi quy định của nhà nước về chính sách nhân sự.\n+ Quản trị văn phòng:\n    -       Thiết kế và thực thi các chính sách trong văn phòng bằng cách thiết lập các tiêu chuẩn và thủ tục;\n    -       Đánh giá kết quả so với tiêu chuẩn; thực hiện những điều chỉnh cần thiết;\n    -       Theo dõi và kiểm soát nhân viên thực hiện nội qui và kỷ luật lao động;\n    -       Xây dựng kế hoạch và tổ chức, giám sát việc thực hiện về an tinh trật tư, an toàn lao động, vệ sinh lao động và phòng chống cháy nổ;\n    -       Chỉ đạo và chịu trách nhiệm mọi hoạt động đối với toàn bộ chức năng và nhiệm vụ của phòng Hành Chánh Nhân Sự.',3),(149,75,16,5,1,'Công ty TNHH DV-TM Tân Cường Minh','PG','2009-04-01','2009-05-01',NULL,'-       PG cho chương trình event của hãng Abbort Hoa Kỳ tại các trường mầm non trên địa bàn Thành phố Hồ Chí Minh;\n    -       Tham gia tổ chức, sắp xếp, bài trí vật dụng và công cụ của chương trình;\n    -       Tư vấn chỉ số chiều cao, cân nặng phù hợp với từng độ tuổi của các bé;\n    -       Giới thiệu, và bán sản phẩm;\n    -       Phát quà cho các bé.',0),(150,75,11,5,1,'Công ty TNHH Tài chính Prudential','Trợ lý kinh doanh','2009-08-01','2010-12-01',NULL,'-       Tổ chức, giám sát hoạt động kinh doanh của thành viên trong nhóm;\n    -        Lập báo cáo, quản lý nhân viên;\n    -        Tìm kiếm, tư vấn và đại diện công ty ký kết hợp đồng;\n    -         Mở rộng các mối quan hệ, mở rộng thị trường;\n    -        Trực tiếp phát triển mạng lưới khách hàng tiềm năng và chăm sóc phát triển các khách hàng trung thành của công ty;\n    -       Giải đáp các thắc mắc của khách hàng - chăm sóc khách hàng trước và sau bán hàng.  ',1),(151,75,2,5,1,'Công ty Cổ Phần Đào Tạo Tư Duy Việt (VietMinds)','Nhân viên hành chính Nhân sự kiêm Biên tập viên website','2011-01-01','2011-08-01',NULL,'-       Soạn thảo công văn, hợp đồng, biểu mẫu…;\n    -       Trực điện thoại và xử lý thông tin, giải đáp và tư vấn các thắc mắc của khách hàng;\n    -       Phụ trách lập và triển khai kế hoạch tuyển dụng, đào tạo nhân viên theo yêu cầu và báo cáo lên Quản lý;\n    -       Chuẩn bị công tác hậu cần, tiếp khách đến liên hệ;\n    -       Lên kế hoạch và thực hiện công việc Quản lý đưa xuống;\n    -       Viết bài PR giới thiệu các khóa học;\n    -       Xử lý tin, bài sau hội thảo và các chương trình của công ty;\n    -       Chịu trách nhiệm về nội dung các bài viết trên website.\n\nCông ty Cổ Phần Đào Tạo Tư Duy Việt (VietMinds): Từ T3 –T8/2011\n  + Chức vụ: Quản lý Nhân sự kiêm Phó Phòng Đào Tạo\n  + Nhiệm vụ:\n\n    -       Trực tiếp quản lý công tác tuyển dụng nhân sự của Công ty;\n    -       Nhận hồ sơ, phân loại và xử lý theo đúng quy trình;\n    -       Tập hợp và Báo cáo lên Giám Đốc theo định kỳ;\n    -       Trực tiếp tuyển dụng và phỏng vấn ứng viên;\n    -       Hỗ trợ, kiểm tra, đôn đốc và điều động nhân viên;\n    -       Quản lý công văn, hồ sơ, chứng từ của công ty;\n    -       Tổ chức xây dựng, vận hành hệ thống lương, thưởng, đãi ngộ cho nhân viên',2),(152,75,2,5,1,'Công ty TNHH Phần Mềm Phượng Hoàng','Nhân viên Nhân sự','2011-09-01',NULL,NULL,'+ Quản trị nguồn nhân lực:\n\n    -       Hỗ trợ Giám đốc trong việc quản trị nhân sự, quản lý hành chính tại Công ty, có trách nhiệm quản lý và phát triển một cách hiệu quả nguồn lực của công ty;\n    -       Xây dựng các mối quan hệ nội bộ công ty;\n    -       Lập, xây dựng kế hoạch, chương trình tuyển dụng, đào tạo, phát triển nguồn nhân lực định kỳ năm, quý, tháng;\n    -       Thực hiện các cuộc thăm dò định kỳ về mức lương; lập kế hoạch và đánh giá công việc;\n    -       Xây dựng quy chế lương thưởng, các biện pháp khuyến khích – kích thích người lao động làm việc, phối hợp với các trưởng phòng trong việc đào tạo và kỷ luật nhân viên;\n    -       Đảm bảo tuân thủ pháp luật bằng cách theo dõi và thực thi quy định của nhà nước về chính sách nhân sự.\n+ Quản trị văn phòng:\n    -       Thiết kế và thực thi các chính sách trong văn phòng bằng cách thiết lập các tiêu chuẩn và thủ tục;\n    -       Đánh giá kết quả so với tiêu chuẩn; thực hiện những điều chỉnh cần thiết;\n    -       Theo dõi và kiểm soát nhân viên thực hiện nội qui và kỷ luật lao động;\n    -       Xây dựng kế hoạch và tổ chức, giám sát việc thực hiện về an tinh trật tư, an toàn lao động, vệ sinh lao động và phòng chống cháy nổ;\n    -       Chỉ đạo và chịu trách nhiệm mọi hoạt động đối với toàn bộ chức năng và nhiệm vụ của phòng Hành Chánh Nhân Sự.',3),(153,77,16,5,1,'Công ty TNHH DV-TM Tân Cường Minh','PG','2009-04-01','2009-05-01',NULL,'-       PG cho chương trình event của hãng Abbort Hoa Kỳ tại các trường mầm non trên địa bàn Thành phố Hồ Chí Minh;\n    -       Tham gia tổ chức, sắp xếp, bài trí vật dụng và công cụ của chương trình;\n    -       Tư vấn chỉ số chiều cao, cân nặng phù hợp với từng độ tuổi của các bé;\n    -       Giới thiệu, và bán sản phẩm;\n    -       Phát quà cho các bé.',0),(154,77,11,5,1,'Công ty TNHH Tài chính Prudential','Trợ lý kinh doanh','2009-08-01','2010-12-01',NULL,'-       Tổ chức, giám sát hoạt động kinh doanh của thành viên trong nhóm;\n    -        Lập báo cáo, quản lý nhân viên;\n    -        Tìm kiếm, tư vấn và đại diện công ty ký kết hợp đồng;\n    -         Mở rộng các mối quan hệ, mở rộng thị trường;\n    -        Trực tiếp phát triển mạng lưới khách hàng tiềm năng và chăm sóc phát triển các khách hàng trung thành của công ty;\n    -       Giải đáp các thắc mắc của khách hàng - chăm sóc khách hàng trước và sau bán hàng.  ',1),(155,77,2,5,1,'Công ty Cổ Phần Đào Tạo Tư Duy Việt (VietMinds)','Nhân viên hành chính Nhân sự kiêm Biên tập viên website','2011-01-01','2011-08-01',NULL,'-       Soạn thảo công văn, hợp đồng, biểu mẫu…;\n    -       Trực điện thoại và xử lý thông tin, giải đáp và tư vấn các thắc mắc của khách hàng;\n    -       Phụ trách lập và triển khai kế hoạch tuyển dụng, đào tạo nhân viên theo yêu cầu và báo cáo lên Quản lý;\n    -       Chuẩn bị công tác hậu cần, tiếp khách đến liên hệ;\n    -       Lên kế hoạch và thực hiện công việc Quản lý đưa xuống;\n    -       Viết bài PR giới thiệu các khóa học;\n    -       Xử lý tin, bài sau hội thảo và các chương trình của công ty;\n    -       Chịu trách nhiệm về nội dung các bài viết trên website.\n\nCông ty Cổ Phần Đào Tạo Tư Duy Việt (VietMinds): Từ T3 –T8/2011\n  + Chức vụ: Quản lý Nhân sự kiêm Phó Phòng Đào Tạo\n  + Nhiệm vụ:\n\n    -       Trực tiếp quản lý công tác tuyển dụng nhân sự của Công ty;\n    -       Nhận hồ sơ, phân loại và xử lý theo đúng quy trình;\n    -       Tập hợp và Báo cáo lên Giám Đốc theo định kỳ;\n    -       Trực tiếp tuyển dụng và phỏng vấn ứng viên;\n    -       Hỗ trợ, kiểm tra, đôn đốc và điều động nhân viên;\n    -       Quản lý công văn, hồ sơ, chứng từ của công ty;\n    -       Tổ chức xây dựng, vận hành hệ thống lương, thưởng, đãi ngộ cho nhân viên',2),(156,77,2,5,1,'Công ty TNHH Phần Mềm Phượng Hoàng','Nhân viên Nhân sự','2011-09-01',NULL,NULL,'+ Quản trị nguồn nhân lực:\n\n    -       Hỗ trợ Giám đốc trong việc quản trị nhân sự, quản lý hành chính tại Công ty, có trách nhiệm quản lý và phát triển một cách hiệu quả nguồn lực của công ty;\n    -       Xây dựng các mối quan hệ nội bộ công ty;\n    -       Lập, xây dựng kế hoạch, chương trình tuyển dụng, đào tạo, phát triển nguồn nhân lực định kỳ năm, quý, tháng;\n    -       Thực hiện các cuộc thăm dò định kỳ về mức lương; lập kế hoạch và đánh giá công việc;\n    -       Xây dựng quy chế lương thưởng, các biện pháp khuyến khích – kích thích người lao động làm việc, phối hợp với các trưởng phòng trong việc đào tạo và kỷ luật nhân viên;\n    -       Đảm bảo tuân thủ pháp luật bằng cách theo dõi và thực thi quy định của nhà nước về chính sách nhân sự.\n+ Quản trị văn phòng:\n    -       Thiết kế và thực thi các chính sách trong văn phòng bằng cách thiết lập các tiêu chuẩn và thủ tục;\n    -       Đánh giá kết quả so với tiêu chuẩn; thực hiện những điều chỉnh cần thiết;\n    -       Theo dõi và kiểm soát nhân viên thực hiện nội qui và kỷ luật lao động;\n    -       Xây dựng kế hoạch và tổ chức, giám sát việc thực hiện về an tinh trật tư, an toàn lao động, vệ sinh lao động và phòng chống cháy nổ;\n    -       Chỉ đạo và chịu trách nhiệm mọi hoạt động đối với toàn bộ chức năng và nhiệm vụ của phòng Hành Chánh Nhân Sự.',3),(157,79,16,5,1,'Công ty TNHH DV-TM Tân Cường Minh','PG','2009-04-01','2009-05-01',NULL,'-       PG cho chương trình event của hãng Abbort Hoa Kỳ tại các trường mầm non trên địa bàn Thành phố Hồ Chí Minh;\n    -       Tham gia tổ chức, sắp xếp, bài trí vật dụng và công cụ của chương trình;\n    -       Tư vấn chỉ số chiều cao, cân nặng phù hợp với từng độ tuổi của các bé;\n    -       Giới thiệu, và bán sản phẩm;\n    -       Phát quà cho các bé.',0),(158,79,11,5,1,'Công ty TNHH Tài chính Prudential','Trợ lý kinh doanh','2009-08-01','2010-12-01',NULL,'-       Tổ chức, giám sát hoạt động kinh doanh của thành viên trong nhóm;\n    -        Lập báo cáo, quản lý nhân viên;\n    -        Tìm kiếm, tư vấn và đại diện công ty ký kết hợp đồng;\n    -         Mở rộng các mối quan hệ, mở rộng thị trường;\n    -        Trực tiếp phát triển mạng lưới khách hàng tiềm năng và chăm sóc phát triển các khách hàng trung thành của công ty;\n    -       Giải đáp các thắc mắc của khách hàng - chăm sóc khách hàng trước và sau bán hàng.  ',1),(159,79,2,5,1,'Công ty Cổ Phần Đào Tạo Tư Duy Việt (VietMinds)','Nhân viên hành chính Nhân sự kiêm Biên tập viên website','2011-01-01','2011-08-01',NULL,'-       Soạn thảo công văn, hợp đồng, biểu mẫu…;\n    -       Trực điện thoại và xử lý thông tin, giải đáp và tư vấn các thắc mắc của khách hàng;\n    -       Phụ trách lập và triển khai kế hoạch tuyển dụng, đào tạo nhân viên theo yêu cầu và báo cáo lên Quản lý;\n    -       Chuẩn bị công tác hậu cần, tiếp khách đến liên hệ;\n    -       Lên kế hoạch và thực hiện công việc Quản lý đưa xuống;\n    -       Viết bài PR giới thiệu các khóa học;\n    -       Xử lý tin, bài sau hội thảo và các chương trình của công ty;\n    -       Chịu trách nhiệm về nội dung các bài viết trên website.\n\nCông ty Cổ Phần Đào Tạo Tư Duy Việt (VietMinds): Từ T3 –T8/2011\n  + Chức vụ: Quản lý Nhân sự kiêm Phó Phòng Đào Tạo\n  + Nhiệm vụ:\n\n    -       Trực tiếp quản lý công tác tuyển dụng nhân sự của Công ty;\n    -       Nhận hồ sơ, phân loại và xử lý theo đúng quy trình;\n    -       Tập hợp và Báo cáo lên Giám Đốc theo định kỳ;\n    -       Trực tiếp tuyển dụng và phỏng vấn ứng viên;\n    -       Hỗ trợ, kiểm tra, đôn đốc và điều động nhân viên;\n    -       Quản lý công văn, hồ sơ, chứng từ của công ty;\n    -       Tổ chức xây dựng, vận hành hệ thống lương, thưởng, đãi ngộ cho nhân viên',2),(160,79,2,5,1,'Công ty TNHH Phần Mềm Phượng Hoàng','Nhân viên Nhân sự','2011-09-01',NULL,NULL,'+ Quản trị nguồn nhân lực:\n\n    -       Hỗ trợ Giám đốc trong việc quản trị nhân sự, quản lý hành chính tại Công ty, có trách nhiệm quản lý và phát triển một cách hiệu quả nguồn lực của công ty;\n    -       Xây dựng các mối quan hệ nội bộ công ty;\n    -       Lập, xây dựng kế hoạch, chương trình tuyển dụng, đào tạo, phát triển nguồn nhân lực định kỳ năm, quý, tháng;\n    -       Thực hiện các cuộc thăm dò định kỳ về mức lương; lập kế hoạch và đánh giá công việc;\n    -       Xây dựng quy chế lương thưởng, các biện pháp khuyến khích – kích thích người lao động làm việc, phối hợp với các trưởng phòng trong việc đào tạo và kỷ luật nhân viên;\n    -       Đảm bảo tuân thủ pháp luật bằng cách theo dõi và thực thi quy định của nhà nước về chính sách nhân sự.\n+ Quản trị văn phòng:\n    -       Thiết kế và thực thi các chính sách trong văn phòng bằng cách thiết lập các tiêu chuẩn và thủ tục;\n    -       Đánh giá kết quả so với tiêu chuẩn; thực hiện những điều chỉnh cần thiết;\n    -       Theo dõi và kiểm soát nhân viên thực hiện nội qui và kỷ luật lao động;\n    -       Xây dựng kế hoạch và tổ chức, giám sát việc thực hiện về an tinh trật tư, an toàn lao động, vệ sinh lao động và phòng chống cháy nổ;\n    -       Chỉ đạo và chịu trách nhiệm mọi hoạt động đối với toàn bộ chức năng và nhiệm vụ của phòng Hành Chánh Nhân Sự.',3),(161,81,16,5,1,'Công ty TNHH DV-TM Tân Cường Minh','PG','2009-04-01','2009-05-01',NULL,'-       PG cho chương trình event của hãng Abbort Hoa Kỳ tại các trường mầm non trên địa bàn Thành phố Hồ Chí Minh;\n    -       Tham gia tổ chức, sắp xếp, bài trí vật dụng và công cụ của chương trình;\n    -       Tư vấn chỉ số chiều cao, cân nặng phù hợp với từng độ tuổi của các bé;\n    -       Giới thiệu, và bán sản phẩm;\n    -       Phát quà cho các bé.',0),(162,81,11,5,1,'Công ty TNHH Tài chính Prudential','Trợ lý kinh doanh','2009-08-01','2010-12-01',NULL,'-       Tổ chức, giám sát hoạt động kinh doanh của thành viên trong nhóm;\n    -        Lập báo cáo, quản lý nhân viên;\n    -        Tìm kiếm, tư vấn và đại diện công ty ký kết hợp đồng;\n    -         Mở rộng các mối quan hệ, mở rộng thị trường;\n    -        Trực tiếp phát triển mạng lưới khách hàng tiềm năng và chăm sóc phát triển các khách hàng trung thành của công ty;\n    -       Giải đáp các thắc mắc của khách hàng - chăm sóc khách hàng trước và sau bán hàng.  ',1),(163,81,2,5,1,'Công ty Cổ Phần Đào Tạo Tư Duy Việt (VietMinds)','Nhân viên hành chính Nhân sự kiêm Biên tập viên website','2011-01-01','2011-08-01',NULL,'-       Soạn thảo công văn, hợp đồng, biểu mẫu…;\n    -       Trực điện thoại và xử lý thông tin, giải đáp và tư vấn các thắc mắc của khách hàng;\n    -       Phụ trách lập và triển khai kế hoạch tuyển dụng, đào tạo nhân viên theo yêu cầu và báo cáo lên Quản lý;\n    -       Chuẩn bị công tác hậu cần, tiếp khách đến liên hệ;\n    -       Lên kế hoạch và thực hiện công việc Quản lý đưa xuống;\n    -       Viết bài PR giới thiệu các khóa học;\n    -       Xử lý tin, bài sau hội thảo và các chương trình của công ty;\n    -       Chịu trách nhiệm về nội dung các bài viết trên website.\n\nCông ty Cổ Phần Đào Tạo Tư Duy Việt (VietMinds): Từ T3 –T8/2011\n  + Chức vụ: Quản lý Nhân sự kiêm Phó Phòng Đào Tạo\n  + Nhiệm vụ:\n\n    -       Trực tiếp quản lý công tác tuyển dụng nhân sự của Công ty;\n    -       Nhận hồ sơ, phân loại và xử lý theo đúng quy trình;\n    -       Tập hợp và Báo cáo lên Giám Đốc theo định kỳ;\n    -       Trực tiếp tuyển dụng và phỏng vấn ứng viên;\n    -       Hỗ trợ, kiểm tra, đôn đốc và điều động nhân viên;\n    -       Quản lý công văn, hồ sơ, chứng từ của công ty;\n    -       Tổ chức xây dựng, vận hành hệ thống lương, thưởng, đãi ngộ cho nhân viên',2),(164,81,2,5,1,'Công ty TNHH Phần Mềm Phượng Hoàng','Nhân viên Nhân sự','2011-09-01',NULL,NULL,'+ Quản trị nguồn nhân lực:\n\n    -       Hỗ trợ Giám đốc trong việc quản trị nhân sự, quản lý hành chính tại Công ty, có trách nhiệm quản lý và phát triển một cách hiệu quả nguồn lực của công ty;\n    -       Xây dựng các mối quan hệ nội bộ công ty;\n    -       Lập, xây dựng kế hoạch, chương trình tuyển dụng, đào tạo, phát triển nguồn nhân lực định kỳ năm, quý, tháng;\n    -       Thực hiện các cuộc thăm dò định kỳ về mức lương; lập kế hoạch và đánh giá công việc;\n    -       Xây dựng quy chế lương thưởng, các biện pháp khuyến khích – kích thích người lao động làm việc, phối hợp với các trưởng phòng trong việc đào tạo và kỷ luật nhân viên;\n    -       Đảm bảo tuân thủ pháp luật bằng cách theo dõi và thực thi quy định của nhà nước về chính sách nhân sự.\n+ Quản trị văn phòng:\n    -       Thiết kế và thực thi các chính sách trong văn phòng bằng cách thiết lập các tiêu chuẩn và thủ tục;\n    -       Đánh giá kết quả so với tiêu chuẩn; thực hiện những điều chỉnh cần thiết;\n    -       Theo dõi và kiểm soát nhân viên thực hiện nội qui và kỷ luật lao động;\n    -       Xây dựng kế hoạch và tổ chức, giám sát việc thực hiện về an tinh trật tư, an toàn lao động, vệ sinh lao động và phòng chống cháy nổ;\n    -       Chỉ đạo và chịu trách nhiệm mọi hoạt động đối với toàn bộ chức năng và nhiệm vụ của phòng Hành Chánh Nhân Sự.',3),(165,83,16,5,1,'Công ty TNHH DV-TM Tân Cường Minh','PG','2009-04-01','2009-05-01',NULL,'-       PG cho chương trình event của hãng Abbort Hoa Kỳ tại các trường mầm non trên địa bàn Thành phố Hồ Chí Minh;\n    -       Tham gia tổ chức, sắp xếp, bài trí vật dụng và công cụ của chương trình;\n    -       Tư vấn chỉ số chiều cao, cân nặng phù hợp với từng độ tuổi của các bé;\n    -       Giới thiệu, và bán sản phẩm;\n    -       Phát quà cho các bé.',0),(166,83,11,5,1,'Công ty TNHH Tài chính Prudential','Trợ lý kinh doanh','2009-08-01','2010-12-01',NULL,'-       Tổ chức, giám sát hoạt động kinh doanh của thành viên trong nhóm;\n    -        Lập báo cáo, quản lý nhân viên;\n    -        Tìm kiếm, tư vấn và đại diện công ty ký kết hợp đồng;\n    -         Mở rộng các mối quan hệ, mở rộng thị trường;\n    -        Trực tiếp phát triển mạng lưới khách hàng tiềm năng và chăm sóc phát triển các khách hàng trung thành của công ty;\n    -       Giải đáp các thắc mắc của khách hàng - chăm sóc khách hàng trước và sau bán hàng.  ',1),(167,83,2,5,1,'Công ty Cổ Phần Đào Tạo Tư Duy Việt (VietMinds)','Nhân viên hành chính Nhân sự kiêm Biên tập viên website','2011-01-01','2011-08-01',NULL,'-       Soạn thảo công văn, hợp đồng, biểu mẫu…;\n    -       Trực điện thoại và xử lý thông tin, giải đáp và tư vấn các thắc mắc của khách hàng;\n    -       Phụ trách lập và triển khai kế hoạch tuyển dụng, đào tạo nhân viên theo yêu cầu và báo cáo lên Quản lý;\n    -       Chuẩn bị công tác hậu cần, tiếp khách đến liên hệ;\n    -       Lên kế hoạch và thực hiện công việc Quản lý đưa xuống;\n    -       Viết bài PR giới thiệu các khóa học;\n    -       Xử lý tin, bài sau hội thảo và các chương trình của công ty;\n    -       Chịu trách nhiệm về nội dung các bài viết trên website.\n\nCông ty Cổ Phần Đào Tạo Tư Duy Việt (VietMinds): Từ T3 –T8/2011\n  + Chức vụ: Quản lý Nhân sự kiêm Phó Phòng Đào Tạo\n  + Nhiệm vụ:\n\n    -       Trực tiếp quản lý công tác tuyển dụng nhân sự của Công ty;\n    -       Nhận hồ sơ, phân loại và xử lý theo đúng quy trình;\n    -       Tập hợp và Báo cáo lên Giám Đốc theo định kỳ;\n    -       Trực tiếp tuyển dụng và phỏng vấn ứng viên;\n    -       Hỗ trợ, kiểm tra, đôn đốc và điều động nhân viên;\n    -       Quản lý công văn, hồ sơ, chứng từ của công ty;\n    -       Tổ chức xây dựng, vận hành hệ thống lương, thưởng, đãi ngộ cho nhân viên',2),(168,83,2,5,1,'Công ty TNHH Phần Mềm Phượng Hoàng','Nhân viên Nhân sự','2011-09-01',NULL,NULL,'+ Quản trị nguồn nhân lực:\n\n    -       Hỗ trợ Giám đốc trong việc quản trị nhân sự, quản lý hành chính tại Công ty, có trách nhiệm quản lý và phát triển một cách hiệu quả nguồn lực của công ty;\n    -       Xây dựng các mối quan hệ nội bộ công ty;\n    -       Lập, xây dựng kế hoạch, chương trình tuyển dụng, đào tạo, phát triển nguồn nhân lực định kỳ năm, quý, tháng;\n    -       Thực hiện các cuộc thăm dò định kỳ về mức lương; lập kế hoạch và đánh giá công việc;\n    -       Xây dựng quy chế lương thưởng, các biện pháp khuyến khích – kích thích người lao động làm việc, phối hợp với các trưởng phòng trong việc đào tạo và kỷ luật nhân viên;\n    -       Đảm bảo tuân thủ pháp luật bằng cách theo dõi và thực thi quy định của nhà nước về chính sách nhân sự.\n+ Quản trị văn phòng:\n    -       Thiết kế và thực thi các chính sách trong văn phòng bằng cách thiết lập các tiêu chuẩn và thủ tục;\n    -       Đánh giá kết quả so với tiêu chuẩn; thực hiện những điều chỉnh cần thiết;\n    -       Theo dõi và kiểm soát nhân viên thực hiện nội qui và kỷ luật lao động;\n    -       Xây dựng kế hoạch và tổ chức, giám sát việc thực hiện về an tinh trật tư, an toàn lao động, vệ sinh lao động và phòng chống cháy nổ;\n    -       Chỉ đạo và chịu trách nhiệm mọi hoạt động đối với toàn bộ chức năng và nhiệm vụ của phòng Hành Chánh Nhân Sự.',3),(169,85,16,5,1,'Công ty TNHH DV-TM Tân Cường Minh','PG','2009-04-01','2009-05-01',NULL,'-       PG cho chương trình event của hãng Abbort Hoa Kỳ tại các trường mầm non trên địa bàn Thành phố Hồ Chí Minh;\n    -       Tham gia tổ chức, sắp xếp, bài trí vật dụng và công cụ của chương trình;\n    -       Tư vấn chỉ số chiều cao, cân nặng phù hợp với từng độ tuổi của các bé;\n    -       Giới thiệu, và bán sản phẩm;\n    -       Phát quà cho các bé.',0),(170,85,11,5,1,'Công ty TNHH Tài chính Prudential','Trợ lý kinh doanh','2009-08-01','2010-12-01',NULL,'-       Tổ chức, giám sát hoạt động kinh doanh của thành viên trong nhóm;\n    -        Lập báo cáo, quản lý nhân viên;\n    -        Tìm kiếm, tư vấn và đại diện công ty ký kết hợp đồng;\n    -         Mở rộng các mối quan hệ, mở rộng thị trường;\n    -        Trực tiếp phát triển mạng lưới khách hàng tiềm năng và chăm sóc phát triển các khách hàng trung thành của công ty;\n    -       Giải đáp các thắc mắc của khách hàng - chăm sóc khách hàng trước và sau bán hàng.  ',1),(171,85,2,5,1,'Công ty Cổ Phần Đào Tạo Tư Duy Việt (VietMinds)','Nhân viên hành chính Nhân sự kiêm Biên tập viên website','2011-01-01','2011-08-01',NULL,'-       Soạn thảo công văn, hợp đồng, biểu mẫu…;\n    -       Trực điện thoại và xử lý thông tin, giải đáp và tư vấn các thắc mắc của khách hàng;\n    -       Phụ trách lập và triển khai kế hoạch tuyển dụng, đào tạo nhân viên theo yêu cầu và báo cáo lên Quản lý;\n    -       Chuẩn bị công tác hậu cần, tiếp khách đến liên hệ;\n    -       Lên kế hoạch và thực hiện công việc Quản lý đưa xuống;\n    -       Viết bài PR giới thiệu các khóa học;\n    -       Xử lý tin, bài sau hội thảo và các chương trình của công ty;\n    -       Chịu trách nhiệm về nội dung các bài viết trên website.\n\nCông ty Cổ Phần Đào Tạo Tư Duy Việt (VietMinds): Từ T3 –T8/2011\n  + Chức vụ: Quản lý Nhân sự kiêm Phó Phòng Đào Tạo\n  + Nhiệm vụ:\n\n    -       Trực tiếp quản lý công tác tuyển dụng nhân sự của Công ty;\n    -       Nhận hồ sơ, phân loại và xử lý theo đúng quy trình;\n    -       Tập hợp và Báo cáo lên Giám Đốc theo định kỳ;\n    -       Trực tiếp tuyển dụng và phỏng vấn ứng viên;\n    -       Hỗ trợ, kiểm tra, đôn đốc và điều động nhân viên;\n    -       Quản lý công văn, hồ sơ, chứng từ của công ty;\n    -       Tổ chức xây dựng, vận hành hệ thống lương, thưởng, đãi ngộ cho nhân viên',2),(172,85,2,5,1,'Công ty TNHH Phần Mềm Phượng Hoàng','Nhân viên Nhân sự','2011-09-01',NULL,NULL,'+ Quản trị nguồn nhân lực:\n\n    -       Hỗ trợ Giám đốc trong việc quản trị nhân sự, quản lý hành chính tại Công ty, có trách nhiệm quản lý và phát triển một cách hiệu quả nguồn lực của công ty;\n    -       Xây dựng các mối quan hệ nội bộ công ty;\n    -       Lập, xây dựng kế hoạch, chương trình tuyển dụng, đào tạo, phát triển nguồn nhân lực định kỳ năm, quý, tháng;\n    -       Thực hiện các cuộc thăm dò định kỳ về mức lương; lập kế hoạch và đánh giá công việc;\n    -       Xây dựng quy chế lương thưởng, các biện pháp khuyến khích – kích thích người lao động làm việc, phối hợp với các trưởng phòng trong việc đào tạo và kỷ luật nhân viên;\n    -       Đảm bảo tuân thủ pháp luật bằng cách theo dõi và thực thi quy định của nhà nước về chính sách nhân sự.\n+ Quản trị văn phòng:\n    -       Thiết kế và thực thi các chính sách trong văn phòng bằng cách thiết lập các tiêu chuẩn và thủ tục;\n    -       Đánh giá kết quả so với tiêu chuẩn; thực hiện những điều chỉnh cần thiết;\n    -       Theo dõi và kiểm soát nhân viên thực hiện nội qui và kỷ luật lao động;\n    -       Xây dựng kế hoạch và tổ chức, giám sát việc thực hiện về an tinh trật tư, an toàn lao động, vệ sinh lao động và phòng chống cháy nổ;\n    -       Chỉ đạo và chịu trách nhiệm mọi hoạt động đối với toàn bộ chức năng và nhiệm vụ của phòng Hành Chánh Nhân Sự.',3),(173,87,16,5,1,'Công ty TNHH DV-TM Tân Cường Minh','PG','2009-04-01','2009-05-01',NULL,'-       PG cho chương trình event của hãng Abbort Hoa Kỳ tại các trường mầm non trên địa bàn Thành phố Hồ Chí Minh;\n    -       Tham gia tổ chức, sắp xếp, bài trí vật dụng và công cụ của chương trình;\n    -       Tư vấn chỉ số chiều cao, cân nặng phù hợp với từng độ tuổi của các bé;\n    -       Giới thiệu, và bán sản phẩm;\n    -       Phát quà cho các bé.',0),(174,87,11,5,1,'Công ty TNHH Tài chính Prudential','Trợ lý kinh doanh','2009-08-01','2010-12-01',NULL,'-       Tổ chức, giám sát hoạt động kinh doanh của thành viên trong nhóm;\n    -        Lập báo cáo, quản lý nhân viên;\n    -        Tìm kiếm, tư vấn và đại diện công ty ký kết hợp đồng;\n    -         Mở rộng các mối quan hệ, mở rộng thị trường;\n    -        Trực tiếp phát triển mạng lưới khách hàng tiềm năng và chăm sóc phát triển các khách hàng trung thành của công ty;\n    -       Giải đáp các thắc mắc của khách hàng - chăm sóc khách hàng trước và sau bán hàng.  ',1),(175,87,2,5,1,'Công ty Cổ Phần Đào Tạo Tư Duy Việt (VietMinds)','Nhân viên hành chính Nhân sự kiêm Biên tập viên website','2011-01-01','2011-08-01',NULL,'-       Soạn thảo công văn, hợp đồng, biểu mẫu…;\n    -       Trực điện thoại và xử lý thông tin, giải đáp và tư vấn các thắc mắc của khách hàng;\n    -       Phụ trách lập và triển khai kế hoạch tuyển dụng, đào tạo nhân viên theo yêu cầu và báo cáo lên Quản lý;\n    -       Chuẩn bị công tác hậu cần, tiếp khách đến liên hệ;\n    -       Lên kế hoạch và thực hiện công việc Quản lý đưa xuống;\n    -       Viết bài PR giới thiệu các khóa học;\n    -       Xử lý tin, bài sau hội thảo và các chương trình của công ty;\n    -       Chịu trách nhiệm về nội dung các bài viết trên website.\n\nCông ty Cổ Phần Đào Tạo Tư Duy Việt (VietMinds): Từ T3 –T8/2011\n  + Chức vụ: Quản lý Nhân sự kiêm Phó Phòng Đào Tạo\n  + Nhiệm vụ:\n\n    -       Trực tiếp quản lý công tác tuyển dụng nhân sự của Công ty;\n    -       Nhận hồ sơ, phân loại và xử lý theo đúng quy trình;\n    -       Tập hợp và Báo cáo lên Giám Đốc theo định kỳ;\n    -       Trực tiếp tuyển dụng và phỏng vấn ứng viên;\n    -       Hỗ trợ, kiểm tra, đôn đốc và điều động nhân viên;\n    -       Quản lý công văn, hồ sơ, chứng từ của công ty;\n    -       Tổ chức xây dựng, vận hành hệ thống lương, thưởng, đãi ngộ cho nhân viên',2),(176,87,2,5,1,'Công ty TNHH Phần Mềm Phượng Hoàng','Nhân viên Nhân sự','2011-09-01',NULL,NULL,'+ Quản trị nguồn nhân lực:\n\n    -       Hỗ trợ Giám đốc trong việc quản trị nhân sự, quản lý hành chính tại Công ty, có trách nhiệm quản lý và phát triển một cách hiệu quả nguồn lực của công ty;\n    -       Xây dựng các mối quan hệ nội bộ công ty;\n    -       Lập, xây dựng kế hoạch, chương trình tuyển dụng, đào tạo, phát triển nguồn nhân lực định kỳ năm, quý, tháng;\n    -       Thực hiện các cuộc thăm dò định kỳ về mức lương; lập kế hoạch và đánh giá công việc;\n    -       Xây dựng quy chế lương thưởng, các biện pháp khuyến khích – kích thích người lao động làm việc, phối hợp với các trưởng phòng trong việc đào tạo và kỷ luật nhân viên;\n    -       Đảm bảo tuân thủ pháp luật bằng cách theo dõi và thực thi quy định của nhà nước về chính sách nhân sự.\n+ Quản trị văn phòng:\n    -       Thiết kế và thực thi các chính sách trong văn phòng bằng cách thiết lập các tiêu chuẩn và thủ tục;\n    -       Đánh giá kết quả so với tiêu chuẩn; thực hiện những điều chỉnh cần thiết;\n    -       Theo dõi và kiểm soát nhân viên thực hiện nội qui và kỷ luật lao động;\n    -       Xây dựng kế hoạch và tổ chức, giám sát việc thực hiện về an tinh trật tư, an toàn lao động, vệ sinh lao động và phòng chống cháy nổ;\n    -       Chỉ đạo và chịu trách nhiệm mọi hoạt động đối với toàn bộ chức năng và nhiệm vụ của phòng Hành Chánh Nhân Sự.',3),(177,89,16,5,1,'Công ty TNHH DV-TM Tân Cường Minh','PG','2009-04-01','2009-05-01',NULL,'-       PG cho chương trình event của hãng Abbort Hoa Kỳ tại các trường mầm non trên địa bàn Thành phố Hồ Chí Minh;\n    -       Tham gia tổ chức, sắp xếp, bài trí vật dụng và công cụ của chương trình;\n    -       Tư vấn chỉ số chiều cao, cân nặng phù hợp với từng độ tuổi của các bé;\n    -       Giới thiệu, và bán sản phẩm;\n    -       Phát quà cho các bé.',0),(178,89,11,5,1,'Công ty TNHH Tài chính Prudential','Trợ lý kinh doanh','2009-08-01','2010-12-01',NULL,'-       Tổ chức, giám sát hoạt động kinh doanh của thành viên trong nhóm;\n    -        Lập báo cáo, quản lý nhân viên;\n    -        Tìm kiếm, tư vấn và đại diện công ty ký kết hợp đồng;\n    -         Mở rộng các mối quan hệ, mở rộng thị trường;\n    -        Trực tiếp phát triển mạng lưới khách hàng tiềm năng và chăm sóc phát triển các khách hàng trung thành của công ty;\n    -       Giải đáp các thắc mắc của khách hàng - chăm sóc khách hàng trước và sau bán hàng.  ',1),(179,89,2,5,1,'Công ty Cổ Phần Đào Tạo Tư Duy Việt (VietMinds)','Nhân viên hành chính Nhân sự kiêm Biên tập viên website','2011-01-01','2011-08-01',NULL,'-       Soạn thảo công văn, hợp đồng, biểu mẫu…;\n    -       Trực điện thoại và xử lý thông tin, giải đáp và tư vấn các thắc mắc của khách hàng;\n    -       Phụ trách lập và triển khai kế hoạch tuyển dụng, đào tạo nhân viên theo yêu cầu và báo cáo lên Quản lý;\n    -       Chuẩn bị công tác hậu cần, tiếp khách đến liên hệ;\n    -       Lên kế hoạch và thực hiện công việc Quản lý đưa xuống;\n    -       Viết bài PR giới thiệu các khóa học;\n    -       Xử lý tin, bài sau hội thảo và các chương trình của công ty;\n    -       Chịu trách nhiệm về nội dung các bài viết trên website.\n\nCông ty Cổ Phần Đào Tạo Tư Duy Việt (VietMinds): Từ T3 –T8/2011\n  + Chức vụ: Quản lý Nhân sự kiêm Phó Phòng Đào Tạo\n  + Nhiệm vụ:\n\n    -       Trực tiếp quản lý công tác tuyển dụng nhân sự của Công ty;\n    -       Nhận hồ sơ, phân loại và xử lý theo đúng quy trình;\n    -       Tập hợp và Báo cáo lên Giám Đốc theo định kỳ;\n    -       Trực tiếp tuyển dụng và phỏng vấn ứng viên;\n    -       Hỗ trợ, kiểm tra, đôn đốc và điều động nhân viên;\n    -       Quản lý công văn, hồ sơ, chứng từ của công ty;\n    -       Tổ chức xây dựng, vận hành hệ thống lương, thưởng, đãi ngộ cho nhân viên',2),(180,89,2,5,1,'Công ty TNHH Phần Mềm Phượng Hoàng','Nhân viên Nhân sự','2011-09-01',NULL,NULL,'+ Quản trị nguồn nhân lực:\n\n    -       Hỗ trợ Giám đốc trong việc quản trị nhân sự, quản lý hành chính tại Công ty, có trách nhiệm quản lý và phát triển một cách hiệu quả nguồn lực của công ty;\n    -       Xây dựng các mối quan hệ nội bộ công ty;\n    -       Lập, xây dựng kế hoạch, chương trình tuyển dụng, đào tạo, phát triển nguồn nhân lực định kỳ năm, quý, tháng;\n    -       Thực hiện các cuộc thăm dò định kỳ về mức lương; lập kế hoạch và đánh giá công việc;\n    -       Xây dựng quy chế lương thưởng, các biện pháp khuyến khích – kích thích người lao động làm việc, phối hợp với các trưởng phòng trong việc đào tạo và kỷ luật nhân viên;\n    -       Đảm bảo tuân thủ pháp luật bằng cách theo dõi và thực thi quy định của nhà nước về chính sách nhân sự.\n+ Quản trị văn phòng:\n    -       Thiết kế và thực thi các chính sách trong văn phòng bằng cách thiết lập các tiêu chuẩn và thủ tục;\n    -       Đánh giá kết quả so với tiêu chuẩn; thực hiện những điều chỉnh cần thiết;\n    -       Theo dõi và kiểm soát nhân viên thực hiện nội qui và kỷ luật lao động;\n    -       Xây dựng kế hoạch và tổ chức, giám sát việc thực hiện về an tinh trật tư, an toàn lao động, vệ sinh lao động và phòng chống cháy nổ;\n    -       Chỉ đạo và chịu trách nhiệm mọi hoạt động đối với toàn bộ chức năng và nhiệm vụ của phòng Hành Chánh Nhân Sự.',3),(181,91,16,5,1,'Công ty TNHH DV-TM Tân Cường Minh','PG','2009-04-01','2009-05-01',NULL,'-       PG cho chương trình event của hãng Abbort Hoa Kỳ tại các trường mầm non trên địa bàn Thành phố Hồ Chí Minh;\n    -       Tham gia tổ chức, sắp xếp, bài trí vật dụng và công cụ của chương trình;\n    -       Tư vấn chỉ số chiều cao, cân nặng phù hợp với từng độ tuổi của các bé;\n    -       Giới thiệu, và bán sản phẩm;\n    -       Phát quà cho các bé.',0),(182,91,11,5,1,'Công ty TNHH Tài chính Prudential','Trợ lý kinh doanh','2009-08-01','2010-12-01',NULL,'-       Tổ chức, giám sát hoạt động kinh doanh của thành viên trong nhóm;\n    -        Lập báo cáo, quản lý nhân viên;\n    -        Tìm kiếm, tư vấn và đại diện công ty ký kết hợp đồng;\n    -         Mở rộng các mối quan hệ, mở rộng thị trường;\n    -        Trực tiếp phát triển mạng lưới khách hàng tiềm năng và chăm sóc phát triển các khách hàng trung thành của công ty;\n    -       Giải đáp các thắc mắc của khách hàng - chăm sóc khách hàng trước và sau bán hàng.  ',1),(183,91,2,5,1,'Công ty Cổ Phần Đào Tạo Tư Duy Việt (VietMinds)','Nhân viên hành chính Nhân sự kiêm Biên tập viên website','2011-01-01','2011-08-01',NULL,'-       Soạn thảo công văn, hợp đồng, biểu mẫu…;\n    -       Trực điện thoại và xử lý thông tin, giải đáp và tư vấn các thắc mắc của khách hàng;\n    -       Phụ trách lập và triển khai kế hoạch tuyển dụng, đào tạo nhân viên theo yêu cầu và báo cáo lên Quản lý;\n    -       Chuẩn bị công tác hậu cần, tiếp khách đến liên hệ;\n    -       Lên kế hoạch và thực hiện công việc Quản lý đưa xuống;\n    -       Viết bài PR giới thiệu các khóa học;\n    -       Xử lý tin, bài sau hội thảo và các chương trình của công ty;\n    -       Chịu trách nhiệm về nội dung các bài viết trên website.\n\nCông ty Cổ Phần Đào Tạo Tư Duy Việt (VietMinds): Từ T3 –T8/2011\n  + Chức vụ: Quản lý Nhân sự kiêm Phó Phòng Đào Tạo\n  + Nhiệm vụ:\n\n    -       Trực tiếp quản lý công tác tuyển dụng nhân sự của Công ty;\n    -       Nhận hồ sơ, phân loại và xử lý theo đúng quy trình;\n    -       Tập hợp và Báo cáo lên Giám Đốc theo định kỳ;\n    -       Trực tiếp tuyển dụng và phỏng vấn ứng viên;\n    -       Hỗ trợ, kiểm tra, đôn đốc và điều động nhân viên;\n    -       Quản lý công văn, hồ sơ, chứng từ của công ty;\n    -       Tổ chức xây dựng, vận hành hệ thống lương, thưởng, đãi ngộ cho nhân viên',2),(184,91,2,5,1,'Công ty TNHH Phần Mềm Phượng Hoàng','Nhân viên Nhân sự','2011-09-01',NULL,NULL,'+ Quản trị nguồn nhân lực:\n\n    -       Hỗ trợ Giám đốc trong việc quản trị nhân sự, quản lý hành chính tại Công ty, có trách nhiệm quản lý và phát triển một cách hiệu quả nguồn lực của công ty;\n    -       Xây dựng các mối quan hệ nội bộ công ty;\n    -       Lập, xây dựng kế hoạch, chương trình tuyển dụng, đào tạo, phát triển nguồn nhân lực định kỳ năm, quý, tháng;\n    -       Thực hiện các cuộc thăm dò định kỳ về mức lương; lập kế hoạch và đánh giá công việc;\n    -       Xây dựng quy chế lương thưởng, các biện pháp khuyến khích – kích thích người lao động làm việc, phối hợp với các trưởng phòng trong việc đào tạo và kỷ luật nhân viên;\n    -       Đảm bảo tuân thủ pháp luật bằng cách theo dõi và thực thi quy định của nhà nước về chính sách nhân sự.\n+ Quản trị văn phòng:\n    -       Thiết kế và thực thi các chính sách trong văn phòng bằng cách thiết lập các tiêu chuẩn và thủ tục;\n    -       Đánh giá kết quả so với tiêu chuẩn; thực hiện những điều chỉnh cần thiết;\n    -       Theo dõi và kiểm soát nhân viên thực hiện nội qui và kỷ luật lao động;\n    -       Xây dựng kế hoạch và tổ chức, giám sát việc thực hiện về an tinh trật tư, an toàn lao động, vệ sinh lao động và phòng chống cháy nổ;\n    -       Chỉ đạo và chịu trách nhiệm mọi hoạt động đối với toàn bộ chức năng và nhiệm vụ của phòng Hành Chánh Nhân Sự.',3),(185,93,16,5,1,'Công ty TNHH DV-TM Tân Cường Minh','PG','2009-04-01','2009-05-01',NULL,'-       PG cho chương trình event của hãng Abbort Hoa Kỳ tại các trường mầm non trên địa bàn Thành phố Hồ Chí Minh;\n    -       Tham gia tổ chức, sắp xếp, bài trí vật dụng và công cụ của chương trình;\n    -       Tư vấn chỉ số chiều cao, cân nặng phù hợp với từng độ tuổi của các bé;\n    -       Giới thiệu, và bán sản phẩm;\n    -       Phát quà cho các bé.',0),(186,93,11,5,1,'Công ty TNHH Tài chính Prudential','Trợ lý kinh doanh','2009-08-01','2010-12-01',NULL,'-       Tổ chức, giám sát hoạt động kinh doanh của thành viên trong nhóm;\n    -        Lập báo cáo, quản lý nhân viên;\n    -        Tìm kiếm, tư vấn và đại diện công ty ký kết hợp đồng;\n    -         Mở rộng các mối quan hệ, mở rộng thị trường;\n    -        Trực tiếp phát triển mạng lưới khách hàng tiềm năng và chăm sóc phát triển các khách hàng trung thành của công ty;\n    -       Giải đáp các thắc mắc của khách hàng - chăm sóc khách hàng trước và sau bán hàng.  ',1),(187,93,2,5,1,'Công ty Cổ Phần Đào Tạo Tư Duy Việt (VietMinds)','Nhân viên hành chính Nhân sự kiêm Biên tập viên website','2011-01-01','2011-08-01',NULL,'-       Soạn thảo công văn, hợp đồng, biểu mẫu…;\n    -       Trực điện thoại và xử lý thông tin, giải đáp và tư vấn các thắc mắc của khách hàng;\n    -       Phụ trách lập và triển khai kế hoạch tuyển dụng, đào tạo nhân viên theo yêu cầu và báo cáo lên Quản lý;\n    -       Chuẩn bị công tác hậu cần, tiếp khách đến liên hệ;\n    -       Lên kế hoạch và thực hiện công việc Quản lý đưa xuống;\n    -       Viết bài PR giới thiệu các khóa học;\n    -       Xử lý tin, bài sau hội thảo và các chương trình của công ty;\n    -       Chịu trách nhiệm về nội dung các bài viết trên website.\n\nCông ty Cổ Phần Đào Tạo Tư Duy Việt (VietMinds): Từ T3 –T8/2011\n  + Chức vụ: Quản lý Nhân sự kiêm Phó Phòng Đào Tạo\n  + Nhiệm vụ:\n\n    -       Trực tiếp quản lý công tác tuyển dụng nhân sự của Công ty;\n    -       Nhận hồ sơ, phân loại và xử lý theo đúng quy trình;\n    -       Tập hợp và Báo cáo lên Giám Đốc theo định kỳ;\n    -       Trực tiếp tuyển dụng và phỏng vấn ứng viên;\n    -       Hỗ trợ, kiểm tra, đôn đốc và điều động nhân viên;\n    -       Quản lý công văn, hồ sơ, chứng từ của công ty;\n    -       Tổ chức xây dựng, vận hành hệ thống lương, thưởng, đãi ngộ cho nhân viên',2),(188,93,2,5,1,'Công ty TNHH Phần Mềm Phượng Hoàng','Nhân viên Nhân sự','2011-09-01',NULL,NULL,'+ Quản trị nguồn nhân lực:\n\n    -       Hỗ trợ Giám đốc trong việc quản trị nhân sự, quản lý hành chính tại Công ty, có trách nhiệm quản lý và phát triển một cách hiệu quả nguồn lực của công ty;\n    -       Xây dựng các mối quan hệ nội bộ công ty;\n    -       Lập, xây dựng kế hoạch, chương trình tuyển dụng, đào tạo, phát triển nguồn nhân lực định kỳ năm, quý, tháng;\n    -       Thực hiện các cuộc thăm dò định kỳ về mức lương; lập kế hoạch và đánh giá công việc;\n    -       Xây dựng quy chế lương thưởng, các biện pháp khuyến khích – kích thích người lao động làm việc, phối hợp với các trưởng phòng trong việc đào tạo và kỷ luật nhân viên;\n    -       Đảm bảo tuân thủ pháp luật bằng cách theo dõi và thực thi quy định của nhà nước về chính sách nhân sự.\n+ Quản trị văn phòng:\n    -       Thiết kế và thực thi các chính sách trong văn phòng bằng cách thiết lập các tiêu chuẩn và thủ tục;\n    -       Đánh giá kết quả so với tiêu chuẩn; thực hiện những điều chỉnh cần thiết;\n    -       Theo dõi và kiểm soát nhân viên thực hiện nội qui và kỷ luật lao động;\n    -       Xây dựng kế hoạch và tổ chức, giám sát việc thực hiện về an tinh trật tư, an toàn lao động, vệ sinh lao động và phòng chống cháy nổ;\n    -       Chỉ đạo và chịu trách nhiệm mọi hoạt động đối với toàn bộ chức năng và nhiệm vụ của phòng Hành Chánh Nhân Sự.',3),(189,95,16,5,1,'Công ty TNHH DV-TM Tân Cường Minh','PG','2009-04-01','2009-05-01',NULL,'-       PG cho chương trình event của hãng Abbort Hoa Kỳ tại các trường mầm non trên địa bàn Thành phố Hồ Chí Minh;\n    -       Tham gia tổ chức, sắp xếp, bài trí vật dụng và công cụ của chương trình;\n    -       Tư vấn chỉ số chiều cao, cân nặng phù hợp với từng độ tuổi của các bé;\n    -       Giới thiệu, và bán sản phẩm;\n    -       Phát quà cho các bé.',0),(190,95,11,5,1,'Công ty TNHH Tài chính Prudential','Trợ lý kinh doanh','2009-08-01','2010-12-01',NULL,'-       Tổ chức, giám sát hoạt động kinh doanh của thành viên trong nhóm;\n    -        Lập báo cáo, quản lý nhân viên;\n    -        Tìm kiếm, tư vấn và đại diện công ty ký kết hợp đồng;\n    -         Mở rộng các mối quan hệ, mở rộng thị trường;\n    -        Trực tiếp phát triển mạng lưới khách hàng tiềm năng và chăm sóc phát triển các khách hàng trung thành của công ty;\n    -       Giải đáp các thắc mắc của khách hàng - chăm sóc khách hàng trước và sau bán hàng.  ',1),(191,95,2,5,1,'Công ty Cổ Phần Đào Tạo Tư Duy Việt (VietMinds)','Nhân viên hành chính Nhân sự kiêm Biên tập viên website','2011-01-01','2011-08-01',NULL,'-       Soạn thảo công văn, hợp đồng, biểu mẫu…;\n    -       Trực điện thoại và xử lý thông tin, giải đáp và tư vấn các thắc mắc của khách hàng;\n    -       Phụ trách lập và triển khai kế hoạch tuyển dụng, đào tạo nhân viên theo yêu cầu và báo cáo lên Quản lý;\n    -       Chuẩn bị công tác hậu cần, tiếp khách đến liên hệ;\n    -       Lên kế hoạch và thực hiện công việc Quản lý đưa xuống;\n    -       Viết bài PR giới thiệu các khóa học;\n    -       Xử lý tin, bài sau hội thảo và các chương trình của công ty;\n    -       Chịu trách nhiệm về nội dung các bài viết trên website.\n\nCông ty Cổ Phần Đào Tạo Tư Duy Việt (VietMinds): Từ T3 –T8/2011\n  + Chức vụ: Quản lý Nhân sự kiêm Phó Phòng Đào Tạo\n  + Nhiệm vụ:\n\n    -       Trực tiếp quản lý công tác tuyển dụng nhân sự của Công ty;\n    -       Nhận hồ sơ, phân loại và xử lý theo đúng quy trình;\n    -       Tập hợp và Báo cáo lên Giám Đốc theo định kỳ;\n    -       Trực tiếp tuyển dụng và phỏng vấn ứng viên;\n    -       Hỗ trợ, kiểm tra, đôn đốc và điều động nhân viên;\n    -       Quản lý công văn, hồ sơ, chứng từ của công ty;\n    -       Tổ chức xây dựng, vận hành hệ thống lương, thưởng, đãi ngộ cho nhân viên',2),(192,95,2,5,1,'Công ty TNHH Phần Mềm Phượng Hoàng','Nhân viên Nhân sự','2011-09-01',NULL,NULL,'+ Quản trị nguồn nhân lực:\n\n    -       Hỗ trợ Giám đốc trong việc quản trị nhân sự, quản lý hành chính tại Công ty, có trách nhiệm quản lý và phát triển một cách hiệu quả nguồn lực của công ty;\n    -       Xây dựng các mối quan hệ nội bộ công ty;\n    -       Lập, xây dựng kế hoạch, chương trình tuyển dụng, đào tạo, phát triển nguồn nhân lực định kỳ năm, quý, tháng;\n    -       Thực hiện các cuộc thăm dò định kỳ về mức lương; lập kế hoạch và đánh giá công việc;\n    -       Xây dựng quy chế lương thưởng, các biện pháp khuyến khích – kích thích người lao động làm việc, phối hợp với các trưởng phòng trong việc đào tạo và kỷ luật nhân viên;\n    -       Đảm bảo tuân thủ pháp luật bằng cách theo dõi và thực thi quy định của nhà nước về chính sách nhân sự.\n+ Quản trị văn phòng:\n    -       Thiết kế và thực thi các chính sách trong văn phòng bằng cách thiết lập các tiêu chuẩn và thủ tục;\n    -       Đánh giá kết quả so với tiêu chuẩn; thực hiện những điều chỉnh cần thiết;\n    -       Theo dõi và kiểm soát nhân viên thực hiện nội qui và kỷ luật lao động;\n    -       Xây dựng kế hoạch và tổ chức, giám sát việc thực hiện về an tinh trật tư, an toàn lao động, vệ sinh lao động và phòng chống cháy nổ;\n    -       Chỉ đạo và chịu trách nhiệm mọi hoạt động đối với toàn bộ chức năng và nhiệm vụ của phòng Hành Chánh Nhân Sự.',3),(193,97,16,5,1,'Công ty TNHH DV-TM Tân Cường Minh','PG','2009-04-01','2009-05-01',NULL,'-       PG cho chương trình event của hãng Abbort Hoa Kỳ tại các trường mầm non trên địa bàn Thành phố Hồ Chí Minh;\n    -       Tham gia tổ chức, sắp xếp, bài trí vật dụng và công cụ của chương trình;\n    -       Tư vấn chỉ số chiều cao, cân nặng phù hợp với từng độ tuổi của các bé;\n    -       Giới thiệu, và bán sản phẩm;\n    -       Phát quà cho các bé.',0),(194,97,11,5,1,'Công ty TNHH Tài chính Prudential','Trợ lý kinh doanh','2009-08-01','2010-12-01',NULL,'-       Tổ chức, giám sát hoạt động kinh doanh của thành viên trong nhóm;\n    -        Lập báo cáo, quản lý nhân viên;\n    -        Tìm kiếm, tư vấn và đại diện công ty ký kết hợp đồng;\n    -         Mở rộng các mối quan hệ, mở rộng thị trường;\n    -        Trực tiếp phát triển mạng lưới khách hàng tiềm năng và chăm sóc phát triển các khách hàng trung thành của công ty;\n    -       Giải đáp các thắc mắc của khách hàng - chăm sóc khách hàng trước và sau bán hàng.  ',1),(195,97,2,5,1,'Công ty Cổ Phần Đào Tạo Tư Duy Việt (VietMinds)','Nhân viên hành chính Nhân sự kiêm Biên tập viên website','2011-01-01','2011-08-01',NULL,'-       Soạn thảo công văn, hợp đồng, biểu mẫu…;\n    -       Trực điện thoại và xử lý thông tin, giải đáp và tư vấn các thắc mắc của khách hàng;\n    -       Phụ trách lập và triển khai kế hoạch tuyển dụng, đào tạo nhân viên theo yêu cầu và báo cáo lên Quản lý;\n    -       Chuẩn bị công tác hậu cần, tiếp khách đến liên hệ;\n    -       Lên kế hoạch và thực hiện công việc Quản lý đưa xuống;\n    -       Viết bài PR giới thiệu các khóa học;\n    -       Xử lý tin, bài sau hội thảo và các chương trình của công ty;\n    -       Chịu trách nhiệm về nội dung các bài viết trên website.\n\nCông ty Cổ Phần Đào Tạo Tư Duy Việt (VietMinds): Từ T3 –T8/2011\n  + Chức vụ: Quản lý Nhân sự kiêm Phó Phòng Đào Tạo\n  + Nhiệm vụ:\n\n    -       Trực tiếp quản lý công tác tuyển dụng nhân sự của Công ty;\n    -       Nhận hồ sơ, phân loại và xử lý theo đúng quy trình;\n    -       Tập hợp và Báo cáo lên Giám Đốc theo định kỳ;\n    -       Trực tiếp tuyển dụng và phỏng vấn ứng viên;\n    -       Hỗ trợ, kiểm tra, đôn đốc và điều động nhân viên;\n    -       Quản lý công văn, hồ sơ, chứng từ của công ty;\n    -       Tổ chức xây dựng, vận hành hệ thống lương, thưởng, đãi ngộ cho nhân viên',2),(196,97,2,5,1,'Công ty TNHH Phần Mềm Phượng Hoàng','Nhân viên Nhân sự','2011-09-01',NULL,NULL,'+ Quản trị nguồn nhân lực:\n\n    -       Hỗ trợ Giám đốc trong việc quản trị nhân sự, quản lý hành chính tại Công ty, có trách nhiệm quản lý và phát triển một cách hiệu quả nguồn lực của công ty;\n    -       Xây dựng các mối quan hệ nội bộ công ty;\n    -       Lập, xây dựng kế hoạch, chương trình tuyển dụng, đào tạo, phát triển nguồn nhân lực định kỳ năm, quý, tháng;\n    -       Thực hiện các cuộc thăm dò định kỳ về mức lương; lập kế hoạch và đánh giá công việc;\n    -       Xây dựng quy chế lương thưởng, các biện pháp khuyến khích – kích thích người lao động làm việc, phối hợp với các trưởng phòng trong việc đào tạo và kỷ luật nhân viên;\n    -       Đảm bảo tuân thủ pháp luật bằng cách theo dõi và thực thi quy định của nhà nước về chính sách nhân sự.\n+ Quản trị văn phòng:\n    -       Thiết kế và thực thi các chính sách trong văn phòng bằng cách thiết lập các tiêu chuẩn và thủ tục;\n    -       Đánh giá kết quả so với tiêu chuẩn; thực hiện những điều chỉnh cần thiết;\n    -       Theo dõi và kiểm soát nhân viên thực hiện nội qui và kỷ luật lao động;\n    -       Xây dựng kế hoạch và tổ chức, giám sát việc thực hiện về an tinh trật tư, an toàn lao động, vệ sinh lao động và phòng chống cháy nổ;\n    -       Chỉ đạo và chịu trách nhiệm mọi hoạt động đối với toàn bộ chức năng và nhiệm vụ của phòng Hành Chánh Nhân Sự.',3),(197,99,16,5,1,'Công ty TNHH DV-TM Tân Cường Minh','PG','2009-04-01','2009-05-01',NULL,'-       PG cho chương trình event của hãng Abbort Hoa Kỳ tại các trường mầm non trên địa bàn Thành phố Hồ Chí Minh;\n    -       Tham gia tổ chức, sắp xếp, bài trí vật dụng và công cụ của chương trình;\n    -       Tư vấn chỉ số chiều cao, cân nặng phù hợp với từng độ tuổi của các bé;\n    -       Giới thiệu, và bán sản phẩm;\n    -       Phát quà cho các bé.',0),(198,99,11,5,1,'Công ty TNHH Tài chính Prudential','Trợ lý kinh doanh','2009-08-01','2010-12-01',NULL,'-       Tổ chức, giám sát hoạt động kinh doanh của thành viên trong nhóm;\n    -        Lập báo cáo, quản lý nhân viên;\n    -        Tìm kiếm, tư vấn và đại diện công ty ký kết hợp đồng;\n    -         Mở rộng các mối quan hệ, mở rộng thị trường;\n    -        Trực tiếp phát triển mạng lưới khách hàng tiềm năng và chăm sóc phát triển các khách hàng trung thành của công ty;\n    -       Giải đáp các thắc mắc của khách hàng - chăm sóc khách hàng trước và sau bán hàng.  ',1),(199,99,2,5,1,'Công ty Cổ Phần Đào Tạo Tư Duy Việt (VietMinds)','Nhân viên hành chính Nhân sự kiêm Biên tập viên website','2011-01-01','2011-08-01',NULL,'-       Soạn thảo công văn, hợp đồng, biểu mẫu…;\n    -       Trực điện thoại và xử lý thông tin, giải đáp và tư vấn các thắc mắc của khách hàng;\n    -       Phụ trách lập và triển khai kế hoạch tuyển dụng, đào tạo nhân viên theo yêu cầu và báo cáo lên Quản lý;\n    -       Chuẩn bị công tác hậu cần, tiếp khách đến liên hệ;\n    -       Lên kế hoạch và thực hiện công việc Quản lý đưa xuống;\n    -       Viết bài PR giới thiệu các khóa học;\n    -       Xử lý tin, bài sau hội thảo và các chương trình của công ty;\n    -       Chịu trách nhiệm về nội dung các bài viết trên website.\n\nCông ty Cổ Phần Đào Tạo Tư Duy Việt (VietMinds): Từ T3 –T8/2011\n  + Chức vụ: Quản lý Nhân sự kiêm Phó Phòng Đào Tạo\n  + Nhiệm vụ:\n\n    -       Trực tiếp quản lý công tác tuyển dụng nhân sự của Công ty;\n    -       Nhận hồ sơ, phân loại và xử lý theo đúng quy trình;\n    -       Tập hợp và Báo cáo lên Giám Đốc theo định kỳ;\n    -       Trực tiếp tuyển dụng và phỏng vấn ứng viên;\n    -       Hỗ trợ, kiểm tra, đôn đốc và điều động nhân viên;\n    -       Quản lý công văn, hồ sơ, chứng từ của công ty;\n    -       Tổ chức xây dựng, vận hành hệ thống lương, thưởng, đãi ngộ cho nhân viên',2),(200,99,2,5,1,'Công ty TNHH Phần Mềm Phượng Hoàng','Nhân viên Nhân sự','2011-09-01',NULL,NULL,'+ Quản trị nguồn nhân lực:\n\n    -       Hỗ trợ Giám đốc trong việc quản trị nhân sự, quản lý hành chính tại Công ty, có trách nhiệm quản lý và phát triển một cách hiệu quả nguồn lực của công ty;\n    -       Xây dựng các mối quan hệ nội bộ công ty;\n    -       Lập, xây dựng kế hoạch, chương trình tuyển dụng, đào tạo, phát triển nguồn nhân lực định kỳ năm, quý, tháng;\n    -       Thực hiện các cuộc thăm dò định kỳ về mức lương; lập kế hoạch và đánh giá công việc;\n    -       Xây dựng quy chế lương thưởng, các biện pháp khuyến khích – kích thích người lao động làm việc, phối hợp với các trưởng phòng trong việc đào tạo và kỷ luật nhân viên;\n    -       Đảm bảo tuân thủ pháp luật bằng cách theo dõi và thực thi quy định của nhà nước về chính sách nhân sự.\n+ Quản trị văn phòng:\n    -       Thiết kế và thực thi các chính sách trong văn phòng bằng cách thiết lập các tiêu chuẩn và thủ tục;\n    -       Đánh giá kết quả so với tiêu chuẩn; thực hiện những điều chỉnh cần thiết;\n    -       Theo dõi và kiểm soát nhân viên thực hiện nội qui và kỷ luật lao động;\n    -       Xây dựng kế hoạch và tổ chức, giám sát việc thực hiện về an tinh trật tư, an toàn lao động, vệ sinh lao động và phòng chống cháy nổ;\n    -       Chỉ đạo và chịu trách nhiệm mọi hoạt động đối với toàn bộ chức năng và nhiệm vụ của phòng Hành Chánh Nhân Sự.',3);
/*!40000 ALTER TABLE `ResumeWorkExperience` ENABLE KEYS */;
UNLOCK TABLES;

--
-- Table structure for table `Resumes_Districts`
--

DROP TABLE IF EXISTS `Resumes_Districts`;
/*!40101 SET @saved_cs_client     = @@character_set_client */;
/*!40101 SET character_set_client = utf8 */;
CREATE TABLE `Resumes_Districts` (
  `resume_id` int(11) NOT NULL,
  `district_id` int(11) NOT NULL,
  PRIMARY KEY (`resume_id`,`district_id`),
  KEY `IDX_B7DB6641D262AF09` (`resume_id`),
  KEY `IDX_B7DB6641B08FA272` (`district_id`),
  CONSTRAINT `FK_B7DB6641B08FA272` FOREIGN KEY (`district_id`) REFERENCES `District` (`id`),
  CONSTRAINT `FK_B7DB6641D262AF09` FOREIGN KEY (`resume_id`) REFERENCES `Resume` (`id`)
) ENGINE=InnoDB DEFAULT CHARSET=utf8 COLLATE=utf8_unicode_ci;
/*!40101 SET character_set_client = @saved_cs_client */;

--
-- Dumping data for table `Resumes_Districts`
--

LOCK TABLES `Resumes_Districts` WRITE;
/*!40000 ALTER TABLE `Resumes_Districts` DISABLE KEYS */;
INSERT INTO `Resumes_Districts` VALUES (1,1),(1,2),(1,25),(1,26),(1,27),(102,21),(103,1),(105,21);
/*!40000 ALTER TABLE `Resumes_Districts` ENABLE KEYS */;
UNLOCK TABLES;

--
-- Table structure for table `Resumes_JobCategories`
--

DROP TABLE IF EXISTS `Resumes_JobCategories`;
/*!40101 SET @saved_cs_client     = @@character_set_client */;
/*!40101 SET character_set_client = utf8 */;
CREATE TABLE `Resumes_JobCategories` (
  `resume_id` int(11) NOT NULL,
  `job_category_id` int(11) NOT NULL,
  PRIMARY KEY (`resume_id`,`job_category_id`),
  KEY `IDX_EF340429D262AF09` (`resume_id`),
  KEY `IDX_EF340429712A86AB` (`job_category_id`),
  CONSTRAINT `FK_EF340429712A86AB` FOREIGN KEY (`job_category_id`) REFERENCES `JobCategory` (`id`),
  CONSTRAINT `FK_EF340429D262AF09` FOREIGN KEY (`resume_id`) REFERENCES `Resume` (`id`)
) ENGINE=InnoDB DEFAULT CHARSET=utf8 COLLATE=utf8_unicode_ci;
/*!40101 SET character_set_client = @saved_cs_client */;

--
-- Dumping data for table `Resumes_JobCategories`
--

LOCK TABLES `Resumes_JobCategories` WRITE;
/*!40000 ALTER TABLE `Resumes_JobCategories` DISABLE KEYS */;
INSERT INTO `Resumes_JobCategories` VALUES (1,7),(1,20),(1,44),(2,20),(2,23),(3,1),(4,24),(4,31),(4,41),(5,14),(5,21),(5,33),(6,37),(7,34),(7,36),(8,6),(8,34),(8,37),(9,35),(10,24),(10,39),(11,29),(11,34),(12,22),(12,41),(13,5),(14,38),(15,4),(16,3),(16,17),(16,27),(17,1),(17,40),(18,22),(18,30),(18,34),(19,37),(19,43),(20,31),(20,32),(21,29),(21,33),(21,36),(22,33),(23,20),(24,1),(24,24),(25,5),(25,7),(25,31),(26,38),(27,7),(27,27),(27,34),(28,22),(28,40),(28,44),(29,29),(30,19),(30,34),(31,44),(32,8),(32,34),(33,28),(33,36),(33,40),(34,26),(34,28),(35,19),(35,42),(36,28),(37,45),(38,22),(38,35),(39,14),(39,26),(39,45),(40,29),(41,31),(42,9),(42,44),(43,40),(44,9),(44,25),(44,30),(45,7),(45,28),(46,31),(47,7),(47,31),(48,7),(48,34),(48,43),(49,7),(49,27),(49,39),(50,6),(50,14),(50,44),(51,12),(51,38),(52,5),(53,1),(53,28),(54,22),(54,38),(54,43),(55,30),(56,15),(56,36),(57,23),(58,3),(58,22),(58,42),(59,41),(60,14),(60,23),(60,36),(61,21),(62,12),(62,33),(63,3),(63,22),(63,40),(64,20),(65,41),(66,45),(67,23),(67,36),(68,35),(69,14),(70,4),(70,23),(70,39),(71,33),(72,14),(73,1),(73,6),(73,18),(74,19),(75,14),(75,35),(76,12),(76,19),(76,21),(77,23),(78,20),(79,3),(79,23),(79,35),(80,22),(81,37),(82,20),(82,40),(83,23),(84,39),(85,27),(86,18),(86,33),(86,42),(87,8),(87,19),(87,21),(88,7),(88,29),(88,44),(89,3),(89,4),(89,27),(90,1),(90,7),(91,4),(91,14),(91,24),(92,7),(92,9),(92,40),(93,19),(94,8),(95,29),(96,6),(97,23),(97,34),(98,17),(98,34),(99,6),(100,26),(100,30),(102,3),(103,3),(104,2),(105,2),(106,1),(107,3);
/*!40000 ALTER TABLE `Resumes_JobCategories` ENABLE KEYS */;
UNLOCK TABLES;

--
-- Table structure for table `Resumes_Provinces`
--

DROP TABLE IF EXISTS `Resumes_Provinces`;
/*!40101 SET @saved_cs_client     = @@character_set_client */;
/*!40101 SET character_set_client = utf8 */;
CREATE TABLE `Resumes_Provinces` (
  `resume_id` int(11) NOT NULL,
  `province_id` int(11) NOT NULL,
  PRIMARY KEY (`resume_id`,`province_id`),
  KEY `IDX_53AEB2CAD262AF09` (`resume_id`),
  KEY `IDX_53AEB2CAE946114A` (`province_id`),
  CONSTRAINT `FK_53AEB2CAD262AF09` FOREIGN KEY (`resume_id`) REFERENCES `Resume` (`id`),
  CONSTRAINT `FK_53AEB2CAE946114A` FOREIGN KEY (`province_id`) REFERENCES `Province` (`id`)
) ENGINE=InnoDB DEFAULT CHARSET=utf8 COLLATE=utf8_unicode_ci;
/*!40101 SET character_set_client = @saved_cs_client */;

--
-- Dumping data for table `Resumes_Provinces`
--

LOCK TABLES `Resumes_Provinces` WRITE;
/*!40000 ALTER TABLE `Resumes_Provinces` DISABLE KEYS */;
INSERT INTO `Resumes_Provinces` VALUES (1,5),(1,6),(1,21),(2,5),(2,34),(2,43),(3,5),(3,31),(3,58),(4,8),(4,25),(5,55),(6,5),(6,59),(7,5),(7,36),(7,38),(8,5),(8,7),(9,5),(9,26),(10,20),(10,32),(11,5),(11,15),(11,25),(12,5),(12,24),(12,62),(13,31),(14,5),(14,42),(14,66),(15,5),(15,20),(16,54),(16,57),(17,5),(17,13),(18,33),(19,32),(20,48),(20,67),(21,5),(21,22),(21,63),(22,20),(23,5),(23,63),(24,5),(24,14),(24,33),(25,5),(25,14),(26,5),(26,20),(26,23),(27,5),(27,52),(28,40),(28,43),(29,5),(29,43),(30,5),(30,46),(30,49),(31,43),(31,57),(32,5),(32,19),(33,62),(34,64),(35,22),(35,68),(36,20),(36,66),(37,27),(37,48),(38,5),(38,35),(39,5),(39,32),(40,5),(40,19),(40,38),(41,5),(41,16),(42,42),(42,46),(43,60),(44,55),(45,5),(45,60),(45,66),(46,9),(46,22),(47,5),(47,21),(48,10),(48,44),(49,55),(49,68),(50,9),(50,25),(51,9),(52,27),(52,62),(53,5),(53,12),(54,11),(54,68),(55,5),(55,40),(56,5),(56,20),(57,5),(57,27),(57,58),(58,5),(58,38),(58,50),(59,5),(59,57),(60,5),(60,23),(61,7),(62,10),(62,36),(63,39),(63,56),(64,5),(64,34),(65,5),(65,64),(65,67),(66,5),(66,8),(66,31),(67,9),(67,50),(68,5),(68,31),(68,50),(69,5),(69,24),(70,5),(70,55),(71,5),(71,10),(71,45),(72,5),(72,12),(72,31),(73,11),(74,31),(74,44),(75,36),(76,5),(76,27),(76,55),(77,5),(77,66),(78,5),(78,59),(79,5),(79,61),(80,15),(80,36),(81,14),(81,24),(82,62),(82,68),(83,5),(83,8),(83,46),(84,14),(85,24),(85,26),(86,39),(86,56),(87,5),(87,26),(87,41),(88,5),(88,16),(88,23),(89,50),(89,51),(90,5),(90,38),(91,5),(91,39),(92,5),(92,29),(92,62),(93,5),(93,19),(94,5),(94,52),(95,61),(96,5),(96,10),(96,12),(97,5),(97,27),(98,10),(98,34),(99,39),(100,56),(102,5),(103,5),(103,6),(104,5),(105,5),(106,5),(107,5);
/*!40000 ALTER TABLE `Resumes_Provinces` ENABLE KEYS */;
UNLOCK TABLES;

--
-- Table structure for table `SavedJob`
--

DROP TABLE IF EXISTS `SavedJob`;
/*!40101 SET @saved_cs_client     = @@character_set_client */;
/*!40101 SET character_set_client = utf8 */;
CREATE TABLE `SavedJob` (
  `id` int(11) NOT NULL AUTO_INCREMENT,
  `job_id` int(11) DEFAULT NULL,
  `jobseeker_id` int(11) DEFAULT NULL,
  `createdAt` datetime DEFAULT NULL,
  `siteId` int(11) NOT NULL,
  PRIMARY KEY (`id`),
  KEY `IDX_977365A2BE04EA9` (`job_id`),
  KEY `idx_jobseeker_id` (`jobseeker_id`),
  CONSTRAINT `FK_977365A2BE04EA9` FOREIGN KEY (`job_id`) REFERENCES `Job` (`id`)
) ENGINE=InnoDB DEFAULT CHARSET=utf8 COLLATE=utf8_unicode_ci;
/*!40101 SET character_set_client = @saved_cs_client */;

--
-- Dumping data for table `SavedJob`
--

LOCK TABLES `SavedJob` WRITE;
/*!40000 ALTER TABLE `SavedJob` DISABLE KEYS */;
/*!40000 ALTER TABLE `SavedJob` ENABLE KEYS */;
UNLOCK TABLES;

--
-- Table structure for table `SavedResume`
--

DROP TABLE IF EXISTS `SavedResume`;
/*!40101 SET @saved_cs_client     = @@character_set_client */;
/*!40101 SET character_set_client = utf8 */;
CREATE TABLE `SavedResume` (
  `id` int(11) NOT NULL AUTO_INCREMENT,
  `resume_id` int(11) DEFAULT NULL,
  `resumefolder_id` int(11) DEFAULT NULL,
  PRIMARY KEY (`id`),
  KEY `IDX_61A6DC4D262AF09` (`resume_id`),
  KEY `IDX_61A6DC4960BD6D7` (`resumefolder_id`),
  CONSTRAINT `FK_61A6DC4960BD6D7` FOREIGN KEY (`resumefolder_id`) REFERENCES `ResumeFolder` (`id`),
  CONSTRAINT `FK_61A6DC4D262AF09` FOREIGN KEY (`resume_id`) REFERENCES `Resume` (`id`)
) ENGINE=InnoDB DEFAULT CHARSET=utf8 COLLATE=utf8_unicode_ci;
/*!40101 SET character_set_client = @saved_cs_client */;

--
-- Dumping data for table `SavedResume`
--

LOCK TABLES `SavedResume` WRITE;
/*!40000 ALTER TABLE `SavedResume` DISABLE KEYS */;
/*!40000 ALTER TABLE `SavedResume` ENABLE KEYS */;
UNLOCK TABLES;

--
-- Table structure for table `School`
--

DROP TABLE IF EXISTS `School`;
/*!40101 SET @saved_cs_client     = @@character_set_client */;
/*!40101 SET character_set_client = utf8 */;
CREATE TABLE `School` (
  `id` int(11) NOT NULL AUTO_INCREMENT,
  `region_id` int(11) DEFAULT NULL,
  `country_id` int(11) DEFAULT NULL,
  `isActive` tinyint(1) NOT NULL,
  `isSpecial` tinyint(1) NOT NULL,
  `code` varchar(255) COLLATE utf8_unicode_ci DEFAULT NULL,
  `nameVi` varchar(255) COLLATE utf8_unicode_ci DEFAULT NULL,
  `nameEn` varchar(255) COLLATE utf8_unicode_ci DEFAULT NULL,
  `nameJa` varchar(255) COLLATE utf8_unicode_ci DEFAULT NULL,
  `nameKh` varchar(255) COLLATE utf8_unicode_ci DEFAULT NULL,
  `nameTh` varchar(255) COLLATE utf8_unicode_ci DEFAULT NULL,
  `nameId` varchar(255) COLLATE utf8_unicode_ci DEFAULT NULL,
  `nameTl` varchar(255) COLLATE utf8_unicode_ci DEFAULT NULL,
  `nameZh` varchar(255) COLLATE utf8_unicode_ci DEFAULT NULL,
  `sortVi` int(11) DEFAULT NULL,
  `sortEn` int(11) DEFAULT NULL,
  `sortJa` int(11) DEFAULT NULL,
  `sortKh` int(11) DEFAULT NULL,
  `sortTh` int(11) DEFAULT NULL,
  `sortId` int(11) DEFAULT NULL,
  `sortTl` int(11) DEFAULT NULL,
  `sortZh` int(11) DEFAULT NULL,
  PRIMARY KEY (`id`),
  UNIQUE KEY `country_id_code` (`country_id`,`code`),
  UNIQUE KEY `country_id_nameVi` (`country_id`,`nameVi`),
  UNIQUE KEY `country_id_nameEn` (`country_id`,`nameEn`),
  UNIQUE KEY `country_id_nameJa` (`country_id`,`nameJa`),
  UNIQUE KEY `country_id_nameKh` (`country_id`,`nameKh`),
  UNIQUE KEY `country_id_nameTh` (`country_id`,`nameTh`),
  UNIQUE KEY `country_id_nameId` (`country_id`,`nameId`),
  UNIQUE KEY `country_id_nameTl` (`country_id`,`nameTl`),
  UNIQUE KEY `country_id_nameZh` (`country_id`,`nameZh`),
  KEY `IDX_FE32DF8D98260155` (`region_id`),
  KEY `IDX_FE32DF8DF92F3E70` (`country_id`),
  CONSTRAINT `FK_FE32DF8D98260155` FOREIGN KEY (`region_id`) REFERENCES `Region` (`id`),
  CONSTRAINT `FK_FE32DF8DF92F3E70` FOREIGN KEY (`country_id`) REFERENCES `Country` (`id`)
) ENGINE=InnoDB AUTO_INCREMENT=18 DEFAULT CHARSET=utf8 COLLATE=utf8_unicode_ci;
/*!40101 SET character_set_client = @saved_cs_client */;

--
-- Dumping data for table `School`
--

LOCK TABLES `School` WRITE;
/*!40000 ALTER TABLE `School` DISABLE KEYS */;
INSERT INTO `School` VALUES (1,4,1,1,0,'OTHER','others','others','others',NULL,NULL,NULL,NULL,NULL,100,100,100,100,100,NULL,NULL,NULL),(2,1,1,1,0,NULL,'ĐH Bách Khoa Hà Nội','Ha Noi University of Technology','ハノイ工科大学',NULL,NULL,NULL,NULL,NULL,1,1,1,1,1,NULL,NULL,NULL),(3,1,1,1,0,'TRADE_UNION','ĐH Công Đoàn','Vietnam Trade Union University','Vietnam Trade Union University (ja)',NULL,NULL,NULL,NULL,NULL,2,2,2,2,2,NULL,NULL,NULL),(4,2,1,1,0,NULL,'ĐH Công nghệ Vạn Xuân','Van Xuan University of Technology','Van Xuan University of Technology (ja)',NULL,NULL,NULL,NULL,NULL,3,3,3,3,3,NULL,NULL,NULL),(5,2,1,1,0,NULL,'ĐH Đà Lạt','University of DaLat','University of DaLat (ja)',NULL,NULL,NULL,NULL,NULL,4,4,4,4,4,NULL,NULL,NULL),(6,3,1,1,0,NULL,'ĐH An Giang','An Giang University','An Giang University (ja)',NULL,NULL,NULL,NULL,NULL,5,5,5,5,5,NULL,NULL,NULL),(7,3,1,1,0,NULL,'ĐH Lao động - Xã hội CSII TP.HCM','University of Labor and Social affairs HCMC','University of Labor and Social affairs HCMC (ja)',NULL,NULL,NULL,NULL,NULL,6,6,6,6,6,NULL,NULL,NULL),(8,6,2,1,0,NULL,NULL,'University of Tokyo','東京大学',NULL,NULL,NULL,NULL,NULL,1,1,1,1,1,NULL,NULL,NULL),(9,7,2,1,0,'OTHER','others','others','others',NULL,NULL,NULL,NULL,NULL,100,100,100,100,100,NULL,NULL,NULL),(10,8,3,1,0,NULL,NULL,'Phnom Penh University',NULL,NULL,NULL,NULL,NULL,NULL,1,1,1,1,1,NULL,NULL,NULL),(11,8,3,1,0,'OTHER',NULL,'others',NULL,NULL,NULL,NULL,NULL,NULL,100,100,100,100,100,NULL,NULL,NULL),(12,9,4,1,0,NULL,NULL,'Bangkok University',NULL,NULL,NULL,NULL,NULL,NULL,1,1,1,1,1,NULL,NULL,NULL),(13,9,4,1,0,'OTHER',NULL,'others',NULL,NULL,NULL,NULL,NULL,NULL,100,100,100,100,100,NULL,NULL,NULL),(14,10,5,1,0,'OTHER',NULL,'others',NULL,NULL,NULL,NULL,NULL,NULL,100,100,100,100,100,NULL,NULL,NULL),(15,11,6,1,0,'OTHER',NULL,'others',NULL,NULL,NULL,NULL,NULL,NULL,100,100,100,100,100,NULL,NULL,NULL),(16,12,7,1,0,'OTHER',NULL,'others',NULL,NULL,NULL,NULL,NULL,NULL,100,100,100,100,100,NULL,NULL,NULL),(17,13,8,1,0,'OTHER',NULL,'others',NULL,NULL,NULL,NULL,NULL,NULL,100,100,100,100,100,NULL,NULL,NULL);
/*!40000 ALTER TABLE `School` ENABLE KEYS */;
UNLOCK TABLES;

--
-- Table structure for table `Schools_EducationLevels`
--

DROP TABLE IF EXISTS `Schools_EducationLevels`;
/*!40101 SET @saved_cs_client     = @@character_set_client */;
/*!40101 SET character_set_client = utf8 */;
CREATE TABLE `Schools_EducationLevels` (
  `school_id` int(11) NOT NULL,
  `education_level_id` int(11) NOT NULL,
  PRIMARY KEY (`school_id`,`education_level_id`),
  KEY `IDX_3D8C524EC32A47EE` (`school_id`),
  KEY `IDX_3D8C524ED7A5352E` (`education_level_id`),
  CONSTRAINT `FK_3D8C524EC32A47EE` FOREIGN KEY (`school_id`) REFERENCES `School` (`id`),
  CONSTRAINT `FK_3D8C524ED7A5352E` FOREIGN KEY (`education_level_id`) REFERENCES `EducationLevel` (`id`)
) ENGINE=InnoDB DEFAULT CHARSET=utf8 COLLATE=utf8_unicode_ci;
/*!40101 SET character_set_client = @saved_cs_client */;

--
-- Dumping data for table `Schools_EducationLevels`
--

LOCK TABLES `Schools_EducationLevels` WRITE;
/*!40000 ALTER TABLE `Schools_EducationLevels` DISABLE KEYS */;
INSERT INTO `Schools_EducationLevels` VALUES (1,1),(1,2),(1,3),(1,4),(1,5),(1,6),(1,7),(1,8),(1,9),(1,10),(1,12),(1,13),(1,14),(1,15),(1,16),(1,17),(1,18),(2,5),(2,6),(2,8),(2,9),(2,10),(2,12),(2,13),(2,14),(2,15),(2,16),(2,17),(2,18),(3,5),(3,6),(3,8),(3,9),(3,10),(3,12),(3,13),(3,14),(3,15),(3,16),(3,17),(3,18),(4,5),(4,6),(4,8),(4,9),(4,10),(4,12),(4,13),(4,14),(4,15),(4,16),(4,17),(4,18),(5,5),(5,6),(5,8),(5,9),(5,10),(5,12),(5,13),(5,14),(5,15),(5,16),(5,17),(5,18),(6,5),(6,6),(6,8),(6,9),(6,10),(6,12),(6,13),(6,14),(6,15),(6,16),(6,17),(6,18),(7,5),(7,6),(7,8),(7,9),(7,10),(7,12),(7,13),(7,14),(7,15),(7,16),(7,17),(7,18),(8,5),(8,6),(8,8),(8,9),(8,10),(8,12),(8,13),(8,14),(8,15),(8,16),(8,17),(8,18),(9,1),(9,2),(9,3),(9,4),(9,5),(9,6),(9,7),(9,8),(9,9),(9,10),(9,12),(9,13),(9,14),(9,15),(9,16),(9,17),(9,18),(10,5),(10,6),(10,8),(10,9),(10,10),(10,12),(10,13),(10,14),(10,15),(10,16),(10,17),(10,18),(11,1),(11,2),(11,3),(11,4),(11,5),(11,6),(11,7),(11,8),(11,9),(11,10),(11,12),(11,13),(11,14),(11,15),(11,16),(11,17),(11,18),(12,5),(12,6),(12,8),(12,9),(12,10),(12,12),(12,13),(12,14),(12,15),(12,16),(12,17),(12,18),(13,1),(13,2),(13,3),(13,4),(13,5),(13,6),(13,7),(13,8),(13,9),(13,10),(13,12),(13,13),(13,14),(13,15),(13,16),(13,17),(13,18),(14,1),(14,2),(14,3),(14,4),(14,5),(14,6),(14,7),(14,8),(14,9),(14,10),(14,12),(14,13),(14,14),(14,15),(14,16),(14,17),(14,18),(15,1),(15,2),(15,3),(15,4),(15,5),(15,6),(15,7),(15,8),(15,9),(15,10),(15,12),(15,13),(15,14),(15,15),(15,16),(15,17),(15,18),(16,1),(16,2),(16,3),(16,4),(16,5),(16,6),(16,7),(16,8),(16,9),(16,10),(16,12),(16,13),(16,14),(16,15),(16,16),(16,17),(16,18),(17,1),(17,2),(17,3),(17,4),(17,5),(17,6),(17,7),(17,8),(17,9),(17,10),(17,12),(17,13),(17,14),(17,15),(17,16),(17,17),(17,18);
/*!40000 ALTER TABLE `Schools_EducationLevels` ENABLE KEYS */;
UNLOCK TABLES;

--
-- Table structure for table `SiteArchivedResume`
--

DROP TABLE IF EXISTS `SiteArchivedResume`;
/*!40101 SET @saved_cs_client     = @@character_set_client */;
/*!40101 SET character_set_client = utf8 */;
CREATE TABLE `SiteArchivedResume` (
  `id` int(11) NOT NULL AUTO_INCREMENT,
  `resume_id` int(11) DEFAULT NULL,
  `enabled_site_id` int(11) NOT NULL,
  PRIMARY KEY (`id`),
  UNIQUE KEY `UNIQ_5DDDD846D262AF097D78E05B` (`resume_id`,`enabled_site_id`),
  KEY `IDX_5DDDD846D262AF09` (`resume_id`),
  CONSTRAINT `FK_5DDDD846D262AF09` FOREIGN KEY (`resume_id`) REFERENCES `ArchivedResume` (`id`)
) ENGINE=InnoDB DEFAULT CHARSET=utf8 COLLATE=utf8_unicode_ci;
/*!40101 SET character_set_client = @saved_cs_client */;

--
-- Dumping data for table `SiteArchivedResume`
--

LOCK TABLES `SiteArchivedResume` WRITE;
/*!40000 ALTER TABLE `SiteArchivedResume` DISABLE KEYS */;
/*!40000 ALTER TABLE `SiteArchivedResume` ENABLE KEYS */;
UNLOCK TABLES;

--
-- Table structure for table `SiteCareerAdviceCategory`
--

DROP TABLE IF EXISTS `SiteCareerAdviceCategory`;
/*!40101 SET @saved_cs_client     = @@character_set_client */;
/*!40101 SET character_set_client = utf8 */;
CREATE TABLE `SiteCareerAdviceCategory` (
  `id` int(11) NOT NULL AUTO_INCREMENT,
  `career_advice_category_id` int(11) DEFAULT NULL,
  `sortVi` int(11) DEFAULT NULL,
  `sortEn` int(11) DEFAULT NULL,
  `sortJa` int(11) DEFAULT NULL,
  `sortKh` int(11) DEFAULT NULL,
  `sortTh` int(11) DEFAULT NULL,
  `sortId` int(11) DEFAULT NULL,
  `sortTl` int(11) DEFAULT NULL,
  `sortZh` int(11) DEFAULT NULL,
  `siteId` int(11) NOT NULL,
  PRIMARY KEY (`id`),
  UNIQUE KEY `UNIQ_A324A04E6973A4FDFECF2541` (`siteId`,`career_advice_category_id`),
  KEY `IDX_A324A04EFECF2541` (`career_advice_category_id`),
  CONSTRAINT `FK_A324A04EFECF2541` FOREIGN KEY (`career_advice_category_id`) REFERENCES `CareerAdviceCategory` (`id`)
) ENGINE=InnoDB AUTO_INCREMENT=11 DEFAULT CHARSET=utf8 COLLATE=utf8_unicode_ci;
/*!40101 SET character_set_client = @saved_cs_client */;

--
-- Dumping data for table `SiteCareerAdviceCategory`
--

LOCK TABLES `SiteCareerAdviceCategory` WRITE;
/*!40000 ALTER TABLE `SiteCareerAdviceCategory` DISABLE KEYS */;
INSERT INTO `SiteCareerAdviceCategory` VALUES (1,1,1,1,1,1,1,NULL,NULL,NULL,1),(2,2,2,2,2,2,2,NULL,NULL,NULL,1),(3,3,3,3,3,3,3,NULL,NULL,NULL,1),(4,4,4,4,4,4,4,NULL,NULL,NULL,1),(5,5,5,5,5,5,5,NULL,NULL,NULL,1),(6,6,5,5,5,5,5,NULL,NULL,NULL,1),(7,7,6,6,6,6,6,NULL,NULL,NULL,1),(8,8,7,7,7,7,7,NULL,NULL,NULL,1),(9,9,NULL,NULL,NULL,NULL,NULL,NULL,NULL,NULL,1),(10,10,NULL,NULL,NULL,NULL,NULL,NULL,NULL,NULL,1);
/*!40000 ALTER TABLE `SiteCareerAdviceCategory` ENABLE KEYS */;
UNLOCK TABLES;

--
-- Table structure for table `SiteCareerAdvicePage`
--

DROP TABLE IF EXISTS `SiteCareerAdvicePage`;
/*!40101 SET @saved_cs_client     = @@character_set_client */;
/*!40101 SET character_set_client = utf8 */;
CREATE TABLE `SiteCareerAdvicePage` (
  `id` int(11) NOT NULL AUTO_INCREMENT,
  `career_advice_page_id` int(11) DEFAULT NULL,
  `sortVi` int(11) DEFAULT NULL,
  `sortEn` int(11) DEFAULT NULL,
  `sortJa` int(11) DEFAULT NULL,
  `sortKh` int(11) DEFAULT NULL,
  `sortTh` int(11) DEFAULT NULL,
  `sortId` int(11) DEFAULT NULL,
  `sortTl` int(11) DEFAULT NULL,
  `sortZh` int(11) DEFAULT NULL,
  `siteId` int(11) NOT NULL,
  PRIMARY KEY (`id`),
  UNIQUE KEY `UNIQ_393F7E096973A4FD17F9946B` (`siteId`,`career_advice_page_id`),
  KEY `IDX_393F7E0917F9946B` (`career_advice_page_id`),
  CONSTRAINT `FK_393F7E0917F9946B` FOREIGN KEY (`career_advice_page_id`) REFERENCES `CareerAdvicePage` (`id`)
) ENGINE=InnoDB AUTO_INCREMENT=16 DEFAULT CHARSET=utf8 COLLATE=utf8_unicode_ci;
/*!40101 SET character_set_client = @saved_cs_client */;

--
-- Dumping data for table `SiteCareerAdvicePage`
--

LOCK TABLES `SiteCareerAdvicePage` WRITE;
/*!40000 ALTER TABLE `SiteCareerAdvicePage` DISABLE KEYS */;
INSERT INTO `SiteCareerAdvicePage` VALUES (1,1,1,1,1,1,1,1,NULL,NULL,1),(2,2,2,2,2,2,2,2,NULL,NULL,1),(3,3,3,3,3,3,3,3,NULL,NULL,1),(4,4,4,4,4,4,4,4,NULL,NULL,1),(5,5,5,5,5,5,5,5,NULL,NULL,1),(6,6,6,6,6,6,6,6,NULL,NULL,1),(7,7,7,7,7,7,7,7,NULL,NULL,1),(8,8,8,8,8,8,8,8,NULL,NULL,1),(9,9,9,9,9,9,9,9,NULL,NULL,1),(10,10,10,10,10,10,10,10,NULL,NULL,1),(11,11,10,10,10,10,10,10,NULL,NULL,1),(12,12,10,10,10,10,10,10,NULL,NULL,1),(13,13,10,10,10,10,10,10,NULL,NULL,1),(14,14,10,10,10,10,10,10,NULL,NULL,1),(15,15,10,10,10,10,10,10,NULL,NULL,1);
/*!40000 ALTER TABLE `SiteCareerAdvicePage` ENABLE KEYS */;
UNLOCK TABLES;

--
-- Table structure for table `SiteCareerAdviceSubCategory`
--

DROP TABLE IF EXISTS `SiteCareerAdviceSubCategory`;
/*!40101 SET @saved_cs_client     = @@character_set_client */;
/*!40101 SET character_set_client = utf8 */;
CREATE TABLE `SiteCareerAdviceSubCategory` (
  `id` int(11) NOT NULL AUTO_INCREMENT,
  `career_advice_sub_category_id` int(11) DEFAULT NULL,
  `sortVi` int(11) DEFAULT NULL,
  `sortEn` int(11) DEFAULT NULL,
  `sortJa` int(11) DEFAULT NULL,
  `sortKh` int(11) DEFAULT NULL,
  `sortTh` int(11) DEFAULT NULL,
  `sortId` int(11) DEFAULT NULL,
  `sortTl` int(11) DEFAULT NULL,
  `sortZh` int(11) DEFAULT NULL,
  `siteId` int(11) NOT NULL,
  PRIMARY KEY (`id`),
  UNIQUE KEY `UNIQ_68AD669D6973A4FD20D17C6E` (`siteId`,`career_advice_sub_category_id`),
  KEY `IDX_68AD669D20D17C6E` (`career_advice_sub_category_id`),
  CONSTRAINT `FK_68AD669D20D17C6E` FOREIGN KEY (`career_advice_sub_category_id`) REFERENCES `CareerAdviceSubCategory` (`id`)
) ENGINE=InnoDB AUTO_INCREMENT=13 DEFAULT CHARSET=utf8 COLLATE=utf8_unicode_ci;
/*!40101 SET character_set_client = @saved_cs_client */;

--
-- Dumping data for table `SiteCareerAdviceSubCategory`
--

LOCK TABLES `SiteCareerAdviceSubCategory` WRITE;
/*!40000 ALTER TABLE `SiteCareerAdviceSubCategory` DISABLE KEYS */;
INSERT INTO `SiteCareerAdviceSubCategory` VALUES (1,1,1,1,1,1,1,1,NULL,NULL,1),(2,2,1,1,1,1,1,1,NULL,NULL,1),(3,3,1,1,1,1,1,1,NULL,NULL,1),(4,4,1,1,1,1,1,1,NULL,NULL,1),(5,5,1,1,1,1,1,1,NULL,NULL,1),(6,6,1,1,1,1,1,1,NULL,NULL,1),(7,7,1,1,1,1,1,1,NULL,NULL,1),(8,8,1,1,1,1,1,1,NULL,NULL,1),(9,9,1,1,1,1,1,1,NULL,NULL,1),(10,10,1,1,1,1,1,1,NULL,NULL,1),(11,11,1,1,1,1,1,1,NULL,NULL,1),(12,12,1,1,1,1,1,1,NULL,NULL,1);
/*!40000 ALTER TABLE `SiteCareerAdviceSubCategory` ENABLE KEYS */;
UNLOCK TABLES;

--
-- Table structure for table `SiteDistrict`
--

DROP TABLE IF EXISTS `SiteDistrict`;
/*!40101 SET @saved_cs_client     = @@character_set_client */;
/*!40101 SET character_set_client = utf8 */;
CREATE TABLE `SiteDistrict` (
  `id` int(11) NOT NULL AUTO_INCREMENT,
  `district_id` int(11) DEFAULT NULL,
  `sortVi` int(11) DEFAULT NULL,
  `sortEn` int(11) DEFAULT NULL,
  `sortJa` int(11) DEFAULT NULL,
  `sortKh` int(11) DEFAULT NULL,
  `sortTh` int(11) DEFAULT NULL,
  `sortId` int(11) DEFAULT NULL,
  `sortTl` int(11) DEFAULT NULL,
  `sortZh` int(11) DEFAULT NULL,
  `siteId` int(11) NOT NULL,
  PRIMARY KEY (`id`),
  UNIQUE KEY `UNIQ_5F6AEE9F6973A4FDB08FA272` (`siteId`,`district_id`),
  KEY `IDX_5F6AEE9FB08FA272` (`district_id`),
  CONSTRAINT `FK_5F6AEE9FB08FA272` FOREIGN KEY (`district_id`) REFERENCES `District` (`id`)
) ENGINE=InnoDB AUTO_INCREMENT=55 DEFAULT CHARSET=utf8 COLLATE=utf8_unicode_ci;
/*!40101 SET character_set_client = @saved_cs_client */;

--
-- Dumping data for table `SiteDistrict`
--

LOCK TABLES `SiteDistrict` WRITE;
/*!40000 ALTER TABLE `SiteDistrict` DISABLE KEYS */;
INSERT INTO `SiteDistrict` VALUES (1,1,1,1,1,NULL,NULL,NULL,NULL,NULL,1),(2,2,2,2,2,NULL,NULL,NULL,NULL,NULL,1),(3,3,3,3,3,NULL,NULL,NULL,NULL,NULL,1),(4,4,4,4,4,NULL,NULL,NULL,NULL,NULL,1),(5,5,5,5,5,NULL,NULL,NULL,NULL,NULL,1),(6,6,6,6,6,NULL,NULL,NULL,NULL,NULL,1),(7,7,7,7,7,NULL,NULL,NULL,NULL,NULL,1),(8,8,8,8,8,NULL,NULL,NULL,NULL,NULL,1),(9,9,9,9,9,NULL,NULL,NULL,NULL,NULL,1),(10,10,10,10,10,NULL,NULL,NULL,NULL,NULL,1),(11,11,11,11,11,NULL,NULL,NULL,NULL,NULL,1),(12,12,12,12,12,NULL,NULL,NULL,NULL,NULL,1),(13,13,13,13,13,NULL,NULL,NULL,NULL,NULL,1),(14,14,14,14,14,NULL,NULL,NULL,NULL,NULL,1),(15,15,15,15,15,NULL,NULL,NULL,NULL,NULL,1),(16,16,16,16,16,NULL,NULL,NULL,NULL,NULL,1),(17,17,17,17,17,NULL,NULL,NULL,NULL,NULL,1),(18,18,18,18,18,NULL,NULL,NULL,NULL,NULL,1),(19,19,19,19,19,NULL,NULL,NULL,NULL,NULL,1),(20,20,20,20,20,NULL,NULL,NULL,NULL,NULL,1),(21,21,21,21,21,NULL,NULL,NULL,NULL,NULL,1),(22,22,22,22,22,NULL,NULL,NULL,NULL,NULL,1),(23,23,23,23,23,NULL,NULL,NULL,NULL,NULL,1),(24,24,24,24,24,NULL,NULL,NULL,NULL,NULL,1),(25,25,25,25,25,NULL,NULL,NULL,NULL,NULL,1),(26,26,26,26,26,NULL,NULL,NULL,NULL,NULL,1),(27,27,27,27,27,NULL,NULL,NULL,NULL,NULL,1),(28,28,28,28,28,NULL,NULL,NULL,NULL,NULL,1),(29,29,29,29,29,NULL,NULL,NULL,NULL,NULL,1),(30,30,30,30,30,NULL,NULL,NULL,NULL,NULL,1),(31,31,31,31,31,NULL,NULL,NULL,NULL,NULL,1),(32,32,32,32,32,NULL,NULL,NULL,NULL,NULL,1),(33,33,33,33,33,NULL,NULL,NULL,NULL,NULL,1),(34,34,34,34,34,NULL,NULL,NULL,NULL,NULL,1),(35,35,35,35,35,NULL,NULL,NULL,NULL,NULL,1),(36,36,36,36,36,NULL,NULL,NULL,NULL,NULL,1),(37,37,37,37,37,NULL,NULL,NULL,NULL,NULL,1),(38,38,38,38,38,NULL,NULL,NULL,NULL,NULL,1),(39,39,39,39,39,NULL,NULL,NULL,NULL,NULL,1),(40,40,40,40,40,NULL,NULL,NULL,NULL,NULL,1),(41,41,41,41,41,NULL,NULL,NULL,NULL,NULL,1),(42,42,42,42,42,NULL,NULL,NULL,NULL,NULL,1),(43,43,43,43,43,NULL,NULL,NULL,NULL,NULL,1),(44,44,44,44,44,NULL,NULL,NULL,NULL,NULL,1),(45,45,45,45,45,NULL,NULL,NULL,NULL,NULL,1),(46,46,46,46,46,NULL,NULL,NULL,NULL,NULL,1),(47,47,47,47,47,NULL,NULL,NULL,NULL,NULL,1),(48,48,48,48,48,NULL,NULL,NULL,NULL,NULL,1),(49,49,49,49,49,NULL,NULL,NULL,NULL,NULL,1),(50,50,50,50,50,NULL,NULL,NULL,NULL,NULL,1),(51,51,51,51,51,NULL,NULL,NULL,NULL,NULL,1),(52,52,52,52,52,NULL,NULL,NULL,NULL,NULL,1),(53,53,53,53,53,NULL,NULL,NULL,NULL,NULL,1),(54,54,54,54,54,NULL,NULL,NULL,NULL,NULL,1);
/*!40000 ALTER TABLE `SiteDistrict` ENABLE KEYS */;
UNLOCK TABLES;

--
-- Table structure for table `SiteHiringAdviceCategory`
--

DROP TABLE IF EXISTS `SiteHiringAdviceCategory`;
/*!40101 SET @saved_cs_client     = @@character_set_client */;
/*!40101 SET character_set_client = utf8 */;
CREATE TABLE `SiteHiringAdviceCategory` (
  `id` int(11) NOT NULL AUTO_INCREMENT,
  `career_advice_category_id` int(11) DEFAULT NULL,
  `sortVi` int(11) DEFAULT NULL,
  `sortEn` int(11) DEFAULT NULL,
  `sortJa` int(11) DEFAULT NULL,
  `sortKh` int(11) DEFAULT NULL,
  `sortTh` int(11) DEFAULT NULL,
  `sortId` int(11) DEFAULT NULL,
  `sortTl` int(11) DEFAULT NULL,
  `sortZh` int(11) DEFAULT NULL,
  `siteId` int(11) NOT NULL,
  PRIMARY KEY (`id`),
  UNIQUE KEY `UNIQ_20D1449B6973A4FDFECF2541` (`siteId`,`career_advice_category_id`),
  KEY `IDX_20D1449BFECF2541` (`career_advice_category_id`),
  CONSTRAINT `FK_20D1449BFECF2541` FOREIGN KEY (`career_advice_category_id`) REFERENCES `HiringAdviceCategory` (`id`)
) ENGINE=InnoDB AUTO_INCREMENT=6 DEFAULT CHARSET=utf8 COLLATE=utf8_unicode_ci;
/*!40101 SET character_set_client = @saved_cs_client */;

--
-- Dumping data for table `SiteHiringAdviceCategory`
--

LOCK TABLES `SiteHiringAdviceCategory` WRITE;
/*!40000 ALTER TABLE `SiteHiringAdviceCategory` DISABLE KEYS */;
INSERT INTO `SiteHiringAdviceCategory` VALUES (1,1,1,1,1,1,1,1,NULL,NULL,1),(2,2,2,2,2,2,2,2,NULL,NULL,1),(3,3,3,3,3,3,3,3,NULL,NULL,1),(4,4,4,4,4,4,4,4,NULL,NULL,1),(5,5,5,5,5,5,5,5,NULL,NULL,1);
/*!40000 ALTER TABLE `SiteHiringAdviceCategory` ENABLE KEYS */;
UNLOCK TABLES;

--
-- Table structure for table `SiteHiringAdvicePage`
--

DROP TABLE IF EXISTS `SiteHiringAdvicePage`;
/*!40101 SET @saved_cs_client     = @@character_set_client */;
/*!40101 SET character_set_client = utf8 */;
CREATE TABLE `SiteHiringAdvicePage` (
  `id` int(11) NOT NULL AUTO_INCREMENT,
  `career_advice_page_id` int(11) DEFAULT NULL,
  `sortVi` int(11) DEFAULT NULL,
  `sortEn` int(11) DEFAULT NULL,
  `sortJa` int(11) DEFAULT NULL,
  `sortKh` int(11) DEFAULT NULL,
  `sortTh` int(11) DEFAULT NULL,
  `sortId` int(11) DEFAULT NULL,
  `sortTl` int(11) DEFAULT NULL,
  `sortZh` int(11) DEFAULT NULL,
  `siteId` int(11) NOT NULL,
  PRIMARY KEY (`id`),
  UNIQUE KEY `UNIQ_98E4EC4F6973A4FD17F9946B` (`siteId`,`career_advice_page_id`),
  KEY `IDX_98E4EC4F17F9946B` (`career_advice_page_id`),
  CONSTRAINT `FK_98E4EC4F17F9946B` FOREIGN KEY (`career_advice_page_id`) REFERENCES `HiringAdvicePage` (`id`)
) ENGINE=InnoDB AUTO_INCREMENT=11 DEFAULT CHARSET=utf8 COLLATE=utf8_unicode_ci;
/*!40101 SET character_set_client = @saved_cs_client */;

--
-- Dumping data for table `SiteHiringAdvicePage`
--

LOCK TABLES `SiteHiringAdvicePage` WRITE;
/*!40000 ALTER TABLE `SiteHiringAdvicePage` DISABLE KEYS */;
INSERT INTO `SiteHiringAdvicePage` VALUES (1,1,1,1,1,1,1,1,NULL,NULL,1),(2,2,3,3,3,3,3,3,NULL,NULL,1),(3,3,4,4,4,4,4,4,NULL,NULL,1),(4,4,5,5,5,5,5,5,NULL,NULL,1),(5,5,6,6,6,6,6,6,NULL,NULL,1),(6,6,7,7,7,7,7,7,NULL,NULL,1),(7,7,8,8,8,8,8,8,NULL,NULL,1),(8,8,9,9,9,9,9,9,NULL,NULL,1),(9,9,10,10,10,10,10,10,NULL,NULL,1),(10,10,11,11,11,11,11,11,NULL,NULL,1);
/*!40000 ALTER TABLE `SiteHiringAdvicePage` ENABLE KEYS */;
UNLOCK TABLES;

--
-- Table structure for table `SiteHiringAdviceSubCategory`
--

DROP TABLE IF EXISTS `SiteHiringAdviceSubCategory`;
/*!40101 SET @saved_cs_client     = @@character_set_client */;
/*!40101 SET character_set_client = utf8 */;
CREATE TABLE `SiteHiringAdviceSubCategory` (
  `id` int(11) NOT NULL AUTO_INCREMENT,
  `career_advice_sub_category_id` int(11) DEFAULT NULL,
  `sortVi` int(11) DEFAULT NULL,
  `sortEn` int(11) DEFAULT NULL,
  `sortJa` int(11) DEFAULT NULL,
  `sortKh` int(11) DEFAULT NULL,
  `sortTh` int(11) DEFAULT NULL,
  `sortId` int(11) DEFAULT NULL,
  `sortTl` int(11) DEFAULT NULL,
  `sortZh` int(11) DEFAULT NULL,
  `siteId` int(11) NOT NULL,
  PRIMARY KEY (`id`),
  UNIQUE KEY `UNIQ_142AA1BE6973A4FD20D17C6E` (`siteId`,`career_advice_sub_category_id`),
  KEY `IDX_142AA1BE20D17C6E` (`career_advice_sub_category_id`),
  CONSTRAINT `FK_142AA1BE20D17C6E` FOREIGN KEY (`career_advice_sub_category_id`) REFERENCES `HiringAdviceSubCategory` (`id`)
) ENGINE=InnoDB AUTO_INCREMENT=7 DEFAULT CHARSET=utf8 COLLATE=utf8_unicode_ci;
/*!40101 SET character_set_client = @saved_cs_client */;

--
-- Dumping data for table `SiteHiringAdviceSubCategory`
--

LOCK TABLES `SiteHiringAdviceSubCategory` WRITE;
/*!40000 ALTER TABLE `SiteHiringAdviceSubCategory` DISABLE KEYS */;
INSERT INTO `SiteHiringAdviceSubCategory` VALUES (1,1,1,1,1,1,1,1,NULL,NULL,1),(2,2,2,2,2,2,2,2,NULL,NULL,1),(3,3,3,3,3,3,3,3,NULL,NULL,1),(4,4,4,4,4,4,4,4,NULL,NULL,1),(5,5,5,5,5,5,5,5,NULL,NULL,1),(6,6,7,7,7,7,7,7,NULL,NULL,1);
/*!40000 ALTER TABLE `SiteHiringAdviceSubCategory` ENABLE KEYS */;
UNLOCK TABLES;

--
-- Table structure for table `SiteJobCategory`
--

DROP TABLE IF EXISTS `SiteJobCategory`;
/*!40101 SET @saved_cs_client     = @@character_set_client */;
/*!40101 SET character_set_client = utf8 */;
CREATE TABLE `SiteJobCategory` (
  `id` int(11) NOT NULL AUTO_INCREMENT,
  `job_category_id` int(11) DEFAULT NULL,
  `sortVi` int(11) DEFAULT NULL,
  `sortEn` int(11) DEFAULT NULL,
  `sortJa` int(11) DEFAULT NULL,
  `sortKh` int(11) DEFAULT NULL,
  `sortTh` int(11) DEFAULT NULL,
  `sortId` int(11) DEFAULT NULL,
  `sortTl` int(11) DEFAULT NULL,
  `sortZh` int(11) DEFAULT NULL,
  `siteId` int(11) NOT NULL,
  PRIMARY KEY (`id`),
  UNIQUE KEY `UNIQ_5C86E3856973A4FD712A86AB` (`siteId`,`job_category_id`),
  KEY `IDX_5C86E385712A86AB` (`job_category_id`),
  CONSTRAINT `FK_5C86E385712A86AB` FOREIGN KEY (`job_category_id`) REFERENCES `JobCategory` (`id`)
) ENGINE=InnoDB AUTO_INCREMENT=46 DEFAULT CHARSET=utf8 COLLATE=utf8_unicode_ci;
/*!40101 SET character_set_client = @saved_cs_client */;

--
-- Dumping data for table `SiteJobCategory`
--

LOCK TABLES `SiteJobCategory` WRITE;
/*!40000 ALTER TABLE `SiteJobCategory` DISABLE KEYS */;
INSERT INTO `SiteJobCategory` VALUES (1,1,1,1,1,1,1,NULL,NULL,NULL,1),(2,2,2,2,2,2,2,NULL,NULL,NULL,1),(3,3,3,3,3,3,3,NULL,NULL,NULL,1),(4,4,4,4,4,4,4,NULL,NULL,NULL,1),(5,5,5,5,5,5,5,NULL,NULL,NULL,1),(6,6,6,6,6,6,6,NULL,NULL,NULL,1),(7,7,7,7,7,7,7,NULL,NULL,NULL,1),(8,8,8,8,8,8,8,NULL,NULL,NULL,1),(9,9,9,9,9,9,9,NULL,NULL,NULL,1),(10,10,10,10,10,10,10,NULL,NULL,NULL,1),(11,11,11,11,11,11,11,NULL,NULL,NULL,1),(12,12,12,12,12,12,12,NULL,NULL,NULL,1),(13,13,13,13,13,13,13,NULL,NULL,NULL,1),(14,14,14,14,14,14,14,NULL,NULL,NULL,1),(15,15,15,15,15,15,15,NULL,NULL,NULL,1),(16,16,16,16,16,16,16,NULL,NULL,NULL,1),(17,17,17,17,17,17,17,NULL,NULL,NULL,1),(18,18,18,18,18,18,18,NULL,NULL,NULL,1),(19,19,19,19,19,19,19,NULL,NULL,NULL,1),(20,20,20,20,20,20,20,NULL,NULL,NULL,1),(21,21,21,21,21,21,21,NULL,NULL,NULL,1),(22,22,22,22,22,22,22,NULL,NULL,NULL,1),(23,23,23,23,23,23,23,NULL,NULL,NULL,1),(24,24,24,24,24,24,24,NULL,NULL,NULL,1),(25,25,25,25,25,25,25,NULL,NULL,NULL,1),(26,26,26,26,26,26,26,NULL,NULL,NULL,1),(27,27,27,27,27,27,27,NULL,NULL,NULL,1),(28,28,28,28,28,28,28,NULL,NULL,NULL,1),(29,29,29,29,29,29,29,NULL,NULL,NULL,1),(30,30,30,30,30,30,30,NULL,NULL,NULL,1),(31,31,31,31,31,31,31,NULL,NULL,NULL,1),(32,32,32,32,32,32,32,NULL,NULL,NULL,1),(33,33,33,33,33,33,33,NULL,NULL,NULL,1),(34,34,34,34,34,34,34,NULL,NULL,NULL,1),(35,35,35,35,35,35,35,NULL,NULL,NULL,1),(36,36,36,36,36,36,36,NULL,NULL,NULL,1),(37,37,37,37,37,37,37,NULL,NULL,NULL,1),(38,38,38,38,38,38,38,NULL,NULL,NULL,1),(39,39,39,39,39,39,39,NULL,NULL,NULL,1),(40,40,40,40,40,40,40,NULL,NULL,NULL,1),(41,41,41,41,41,41,41,NULL,NULL,NULL,1),(42,42,42,42,42,42,42,NULL,NULL,NULL,1),(43,43,43,43,43,43,43,NULL,NULL,NULL,1),(44,44,44,44,44,44,44,NULL,NULL,NULL,1),(45,45,45,45,45,45,45,NULL,NULL,NULL,1);
/*!40000 ALTER TABLE `SiteJobCategory` ENABLE KEYS */;
UNLOCK TABLES;

--
-- Table structure for table `SiteJobParentCategory`
--

DROP TABLE IF EXISTS `SiteJobParentCategory`;
/*!40101 SET @saved_cs_client     = @@character_set_client */;
/*!40101 SET character_set_client = utf8 */;
CREATE TABLE `SiteJobParentCategory` (
  `id` int(11) NOT NULL AUTO_INCREMENT,
  `job_parent_category_id` int(11) DEFAULT NULL,
  `sortVi` int(11) DEFAULT NULL,
  `sortEn` int(11) DEFAULT NULL,
  `sortJa` int(11) DEFAULT NULL,
  `sortKh` int(11) DEFAULT NULL,
  `sortTh` int(11) DEFAULT NULL,
  `sortId` int(11) DEFAULT NULL,
  `sortTl` int(11) DEFAULT NULL,
  `sortZh` int(11) DEFAULT NULL,
  `siteId` int(11) NOT NULL,
  PRIMARY KEY (`id`),
  UNIQUE KEY `UNIQ_17AC4B2E6973A4FDB4B98FC1` (`siteId`,`job_parent_category_id`),
  KEY `IDX_17AC4B2EB4B98FC1` (`job_parent_category_id`),
  CONSTRAINT `FK_17AC4B2EB4B98FC1` FOREIGN KEY (`job_parent_category_id`) REFERENCES `JobParentCategory` (`id`)
) ENGINE=InnoDB AUTO_INCREMENT=14 DEFAULT CHARSET=utf8 COLLATE=utf8_unicode_ci;
/*!40101 SET character_set_client = @saved_cs_client */;

--
-- Dumping data for table `SiteJobParentCategory`
--

LOCK TABLES `SiteJobParentCategory` WRITE;
/*!40000 ALTER TABLE `SiteJobParentCategory` DISABLE KEYS */;
INSERT INTO `SiteJobParentCategory` VALUES (1,1,1,1,1,1,1,NULL,NULL,NULL,1),(2,2,2,2,2,2,2,NULL,NULL,NULL,1),(3,3,3,3,3,3,3,NULL,NULL,NULL,1),(4,4,4,4,4,4,4,NULL,NULL,NULL,1),(5,5,5,5,5,5,5,NULL,NULL,NULL,1),(6,6,6,6,6,6,6,NULL,NULL,NULL,1),(7,7,7,7,7,7,7,NULL,NULL,NULL,1),(8,8,8,8,8,8,8,NULL,NULL,NULL,1),(9,9,9,9,9,9,9,NULL,NULL,NULL,1),(10,10,10,10,10,10,10,NULL,NULL,NULL,1),(11,11,11,11,11,11,11,NULL,NULL,NULL,1),(12,12,12,12,12,12,12,NULL,NULL,NULL,1),(13,13,13,13,13,13,13,NULL,NULL,NULL,1);
/*!40000 ALTER TABLE `SiteJobParentCategory` ENABLE KEYS */;
UNLOCK TABLES;

--
-- Table structure for table `SiteJobTag`
--

DROP TABLE IF EXISTS `SiteJobTag`;
/*!40101 SET @saved_cs_client     = @@character_set_client */;
/*!40101 SET character_set_client = utf8 */;
CREATE TABLE `SiteJobTag` (
  `id` int(11) NOT NULL AUTO_INCREMENT,
  `job_tag_id` int(11) DEFAULT NULL,
  `sortVi` int(11) DEFAULT NULL,
  `sortEn` int(11) DEFAULT NULL,
  `sortJa` int(11) DEFAULT NULL,
  `sortKh` int(11) DEFAULT NULL,
  `sortTh` int(11) DEFAULT NULL,
  `sortId` int(11) DEFAULT NULL,
  `sortTl` int(11) DEFAULT NULL,
  `sortZh` int(11) DEFAULT NULL,
  `siteId` int(11) NOT NULL,
  PRIMARY KEY (`id`),
  UNIQUE KEY `UNIQ_50F640856973A4FDEAD64E90` (`siteId`,`job_tag_id`),
  KEY `IDX_50F64085EAD64E90` (`job_tag_id`),
  CONSTRAINT `FK_50F64085EAD64E90` FOREIGN KEY (`job_tag_id`) REFERENCES `JobTag` (`id`)
) ENGINE=InnoDB AUTO_INCREMENT=12 DEFAULT CHARSET=utf8 COLLATE=utf8_unicode_ci;
/*!40101 SET character_set_client = @saved_cs_client */;

--
-- Dumping data for table `SiteJobTag`
--

LOCK TABLES `SiteJobTag` WRITE;
/*!40000 ALTER TABLE `SiteJobTag` DISABLE KEYS */;
INSERT INTO `SiteJobTag` VALUES (1,1,1,1,1,1,1,NULL,NULL,NULL,1),(2,2,2,2,2,2,2,NULL,NULL,NULL,1),(3,3,3,3,3,3,3,NULL,NULL,NULL,1),(4,4,4,4,4,4,4,NULL,NULL,NULL,1),(5,5,5,5,5,5,5,NULL,NULL,NULL,1),(6,6,6,6,6,6,6,NULL,NULL,NULL,1),(7,7,1,1,1,1,1,NULL,NULL,NULL,1),(8,8,1,1,1,1,1,NULL,NULL,NULL,1),(9,9,1,1,1,1,1,NULL,NULL,NULL,1),(10,10,2,2,2,2,2,NULL,NULL,NULL,1),(11,11,3,3,3,3,3,NULL,NULL,NULL,1);
/*!40000 ALTER TABLE `SiteJobTag` ENABLE KEYS */;
UNLOCK TABLES;

--
-- Table structure for table `SiteJobTagCategory`
--

DROP TABLE IF EXISTS `SiteJobTagCategory`;
/*!40101 SET @saved_cs_client     = @@character_set_client */;
/*!40101 SET character_set_client = utf8 */;
CREATE TABLE `SiteJobTagCategory` (
  `id` int(11) NOT NULL AUTO_INCREMENT,
  `job_tag_category_id` int(11) DEFAULT NULL,
  `sortVi` int(11) DEFAULT NULL,
  `sortEn` int(11) DEFAULT NULL,
  `sortJa` int(11) DEFAULT NULL,
  `sortKh` int(11) DEFAULT NULL,
  `sortTh` int(11) DEFAULT NULL,
  `sortId` int(11) DEFAULT NULL,
  `sortTl` int(11) DEFAULT NULL,
  `sortZh` int(11) DEFAULT NULL,
  `siteId` int(11) NOT NULL,
  PRIMARY KEY (`id`),
  UNIQUE KEY `UNIQ_5B32B09F6973A4FDE513A86D` (`siteId`,`job_tag_category_id`),
  KEY `IDX_5B32B09FE513A86D` (`job_tag_category_id`),
  CONSTRAINT `FK_5B32B09FE513A86D` FOREIGN KEY (`job_tag_category_id`) REFERENCES `JobTagCategory` (`id`)
) ENGINE=InnoDB AUTO_INCREMENT=5 DEFAULT CHARSET=utf8 COLLATE=utf8_unicode_ci;
/*!40101 SET character_set_client = @saved_cs_client */;

--
-- Dumping data for table `SiteJobTagCategory`
--

LOCK TABLES `SiteJobTagCategory` WRITE;
/*!40000 ALTER TABLE `SiteJobTagCategory` DISABLE KEYS */;
INSERT INTO `SiteJobTagCategory` VALUES (1,1,1,1,1,1,1,NULL,NULL,NULL,1),(2,2,2,2,2,2,2,NULL,NULL,NULL,1),(3,3,3,3,3,3,3,NULL,NULL,NULL,1),(4,4,4,4,4,4,4,NULL,NULL,NULL,1);
/*!40000 ALTER TABLE `SiteJobTagCategory` ENABLE KEYS */;
UNLOCK TABLES;

--
-- Table structure for table `SiteMoney`
--

DROP TABLE IF EXISTS `SiteMoney`;
/*!40101 SET @saved_cs_client     = @@character_set_client */;
/*!40101 SET character_set_client = utf8 */;
CREATE TABLE `SiteMoney` (
  `id` int(11) NOT NULL AUTO_INCREMENT,
  `money_id` int(11) DEFAULT NULL,
  `sortVi` int(11) DEFAULT NULL,
  `sortEn` int(11) DEFAULT NULL,
  `sortJa` int(11) DEFAULT NULL,
  `sortKh` int(11) DEFAULT NULL,
  `sortTh` int(11) DEFAULT NULL,
  `sortId` int(11) DEFAULT NULL,
  `sortTl` int(11) DEFAULT NULL,
  `sortZh` int(11) DEFAULT NULL,
  `siteId` int(11) NOT NULL,
  PRIMARY KEY (`id`),
  UNIQUE KEY `UNIQ_925073A16973A4FDBF29332C` (`siteId`,`money_id`),
  KEY `IDX_925073A1BF29332C` (`money_id`),
  CONSTRAINT `FK_925073A1BF29332C` FOREIGN KEY (`money_id`) REFERENCES `Money` (`id`)
) ENGINE=InnoDB AUTO_INCREMENT=3 DEFAULT CHARSET=utf8 COLLATE=utf8_unicode_ci;
/*!40101 SET character_set_client = @saved_cs_client */;

--
-- Dumping data for table `SiteMoney`
--

LOCK TABLES `SiteMoney` WRITE;
/*!40000 ALTER TABLE `SiteMoney` DISABLE KEYS */;
INSERT INTO `SiteMoney` VALUES (1,2,1,1,1,NULL,NULL,NULL,NULL,NULL,1),(2,3,2,2,2,NULL,NULL,NULL,NULL,NULL,1);
/*!40000 ALTER TABLE `SiteMoney` ENABLE KEYS */;
UNLOCK TABLES;

--
-- Table structure for table `SiteProvince`
--

DROP TABLE IF EXISTS `SiteProvince`;
/*!40101 SET @saved_cs_client     = @@character_set_client */;
/*!40101 SET character_set_client = utf8 */;
CREATE TABLE `SiteProvince` (
  `id` int(11) NOT NULL AUTO_INCREMENT,
  `province_id` int(11) DEFAULT NULL,
  `sortVi` int(11) DEFAULT NULL,
  `sortEn` int(11) DEFAULT NULL,
  `sortJa` int(11) DEFAULT NULL,
  `sortKh` int(11) DEFAULT NULL,
  `sortTh` int(11) DEFAULT NULL,
  `sortId` int(11) DEFAULT NULL,
  `sortTl` int(11) DEFAULT NULL,
  `sortZh` int(11) DEFAULT NULL,
  `siteId` int(11) NOT NULL,
  PRIMARY KEY (`id`),
  UNIQUE KEY `UNIQ_24716E136973A4FDE946114A` (`siteId`,`province_id`),
  KEY `IDX_24716E13E946114A` (`province_id`),
  CONSTRAINT `FK_24716E13E946114A` FOREIGN KEY (`province_id`) REFERENCES `Province` (`id`)
) ENGINE=InnoDB AUTO_INCREMENT=65 DEFAULT CHARSET=utf8 COLLATE=utf8_unicode_ci;
/*!40101 SET character_set_client = @saved_cs_client */;

--
-- Dumping data for table `SiteProvince`
--

LOCK TABLES `SiteProvince` WRITE;
/*!40000 ALTER TABLE `SiteProvince` DISABLE KEYS */;
INSERT INTO `SiteProvince` VALUES (1,5,1,1,1,NULL,NULL,NULL,NULL,NULL,1),(2,6,2,2,2,NULL,NULL,NULL,NULL,NULL,1),(3,7,3,3,3,NULL,NULL,NULL,NULL,NULL,1),(4,8,4,4,4,NULL,NULL,NULL,NULL,NULL,1),(5,9,5,5,5,NULL,NULL,NULL,NULL,NULL,1),(6,10,6,6,6,NULL,NULL,NULL,NULL,NULL,1),(7,11,7,7,7,NULL,NULL,NULL,NULL,NULL,1),(8,12,8,8,8,NULL,NULL,NULL,NULL,NULL,1),(9,13,9,9,9,NULL,NULL,NULL,NULL,NULL,1),(10,14,10,10,10,NULL,NULL,NULL,NULL,NULL,1),(11,15,11,11,11,NULL,NULL,NULL,NULL,NULL,1),(12,16,12,12,12,NULL,NULL,NULL,NULL,NULL,1),(13,17,13,13,13,NULL,NULL,NULL,NULL,NULL,1),(14,18,14,14,14,NULL,NULL,NULL,NULL,NULL,1),(15,19,15,15,15,NULL,NULL,NULL,NULL,NULL,1),(16,20,16,16,16,NULL,NULL,NULL,NULL,NULL,1),(17,21,17,17,17,NULL,NULL,NULL,NULL,NULL,1),(18,22,18,18,18,NULL,NULL,NULL,NULL,NULL,1),(19,23,19,19,19,NULL,NULL,NULL,NULL,NULL,1),(20,24,20,20,20,NULL,NULL,NULL,NULL,NULL,1),(21,25,21,21,21,NULL,NULL,NULL,NULL,NULL,1),(22,26,22,22,22,NULL,NULL,NULL,NULL,NULL,1),(23,27,23,23,23,NULL,NULL,NULL,NULL,NULL,1),(24,28,24,24,24,NULL,NULL,NULL,NULL,NULL,1),(25,29,25,25,25,NULL,NULL,NULL,NULL,NULL,1),(26,30,26,26,26,NULL,NULL,NULL,NULL,NULL,1),(27,31,27,27,27,NULL,NULL,NULL,NULL,NULL,1),(28,32,28,28,28,NULL,NULL,NULL,NULL,NULL,1),(29,33,29,29,29,NULL,NULL,NULL,NULL,NULL,1),(30,34,30,30,30,NULL,NULL,NULL,NULL,NULL,1),(31,35,31,31,31,NULL,NULL,NULL,NULL,NULL,1),(32,36,32,32,32,NULL,NULL,NULL,NULL,NULL,1),(33,37,33,33,33,NULL,NULL,NULL,NULL,NULL,1),(34,38,34,34,34,NULL,NULL,NULL,NULL,NULL,1),(35,39,35,35,35,NULL,NULL,NULL,NULL,NULL,1),(36,40,36,36,36,NULL,NULL,NULL,NULL,NULL,1),(37,41,37,37,37,NULL,NULL,NULL,NULL,NULL,1),(38,42,38,38,38,NULL,NULL,NULL,NULL,NULL,1),(39,43,39,39,39,NULL,NULL,NULL,NULL,NULL,1),(40,44,40,40,40,NULL,NULL,NULL,NULL,NULL,1),(41,45,41,41,41,NULL,NULL,NULL,NULL,NULL,1),(42,46,42,42,42,NULL,NULL,NULL,NULL,NULL,1),(43,47,43,43,43,NULL,NULL,NULL,NULL,NULL,1),(44,48,44,44,44,NULL,NULL,NULL,NULL,NULL,1),(45,49,45,45,45,NULL,NULL,NULL,NULL,NULL,1),(46,50,46,46,46,NULL,NULL,NULL,NULL,NULL,1),(47,51,47,47,47,NULL,NULL,NULL,NULL,NULL,1),(48,52,48,48,48,NULL,NULL,NULL,NULL,NULL,1),(49,53,49,49,49,NULL,NULL,NULL,NULL,NULL,1),(50,54,50,50,50,NULL,NULL,NULL,NULL,NULL,1),(51,55,51,51,51,NULL,NULL,NULL,NULL,NULL,1),(52,56,52,52,52,NULL,NULL,NULL,NULL,NULL,1),(53,57,53,53,53,NULL,NULL,NULL,NULL,NULL,1),(54,58,54,54,54,NULL,NULL,NULL,NULL,NULL,1),(55,59,55,55,55,NULL,NULL,NULL,NULL,NULL,1),(56,60,56,56,56,NULL,NULL,NULL,NULL,NULL,1),(57,61,57,57,57,NULL,NULL,NULL,NULL,NULL,1),(58,62,58,58,58,NULL,NULL,NULL,NULL,NULL,1),(59,63,59,59,59,NULL,NULL,NULL,NULL,NULL,1),(60,64,60,60,60,NULL,NULL,NULL,NULL,NULL,1),(61,65,61,61,61,NULL,NULL,NULL,NULL,NULL,1),(62,66,62,62,62,NULL,NULL,NULL,NULL,NULL,1),(63,67,63,63,63,NULL,NULL,NULL,NULL,NULL,1),(64,68,64,64,64,NULL,NULL,NULL,NULL,NULL,1);
/*!40000 ALTER TABLE `SiteProvince` ENABLE KEYS */;
UNLOCK TABLES;

--
-- Table structure for table `SiteResume`
--

DROP TABLE IF EXISTS `SiteResume`;
/*!40101 SET @saved_cs_client     = @@character_set_client */;
/*!40101 SET character_set_client = utf8 */;
CREATE TABLE `SiteResume` (
  `id` int(11) NOT NULL AUTO_INCREMENT,
  `resume_id` int(11) DEFAULT NULL,
  `enabled_site_id` int(11) NOT NULL,
  PRIMARY KEY (`id`),
  UNIQUE KEY `UNIQ_6652EADFD262AF097D78E05B` (`resume_id`,`enabled_site_id`),
  KEY `IDX_6652EADFD262AF09` (`resume_id`),
  CONSTRAINT `FK_6652EADFD262AF09` FOREIGN KEY (`resume_id`) REFERENCES `Resume` (`id`)
) ENGINE=InnoDB AUTO_INCREMENT=108 DEFAULT CHARSET=utf8 COLLATE=utf8_unicode_ci;
/*!40101 SET character_set_client = @saved_cs_client */;

--
-- Dumping data for table `SiteResume`
--

LOCK TABLES `SiteResume` WRITE;
/*!40000 ALTER TABLE `SiteResume` DISABLE KEYS */;
INSERT INTO `SiteResume` VALUES (1,1,1),(2,2,1),(3,3,1),(4,4,1),(5,5,1),(6,6,1),(7,7,1),(8,8,1),(9,9,1),(10,10,1),(11,11,1),(12,12,1),(13,13,1),(14,14,1),(15,15,1),(16,16,1),(17,17,1),(18,18,1),(19,19,1),(20,20,1),(21,21,1),(22,22,1),(23,23,1),(24,24,1),(25,25,1),(26,26,1),(27,27,1),(28,28,1),(29,29,1),(30,30,1),(31,31,1),(32,32,1),(33,33,1),(34,34,1),(35,35,1),(36,36,1),(37,37,1),(38,38,1),(39,39,1),(40,40,1),(41,41,1),(42,42,1),(43,43,1),(44,44,1),(45,45,1),(46,46,1),(47,47,1),(48,48,1),(49,49,1),(50,50,1),(51,51,1),(52,52,1),(53,53,1),(54,54,1),(55,55,1),(56,56,1),(57,57,1),(58,58,1),(59,59,1),(60,60,1),(61,61,1),(62,62,1),(63,63,1),(64,64,1),(65,65,1),(66,66,1),(67,67,1),(68,68,1),(69,69,1),(70,70,1),(71,71,1),(72,72,1),(73,73,1),(74,74,1),(75,75,1),(76,76,1),(77,77,1),(78,78,1),(79,79,1),(80,80,1),(81,81,1),(82,82,1),(83,83,1),(84,84,1),(85,85,1),(86,86,1),(87,87,1),(88,88,1),(89,89,1),(90,90,1),(91,91,1),(92,92,1),(93,93,1),(94,94,1),(95,95,1),(96,96,1),(97,97,1),(98,98,1),(99,99,1),(100,100,1),(101,101,1),(102,102,1),(103,103,1),(104,104,1),(105,105,1),(106,106,1),(107,107,1);
/*!40000 ALTER TABLE `SiteResume` ENABLE KEYS */;
UNLOCK TABLES;

--
-- Table structure for table `SiteSkill`
--

DROP TABLE IF EXISTS `SiteSkill`;
/*!40101 SET @saved_cs_client     = @@character_set_client */;
/*!40101 SET character_set_client = utf8 */;
CREATE TABLE `SiteSkill` (
  `id` int(11) NOT NULL AUTO_INCREMENT,
  `skill_id` int(11) DEFAULT NULL,
  `sortVi` int(11) DEFAULT NULL,
  `sortEn` int(11) DEFAULT NULL,
  `sortJa` int(11) DEFAULT NULL,
  `sortKh` int(11) DEFAULT NULL,
  `sortTh` int(11) DEFAULT NULL,
  `sortId` int(11) DEFAULT NULL,
  `sortTl` int(11) DEFAULT NULL,
  `sortZh` int(11) DEFAULT NULL,
  `siteId` int(11) NOT NULL,
  PRIMARY KEY (`id`),
  UNIQUE KEY `UNIQ_7BB284326973A4FD5585C142` (`siteId`,`skill_id`),
  KEY `IDX_7BB284325585C142` (`skill_id`),
  CONSTRAINT `FK_7BB284325585C142` FOREIGN KEY (`skill_id`) REFERENCES `Skill` (`id`)
) ENGINE=InnoDB AUTO_INCREMENT=17 DEFAULT CHARSET=utf8 COLLATE=utf8_unicode_ci;
/*!40101 SET character_set_client = @saved_cs_client */;

--
-- Dumping data for table `SiteSkill`
--

LOCK TABLES `SiteSkill` WRITE;
/*!40000 ALTER TABLE `SiteSkill` DISABLE KEYS */;
INSERT INTO `SiteSkill` VALUES (1,1,4,4,4,4,4,NULL,NULL,NULL,1),(2,2,7,7,7,7,7,NULL,NULL,NULL,1),(3,3,10,10,10,10,10,NULL,NULL,NULL,1),(4,4,13,13,13,13,13,NULL,NULL,NULL,1),(5,5,48,48,48,48,48,NULL,NULL,NULL,1),(6,6,51,51,51,51,51,NULL,NULL,NULL,1),(7,7,54,54,54,54,54,NULL,NULL,NULL,1),(8,8,57,57,57,57,57,NULL,NULL,NULL,1),(9,9,500,500,500,500,500,NULL,NULL,NULL,1),(10,10,503,503,503,503,503,NULL,NULL,NULL,1),(11,11,524,524,524,524,524,NULL,NULL,NULL,1),(12,12,539,539,539,539,539,NULL,NULL,NULL,1),(13,13,542,542,542,542,542,NULL,NULL,NULL,1),(14,14,563,563,563,563,563,NULL,NULL,NULL,1),(15,15,566,566,566,566,566,NULL,NULL,NULL,1),(16,16,568,568,568,568,568,NULL,NULL,NULL,1);
/*!40000 ALTER TABLE `SiteSkill` ENABLE KEYS */;
UNLOCK TABLES;

--
-- Table structure for table `SiteSkillGroup`
--

DROP TABLE IF EXISTS `SiteSkillGroup`;
/*!40101 SET @saved_cs_client     = @@character_set_client */;
/*!40101 SET character_set_client = utf8 */;
CREATE TABLE `SiteSkillGroup` (
  `id` int(11) NOT NULL AUTO_INCREMENT,
  `skill_group_id` int(11) DEFAULT NULL,
  `sortVi` int(11) DEFAULT NULL,
  `sortEn` int(11) DEFAULT NULL,
  `sortJa` int(11) DEFAULT NULL,
  `sortKh` int(11) DEFAULT NULL,
  `sortTh` int(11) DEFAULT NULL,
  `sortId` int(11) DEFAULT NULL,
  `sortTl` int(11) DEFAULT NULL,
  `sortZh` int(11) DEFAULT NULL,
  `siteId` int(11) NOT NULL,
  PRIMARY KEY (`id`),
  UNIQUE KEY `UNIQ_1FCA2B086973A4FDBCFCB4B5` (`siteId`,`skill_group_id`),
  KEY `IDX_1FCA2B08BCFCB4B5` (`skill_group_id`),
  CONSTRAINT `FK_1FCA2B08BCFCB4B5` FOREIGN KEY (`skill_group_id`) REFERENCES `SkillGroup` (`id`)
) ENGINE=InnoDB AUTO_INCREMENT=7 DEFAULT CHARSET=utf8 COLLATE=utf8_unicode_ci;
/*!40101 SET character_set_client = @saved_cs_client */;

--
-- Dumping data for table `SiteSkillGroup`
--

LOCK TABLES `SiteSkillGroup` WRITE;
/*!40000 ALTER TABLE `SiteSkillGroup` DISABLE KEYS */;
INSERT INTO `SiteSkillGroup` VALUES (1,1,1,1,1,1,1,NULL,NULL,NULL,1),(2,2,3,3,3,3,3,NULL,NULL,NULL,1),(3,3,4,4,4,4,4,NULL,NULL,NULL,1),(4,4,7,7,7,7,7,NULL,NULL,NULL,1),(5,5,10,10,10,10,10,NULL,NULL,NULL,1),(6,6,13,13,13,13,13,NULL,NULL,NULL,1);
/*!40000 ALTER TABLE `SiteSkillGroup` ENABLE KEYS */;
UNLOCK TABLES;

--
-- Table structure for table `Skill`
--

DROP TABLE IF EXISTS `Skill`;
/*!40101 SET @saved_cs_client     = @@character_set_client */;
/*!40101 SET character_set_client = utf8 */;
CREATE TABLE `Skill` (
  `id` int(11) NOT NULL AUTO_INCREMENT,
  `skill_group_id` int(11) DEFAULT NULL,
  `isActive` tinyint(1) NOT NULL,
  `isSpecial` tinyint(1) NOT NULL,
  `nameVi` varchar(255) COLLATE utf8_unicode_ci DEFAULT NULL,
  `nameEn` varchar(255) COLLATE utf8_unicode_ci DEFAULT NULL,
  `nameJa` varchar(255) COLLATE utf8_unicode_ci DEFAULT NULL,
  `nameKh` varchar(255) COLLATE utf8_unicode_ci DEFAULT NULL,
  `nameTh` varchar(255) COLLATE utf8_unicode_ci DEFAULT NULL,
  `nameId` varchar(255) COLLATE utf8_unicode_ci DEFAULT NULL,
  `nameTl` varchar(255) COLLATE utf8_unicode_ci DEFAULT NULL,
  `nameZh` varchar(255) COLLATE utf8_unicode_ci DEFAULT NULL,
  PRIMARY KEY (`id`),
  UNIQUE KEY `UNIQ_9FFCCB7378B1944F` (`nameVi`),
  UNIQUE KEY `UNIQ_9FFCCB73873A407E` (`nameEn`),
  UNIQUE KEY `UNIQ_9FFCCB73901D4120` (`nameJa`),
  UNIQUE KEY `UNIQ_9FFCCB73F0DAC8C5` (`nameKh`),
  UNIQUE KEY `UNIQ_9FFCCB733D80C65B` (`nameTh`),
  UNIQUE KEY `UNIQ_9FFCCB73CB5AE66C` (`nameId`),
  UNIQUE KEY `UNIQ_9FFCCB733AED0242` (`nameTl`),
  UNIQUE KEY `UNIQ_9FFCCB73A303EBD5` (`nameZh`),
  KEY `IDX_9FFCCB73BCFCB4B5` (`skill_group_id`),
  CONSTRAINT `FK_9FFCCB73BCFCB4B5` FOREIGN KEY (`skill_group_id`) REFERENCES `SkillGroup` (`id`)
) ENGINE=InnoDB AUTO_INCREMENT=17 DEFAULT CHARSET=utf8 COLLATE=utf8_unicode_ci;
/*!40101 SET character_set_client = @saved_cs_client */;

--
-- Dumping data for table `Skill`
--

LOCK TABLES `Skill` WRITE;
/*!40000 ALTER TABLE `Skill` DISABLE KEYS */;
INSERT INTO `Skill` VALUES (1,1,1,0,'Microsoft Word','Microsoft Word','Microsoft Word','Microsoft Word','Microsoft Word',NULL,NULL,NULL),(2,1,1,0,'Microsoft Excel','Microsoft Excel','Microsoft Excel','Microsoft Excel','Microsoft Excel',NULL,NULL,NULL),(3,1,1,0,'Microsoft Access','Microsoft Access','Microsoft Access','Microsoft Access','Microsoft Access',NULL,NULL,NULL),(4,1,1,0,'Microsoft PowerPoint','Microsoft PowerPoint','Microsoft PowerPoint','Microsoft PowerPoint','Microsoft PowerPoint',NULL,NULL,NULL),(5,2,1,0,'Adobe Director','Adobe Director','Adobe Director','Adobe Director','Adobe Director',NULL,NULL,NULL),(6,2,1,0,'Adobe DreamWeaver','Adobe DreamWeaver','Adobe DreamWeaver','Adobe DreamWeaver','Adobe DreamWeaver',NULL,NULL,NULL),(7,2,1,0,'Adobe Fireworks','Adobe Fireworks','Adobe Fireworks','Adobe Fireworks','Adobe Fireworks',NULL,NULL,NULL),(8,2,1,0,'Adobe Flash','Adobe Flash','Adobe Flash','Adobe Flash','Adobe Flash',NULL,NULL,NULL),(9,3,1,0,'Đối thoại','Dialogue','対話',NULL,NULL,NULL,NULL,NULL),(10,3,1,0,'E-mail','E-mail','電子メール',NULL,NULL,NULL,NULL,NULL),(11,4,1,0,'Dịch vụ khách hàng','Customer Service','顧客対応',NULL,NULL,NULL,NULL,NULL),(12,5,1,0,'Kỹ năng lãnh đạo','Leadership','リーダーシップ',NULL,NULL,NULL,NULL,NULL),(13,5,1,0,'Kỹ năng lập kế hoạch','Planning','計画管理',NULL,NULL,NULL,NULL,NULL),(14,5,1,0,'Time Management','Time Management','Time Management','Time Management','Time Management',NULL,NULL,NULL),(15,6,1,0,'Kỹ năng lái xe ôtô','Driving Skills','運転スキル',NULL,NULL,NULL,NULL,NULL),(16,6,1,0,'Teamwork','Teamwork','Teamwork','Teamwork','Teamwork',NULL,NULL,NULL);
/*!40000 ALTER TABLE `Skill` ENABLE KEYS */;
UNLOCK TABLES;

--
-- Table structure for table `SkillGroup`
--

DROP TABLE IF EXISTS `SkillGroup`;
/*!40101 SET @saved_cs_client     = @@character_set_client */;
/*!40101 SET character_set_client = utf8 */;
CREATE TABLE `SkillGroup` (
  `id` int(11) NOT NULL AUTO_INCREMENT,
  `isActive` tinyint(1) NOT NULL,
  `isSpecial` tinyint(1) NOT NULL,
  `nameVi` varchar(255) COLLATE utf8_unicode_ci DEFAULT NULL,
  `nameEn` varchar(255) COLLATE utf8_unicode_ci DEFAULT NULL,
  `nameJa` varchar(255) COLLATE utf8_unicode_ci DEFAULT NULL,
  `nameKh` varchar(255) COLLATE utf8_unicode_ci DEFAULT NULL,
  `nameTh` varchar(255) COLLATE utf8_unicode_ci DEFAULT NULL,
  `nameId` varchar(255) COLLATE utf8_unicode_ci DEFAULT NULL,
  `nameTl` varchar(255) COLLATE utf8_unicode_ci DEFAULT NULL,
  `nameZh` varchar(255) COLLATE utf8_unicode_ci DEFAULT NULL,
  PRIMARY KEY (`id`),
  UNIQUE KEY `UNIQ_F93884B878B1944F` (`nameVi`),
  UNIQUE KEY `UNIQ_F93884B8873A407E` (`nameEn`),
  UNIQUE KEY `UNIQ_F93884B8901D4120` (`nameJa`),
  UNIQUE KEY `UNIQ_F93884B8F0DAC8C5` (`nameKh`),
  UNIQUE KEY `UNIQ_F93884B83D80C65B` (`nameTh`),
  UNIQUE KEY `UNIQ_F93884B8CB5AE66C` (`nameId`),
  UNIQUE KEY `UNIQ_F93884B83AED0242` (`nameTl`),
  UNIQUE KEY `UNIQ_F93884B8A303EBD5` (`nameZh`)
) ENGINE=InnoDB AUTO_INCREMENT=7 DEFAULT CHARSET=utf8 COLLATE=utf8_unicode_ci;
/*!40101 SET character_set_client = @saved_cs_client */;

--
-- Dumping data for table `SkillGroup`
--

LOCK TABLES `SkillGroup` WRITE;
/*!40000 ALTER TABLE `SkillGroup` DISABLE KEYS */;
INSERT INTO `SkillGroup` VALUES (1,1,0,'Kỹ năng vi tính văn phòng','Office Computer skills','オフィスコンピュータスキル',NULL,NULL,NULL,NULL,NULL),(2,1,0,'Kỹ năng vi tính chuyên nghiệp','Professional Computer skills','プロフェッショナルコンピュータスキル',NULL,NULL,NULL,NULL,NULL),(3,1,0,'Kỹ năng giao tiếp','Communication Skills','コミュニケーションスキル',NULL,NULL,NULL,NULL,NULL),(4,1,0,'Kỹ năng bán hàng','Sales Skills','セールススキル',NULL,NULL,NULL,NULL,NULL),(5,1,0,'Kỹ năng quản lý','Management Skills','管理スキル',NULL,NULL,NULL,NULL,NULL),(6,1,0,'Kỹ năng khác','Other Skills','その他のスキル',NULL,NULL,NULL,NULL,NULL);
/*!40000 ALTER TABLE `SkillGroup` ENABLE KEYS */;
UNLOCK TABLES;

--
-- Table structure for table `StandAlonePage`
--

DROP TABLE IF EXISTS `StandAlonePage`;
/*!40101 SET @saved_cs_client     = @@character_set_client */;
/*!40101 SET character_set_client = utf8 */;
CREATE TABLE `StandAlonePage` (
  `id` int(11) NOT NULL AUTO_INCREMENT,
  `page_id` int(11) DEFAULT NULL,
  `urlPartVi` varchar(255) COLLATE utf8_unicode_ci DEFAULT NULL,
  `urlPartEn` varchar(255) COLLATE utf8_unicode_ci DEFAULT NULL,
  `urlPartJa` varchar(255) COLLATE utf8_unicode_ci DEFAULT NULL,
  `urlPartKh` varchar(255) COLLATE utf8_unicode_ci DEFAULT NULL,
  `urlPartTh` varchar(255) COLLATE utf8_unicode_ci DEFAULT NULL,
  `urlPartId` varchar(255) COLLATE utf8_unicode_ci DEFAULT NULL,
  `urlPartTl` varchar(255) COLLATE utf8_unicode_ci DEFAULT NULL,
  `urlPartZh` varchar(255) COLLATE utf8_unicode_ci DEFAULT NULL,
  `isActive` tinyint(1) NOT NULL,
  `postedAt` datetime DEFAULT NULL,
  `titleVi` varchar(255) COLLATE utf8_unicode_ci DEFAULT NULL,
  `titleEn` varchar(255) COLLATE utf8_unicode_ci DEFAULT NULL,
  `titleJa` varchar(255) COLLATE utf8_unicode_ci DEFAULT NULL,
  `titleKh` varchar(255) COLLATE utf8_unicode_ci DEFAULT NULL,
  `titleTh` varchar(255) COLLATE utf8_unicode_ci DEFAULT NULL,
  `titleId` varchar(255) COLLATE utf8_unicode_ci DEFAULT NULL,
  `titleTl` varchar(255) COLLATE utf8_unicode_ci DEFAULT NULL,
  `titleZh` varchar(255) COLLATE utf8_unicode_ci DEFAULT NULL,
  `h1Vi` varchar(255) COLLATE utf8_unicode_ci DEFAULT NULL,
  `h1En` varchar(255) COLLATE utf8_unicode_ci DEFAULT NULL,
  `h1Ja` varchar(255) COLLATE utf8_unicode_ci DEFAULT NULL,
  `h1Kh` varchar(255) COLLATE utf8_unicode_ci DEFAULT NULL,
  `h1Th` varchar(255) COLLATE utf8_unicode_ci DEFAULT NULL,
  `h1Id` varchar(255) COLLATE utf8_unicode_ci DEFAULT NULL,
  `h1Tl` varchar(255) COLLATE utf8_unicode_ci DEFAULT NULL,
  `h1Zh` varchar(255) COLLATE utf8_unicode_ci DEFAULT NULL,
  `siteId` int(11) NOT NULL,
  PRIMARY KEY (`id`),
  UNIQUE KEY `siteId_urlPartVi` (`siteId`,`urlPartVi`),
  UNIQUE KEY `siteId_urlPartEn` (`siteId`,`urlPartEn`),
  UNIQUE KEY `siteId_urlPartJa` (`siteId`,`urlPartJa`),
  UNIQUE KEY `siteId_urlPartKh` (`siteId`,`urlPartKh`),
  UNIQUE KEY `siteId_urlPartTh` (`siteId`,`urlPartTh`),
  UNIQUE KEY `siteId_urlPartId` (`siteId`,`urlPartId`),
  UNIQUE KEY `siteId_urlPartTl` (`siteId`,`urlPartTl`),
  UNIQUE KEY `siteId_urlPartZh` (`siteId`,`urlPartZh`),
  KEY `IDX_5CC67669C4663E4` (`page_id`),
  CONSTRAINT `FK_5CC67669C4663E4` FOREIGN KEY (`page_id`) REFERENCES `Page` (`id`)
) ENGINE=InnoDB AUTO_INCREMENT=6 DEFAULT CHARSET=utf8 COLLATE=utf8_unicode_ci;
/*!40101 SET character_set_client = @saved_cs_client */;

--
-- Dumping data for table `StandAlonePage`
--

LOCK TABLES `StandAlonePage` WRITE;
/*!40000 ALTER TABLE `StandAlonePage` DISABLE KEYS */;
INSERT INTO `StandAlonePage` VALUES (1,1,'quy-dinh-bao-mat','privacy-policy','プライバシーポリシー',NULL,NULL,NULL,NULL,NULL,1,'2020-05-06 09:51:48','Quy Định Bảo Mật','Privacy Policy','プライバシーポリシー',NULL,NULL,NULL,NULL,NULL,NULL,NULL,NULL,NULL,NULL,NULL,NULL,NULL,1),(2,2,'ve-careerlink','about-careerlink','careerlinkについて',NULL,NULL,NULL,NULL,NULL,1,'2020-05-06 09:51:48','Về CareerLink','About CareerLink','CareerLink.vnについて',NULL,NULL,NULL,NULL,NULL,NULL,NULL,NULL,NULL,NULL,NULL,NULL,NULL,1),(3,3,'lien-he','contact-us','お問い合わせ',NULL,NULL,NULL,NULL,NULL,1,'2020-05-06 09:51:48','Liên Hệ','Contact Us','お問い合わせ',NULL,NULL,NULL,NULL,NULL,NULL,NULL,NULL,NULL,NULL,NULL,NULL,NULL,1),(4,4,'so-do-trang-web','site-map','サイトマップ',NULL,NULL,NULL,NULL,NULL,1,'2020-05-06 09:51:48','Sơ Đồ Trang Web','Site Map','サイトマップ',NULL,NULL,NULL,NULL,NULL,NULL,NULL,NULL,NULL,NULL,NULL,NULL,NULL,1),(5,5,'thoa-thuan-su-dung','terms-and-conditions-of-use','利用規約',NULL,NULL,NULL,NULL,NULL,1,'2020-05-06 09:51:48','Thỏa Thuận Sử Dụng','Terms of Use','利用規約',NULL,NULL,NULL,NULL,NULL,NULL,NULL,NULL,NULL,NULL,NULL,NULL,NULL,1);
/*!40000 ALTER TABLE `StandAlonePage` ENABLE KEYS */;
UNLOCK TABLES;

--
-- Table structure for table `general_ids`
--

DROP TABLE IF EXISTS `general_ids`;
/*!40101 SET @saved_cs_client     = @@character_set_client */;
/*!40101 SET character_set_client = utf8 */;
CREATE TABLE `general_ids` (
  `resource_key` varchar(255) COLLATE utf8_unicode_ci NOT NULL,
  `last_id` int(11) NOT NULL,
  PRIMARY KEY (`resource_key`)
) ENGINE=InnoDB DEFAULT CHARSET=utf8 COLLATE=utf8_unicode_ci;
/*!40101 SET character_set_client = @saved_cs_client */;

--
-- Dumping data for table `general_ids`
--

LOCK TABLES `general_ids` WRITE;
/*!40000 ALTER TABLE `general_ids` DISABLE KEYS */;
INSERT INTO `general_ids` VALUES ('CompanyProfile/number',50),('Contacts::Admin/id',3),('Contacts::Employer/id',50),('Contacts::JobSeeker/id',100);
/*!40000 ALTER TABLE `general_ids` ENABLE KEYS */;
UNLOCK TABLES;

--
-- Table structure for table `job_work_locations`
--

DROP TABLE IF EXISTS `job_work_locations`;
/*!40101 SET @saved_cs_client     = @@character_set_client */;
/*!40101 SET character_set_client = utf8 */;
CREATE TABLE `job_work_locations` (
  `id` int(11) NOT NULL AUTO_INCREMENT,
  `job_id` int(11) NOT NULL,
  `province_id` int(11) NOT NULL,
  PRIMARY KEY (`id`),
  UNIQUE KEY `job_id_province_id` (`job_id`,`province_id`),
  KEY `IDX_E797B22ABE04EA9` (`job_id`),
  KEY `IDX_E797B22AE946114A` (`province_id`),
  CONSTRAINT `FK_E797B22ABE04EA9` FOREIGN KEY (`job_id`) REFERENCES `Job` (`id`),
  CONSTRAINT `FK_E797B22AE946114A` FOREIGN KEY (`province_id`) REFERENCES `Province` (`id`)
) ENGINE=InnoDB AUTO_INCREMENT=107 DEFAULT CHARSET=utf8 COLLATE=utf8_unicode_ci;
/*!40101 SET character_set_client = @saved_cs_client */;

--
-- Dumping data for table `job_work_locations`
--

LOCK TABLES `job_work_locations` WRITE;
/*!40000 ALTER TABLE `job_work_locations` DISABLE KEYS */;
INSERT INTO `job_work_locations` VALUES (1,1,19),(2,1,21),(3,2,67),(5,3,22),(4,3,52),(7,4,9),(8,4,22),(6,4,29),(11,5,16),(10,5,40),(9,5,56),(12,6,12),(13,6,15),(14,7,27),(15,7,47),(16,8,5),(17,8,48),(18,9,35),(20,10,33),(19,10,42),(21,10,49),(22,11,35),(23,12,19),(24,12,35),(25,12,37),(26,13,28),(28,14,43),(27,14,61),(29,15,26),(30,16,11),(31,16,19),(32,16,60),(33,17,59),(34,17,67),(35,18,51),(36,19,45),(39,20,34),(38,20,43),(37,20,45),(41,21,12),(40,21,23),(42,21,62),(44,22,41),(45,22,59),(43,22,64),(47,23,7),(46,23,36),(48,24,54),(49,25,11),(50,25,15),(52,26,5),(51,26,57),(53,27,23),(54,27,26),(55,27,52),(57,28,43),(56,28,49),(58,28,52),(59,29,13),(62,30,7),(60,30,15),(61,30,41),(63,31,60),(65,32,36),(64,32,58),(66,33,39),(67,34,21),(68,35,66),(69,36,11),(71,36,23),(70,36,29),(74,37,5),(72,37,47),(73,37,59),(75,38,7),(76,38,22),(78,39,36),(77,39,60),(79,40,11),(80,40,50),(81,40,67),(83,41,14),(82,41,57),(86,42,8),(85,42,30),(84,42,53),(87,43,36),(89,44,27),(90,44,35),(88,44,47),(91,45,7),(93,45,17),(92,45,52),(94,46,40),(95,46,68),(96,47,8),(97,48,24),(98,48,68),(99,49,36),(101,50,7),(100,50,25),(102,50,26),(103,51,6),(104,52,5),(105,52,6),(106,53,6);
/*!40000 ALTER TABLE `job_work_locations` ENABLE KEYS */;
UNLOCK TABLES;
/*!40103 SET TIME_ZONE=@OLD_TIME_ZONE */;

/*!40101 SET SQL_MODE=@OLD_SQL_MODE */;
/*!40014 SET FOREIGN_KEY_CHECKS=@OLD_FOREIGN_KEY_CHECKS */;
/*!40014 SET UNIQUE_CHECKS=@OLD_UNIQUE_CHECKS */;
/*!40101 SET CHARACTER_SET_CLIENT=@OLD_CHARACTER_SET_CLIENT */;
/*!40101 SET CHARACTER_SET_RESULTS=@OLD_CHARACTER_SET_RESULTS */;
/*!40101 SET COLLATION_CONNECTION=@OLD_COLLATION_CONNECTION */;
/*!40111 SET SQL_NOTES=@OLD_SQL_NOTES */;

-- Dump completed on 2020-08-25  6:42:31
